galaxy,tail_N,R_min_tail_kpc,R_max_tail_kpc,baseline_outer_mean_residual_kms,corrected_outer_mean_residual_kms,signed_shift_corrected_minus_baseline_kms,abs_baseline_outer_mean_residual_kms,abs_corrected_outer_mean_residual_kms,abs_change_kms,baseline_sign,corrected_sign,sign_flip,under_to_over_flip,over_to_under_flip,tail_baseline_chi2_mean,tail_corrected_chi2_mean,tail_chi2_mean_delta,tail_baseline_median_residual_kms,tail_corrected_median_residual_kms,tail_mean_velocity_boost_kms,tail_max_velocity_boost_kms,tail_mean_eta_wear_activated,tail_mean_phi,N_points,t50_gyr,g98_kms2_per_kpc,psi,wear_activation_W,beta_net,positive_decay_term_P,baseline_chi2nu,BTFR_safe_chi2nu_previous,wear_activated_chi2nu,delta_wear_activated_minus_baseline,delta_wear_activated_minus_previous_BTFR_eta,worsened_gt0p5_vs_baseline,improved_gt0p5_vs_baseline,baseline_cat_gt5,wear_activated_cat_gt5,new_cat_gt5,rescued_from_gt5,baseline_cat_gt10,wear_activated_cat_gt10,new_cat_gt10,rescued_from_gt10,baseline_median_abs_resid_kms,wear_activated_median_abs_resid_kms,baseline_mean_resid_kms,wear_activated_mean_resid_kms,eta_BTFR_safe_last,eta_wear_activated_last,eta_wear_activated_median,max_velocity_delta_wear_activated_kms,g98_quartile,tier,age_confidence,morphology_bin,rho,r_knee_kpc,vmax_obs_kms,g_outer,chimera_flag
CamB,3,1.22,1.79,12.895418547216629,15.696291915887572,2.800873368670945,12.895418547216629,15.696291915887572,2.800873368670945,over_predicted_positive,over_predicted_positive,False,False,False,0.4710782816781556,0.6690195756501565,0.1979412939720008,14.426733177315713,17.120448321431493,2.8008733686709437,3.360004033660505,1.2590312045896532,0.7723702199432606,9,4.1,319.01572225266364,0.0280354194974904,0.4250067626116199,2.655797669907367,3.0547399503088,0.6201343177932956,0.9893844776374592,0.7709780671189619,0.1508437493256662,-0.2184064105184973,False,False,False,False,False,False,False,False,False,False,16.55340146354035,17.841999426965533,14.751858218461686,16.669081425513365,1.8303685949835764,1.3529122683283292,1.1764904430290648,3.360004033660509,Q1_low_g98,T2,MEDIUM-LOW,DWARF,0.4729214736159535,0.73,20.1,150.86938547486034,False
CamB,5,0.9,1.79,15.510863960437836,17.898002014858072,2.387138054420236,15.510863960437836,17.898002014858072,2.387138054420236,over_predicted_positive,over_predicted_positive,False,False,False,0.6718970946570108,0.8645229198248456,0.1926258251678348,16.94097642774932,19.289877355985865,2.3871380544202303,3.360004033660505,1.2126720190151197,0.8204109150485058,9,4.1,319.01572225266364,0.0280354194974904,0.4250067626116199,2.655797669907367,3.0547399503088,0.6201343177932956,0.9893844776374592,0.7709780671189619,0.1508437493256662,-0.2184064105184973,False,False,False,False,False,False,False,False,False,False,16.55340146354035,17.841999426965533,14.751858218461686,16.669081425513365,1.8303685949835764,1.3529122683283292,1.1764904430290648,3.360004033660509,Q1_low_g98,T2,MEDIUM-LOW,DWARF,0.4729214736159535,0.73,20.1,150.86938547486034,False
D631-7,3,6.29,7.19,-22.04019411917174,-10.593872571597249,11.446321547574492,22.04019411917174,10.593872571597249,-11.446321547574492,under_predicted_negative,under_predicted_negative,False,False,False,1.2124195279835852,0.2824787234534016,-0.9299408045301836,-21.629234385733525,-9.96284347284822,11.446321547574492,11.666390912885303,1.9674257041491667,0.7724793617417784,16,3.6,509.2096629629629,0.0392925534073534,0.5395743614260138,2.621602881985191,3.0205451623866235,0.6199875939071857,0.3142081700158127,0.3499971167851446,-0.269990477122041,0.0357889467693319,False,False,False,False,False,False,False,False,False,False,15.23215340000306,9.894427738755038,-3.300803914052093,2.4157233759979624,2.9808479893461466,2.0688147889334507,1.379377482553897,11.666390912885303,Q1_low_g98,T1,MEDIUM,DWARF,0.1076219324600132,1.35,58.5,54.80212795549373,False
D631-7,5,5.39,7.19,-20.663822018098703,-9.955116490656916,10.70870552744179,20.663822018098703,9.955116490656916,-10.70870552744179,under_predicted_negative,under_predicted_negative,False,False,False,1.0793124674902852,0.2520777473751445,-0.8272347201151407,-20.80060238075623,-9.826012004661855,10.70870552744179,11.666390912885303,1.8700456623363932,0.7670324885995544,16,3.6,509.2096629629629,0.0392925534073534,0.5395743614260138,2.621602881985191,3.0205451623866235,0.6199875939071857,0.3142081700158127,0.3499971167851446,-0.269990477122041,0.0357889467693319,False,False,False,False,False,False,False,False,False,False,15.23215340000306,9.894427738755038,-3.300803914052093,2.4157233759979624,2.9808479893461466,2.0688147889334507,1.379377482553897,11.666390912885303,Q1_low_g98,T1,MEDIUM,DWARF,0.1076219324600132,1.35,58.5,54.80212795549373,False
DDO 154,3,4.94,5.92,-16.50459160088298,-6.8922029614061175,9.612388639476862,16.50459160088298,6.8922029614061175,-9.612388639476862,under_predicted_negative,under_predicted_negative,False,False,False,0.7041823440072578,0.1230592018466576,-0.5811231421606001,-16.564261344843956,-6.675867924062651,9.612388639476864,9.93508321718371,1.950886404920238,0.7672747289945936,12,5.0,322.8987283446712,0.0346056852943661,0.4949454560755345,2.6357930064356423,3.034735286837075,0.435181305256028,0.0567280985716195,0.1499118216789605,-0.2852694835770675,0.0931837231073409,False,False,False,False,False,False,False,False,False,False,13.558876584933344,7.088184917066887,-10.068712508805474,-4.760345741663421,3.141592653589793,2.0599715526590145,1.5431736911586444,9.93508321718371,Q1_low_g98,T2,MEDIUM-LOW,DWARF,0.1484636265426744,0.49,48.2,47.93871621621622,False
DDO 154,5,3.95,5.92,-16.715003694458638,-8.478108081533813,8.236895612924824,16.715003694458638,8.478108081533813,-8.236895612924824,under_predicted_negative,under_predicted_negative,False,False,False,0.7232221840679721,0.1981389498169243,-0.5250832342510479,-16.590571418389207,-7.335965203723198,8.236895612924824,9.93508321718371,1.8411524953761775,0.6748701647787435,12,5.0,322.8987283446712,0.0346056852943661,0.4949454560755345,2.6357930064356423,3.034735286837075,0.435181305256028,0.0567280985716195,0.1499118216789605,-0.2852694835770675,0.0931837231073409,False,False,False,False,False,False,False,False,False,False,13.558876584933344,7.088184917066887,-10.068712508805474,-4.760345741663421,3.141592653589793,2.0599715526590145,1.5431736911586444,9.93508321718371,Q1_low_g98,T2,MEDIUM-LOW,DWARF,0.1484636265426744,0.49,48.2,47.93871621621622,False
DDO 161,3,12.41,13.37,-7.43421637958981,12.294674958467027,19.72889133805684,7.43421637958981,12.294674958467027,4.860458578877217,under_predicted_negative,over_predicted_positive,True,True,False,0.152448947845295,0.4000359226809788,0.2475869748356838,-6.950004507286316,12.99153830899111,19.72889133805684,19.941542816277423,1.9579634497523468,0.9406919032500912,31,5.0,478.9560010286744,0.0513306470001151,0.6369542280303826,2.585459263232304,2.9844015436337368,0.2771741891618467,0.6204181614842197,0.387509658405896,0.1103354692440493,-0.2329085030783236,False,False,False,False,False,False,False,False,False,False,9.460454727640888,12.582836237391277,1.2579315760634586,8.445302645323139,2.6159844047956424,2.0293080990657457,1.377531058494816,19.941542816277423,Q1_low_g98,T2,MEDIUM-LOW,DWARF,0.1496155218909219,2.02,67.5,71.65925205684367,False
DDO 161,5,11.46,13.37,-5.500860604988266,13.658216756651589,19.159077361639856,5.500860604988266,13.658216756651589,8.157356151663322,under_predicted_negative,over_predicted_positive,True,True,False,0.0989722726165416,0.4950206281200072,0.3960483555034655,-5.33472222699875,14.204739966137597,19.159077361639856,19.941542816277423,1.8900543368740976,0.9580510140461184,31,5.0,478.9560010286744,0.0513306470001151,0.6369542280303826,2.585459263232304,2.9844015436337368,0.2771741891618467,0.6204181614842197,0.387509658405896,0.1103354692440493,-0.2329085030783236,False,False,False,False,False,False,False,False,False,False,9.460454727640888,12.582836237391277,1.2579315760634586,8.445302645323139,2.6159844047956424,2.0293080990657457,1.377531058494816,19.941542816277423,Q1_low_g98,T2,MEDIUM-LOW,DWARF,0.1496155218909219,2.02,67.5,71.65925205684367,False
DDO 168,3,3.3,4.12,-12.251699637684023,-6.68422353764083,5.567476100043195,12.251699637684023,6.68422353764083,-5.567476100043195,under_predicted_negative,under_predicted_negative,False,False,False,0.3834534895860866,0.1141630632956424,-0.2692904262904442,-12.53147584254733,-6.724805396785783,5.567476100043197,5.806670445761547,1.462693956592571,0.4742080689742945,10,7.7,578.8923516129032,0.0955431711625874,0.8483145947452082,2.4563856967934217,2.8553279771948543,0.2991759725875575,0.2482953565030023,0.2484840617977065,-0.050691910789851,0.0001887052947041,False,False,False,False,False,False,False,False,False,False,10.78623966839704,8.108301369765394,0.8674417046779211,4.2868086612528655,1.6403483850061087,1.5432168807222055,1.2106993669596833,5.806670445761547,Q1_low_g98,T2,MEDIUM,DWARF,0.3291708549266754,0.82,55.0,190.5544902912621,False
DDO 168,5,2.47,4.12,-9.165084018238035,-3.927791056915042,5.237292961322993,9.165084018238035,3.927791056915042,-5.237292961322993,under_predicted_negative,under_predicted_negative,False,False,False,0.2561146782279725,0.0725746561988977,-0.1835400220290747,-11.499385225523156,-6.282315383442281,5.237292961322995,5.806670445761547,1.3890201864840075,0.5858600298201238,10,7.7,578.8923516129032,0.0955431711625874,0.8483145947452082,2.4563856967934217,2.8553279771948543,0.2991759725875575,0.2482953565030023,0.2484840617977065,-0.050691910789851,0.0001887052947041,False,False,False,False,False,False,False,False,False,False,10.78623966839704,8.108301369765394,0.8674417046779211,4.2868086612528655,1.6403483850061087,1.5432168807222055,1.2106993669596833,5.806670445761547,Q1_low_g98,T2,MEDIUM,DWARF,0.3291708549266754,0.82,55.0,190.5544902912621,False
DDO 64,3,2.27,2.98,0.4894988358808281,3.999198097926206,3.5096992620453777,0.4894988358808281,3.999198097926206,3.5096992620453777,over_predicted_positive,over_predicted_positive,False,False,False,0.018662273398546,0.0687895387066297,0.0501272653080836,0.1542763388946113,3.0153701994234723,3.5096992620453733,5.059390854643489,1.202650634714636,0.722958153243655,14,6.2,377.590889260385,0.0501792668027261,0.6286086887626313,2.588897423005416,2.9878397034068485,0.0224994347364817,0.0728103799382408,0.045667161107963,0.0231677263714812,-0.0271432188302777,False,False,False,False,False,False,False,False,False,False,2.8965868301791176,3.143381948065138,0.2216560868476891,2.7341130001968224,1.4110183564843588,1.2583697101270046,1.2157452857295787,5.059390854643489,Q1_low_g98,T2,MEDIUM,DWARF,0.7000341310781355,1.88,46.9,264.32651006711416,False
DDO 64,5,1.88,2.98,1.1522828830400342,4.2787518913141485,3.126469008274114,1.1522828830400342,4.2787518913141485,3.126469008274114,over_predicted_positive,over_predicted_positive,False,False,False,0.0163719723082469,0.0639587875800751,0.0475868152718282,1.3326203879125842,3.683388104658064,3.126469008274112,5.059390854643489,1.1758363241650207,0.7763658156041375,14,6.2,377.590889260385,0.0501792668027261,0.6286086887626313,2.588897423005416,2.9878397034068485,0.0224994347364817,0.0728103799382408,0.045667161107963,0.0231677263714812,-0.0271432188302777,False,False,False,False,False,False,False,False,False,False,2.8965868301791176,3.143381948065138,0.2216560868476891,2.7341130001968224,1.4110183564843588,1.2583697101270046,1.2157452857295787,5.059390854643489,Q1_low_g98,T2,MEDIUM,DWARF,0.7000341310781355,1.88,46.9,264.32651006711416,False
ESO 079-G014,3,13.36,16.67,7.2891333048073745,7.289133304807365,-9.769962616701378e-15,7.2891333048073745,7.289133304807365,-9.769962616701378e-15,over_predicted_positive,over_predicted_positive,False,False,False,0.2981267914309137,0.2981267914309138,1.1102230246251563e-16,7.294955202606758,7.294955202606758,-9.473903143468002e-15,0.0,1.0,0.4845164382567016,15,7.2,2292.5264719101124,0.3538001156975353,0.999073164403322,1.8065037507674453,2.2054460311688784,1.484644368173716,1.4846443681737158,1.484644368173716,0.0,2.220446049250313e-16,False,False,False,False,False,False,False,False,False,False,22.250865124647675,22.250865124647675,21.937091321213,21.937091321213,1.0,1.0,1.0,5.684341886080804e-14,Q2,T2,MEDIUM,SPIRAL,0.4467329660608583,5.281663128746266,178.0,1024.1471505698862,False
ESO 079-G014,5,10.04,16.67,18.55984049934856,18.559840499348557,-7.105427357601002e-15,18.55984049934856,18.559840499348557,-7.105427357601002e-15,over_predicted_positive,over_predicted_positive,False,False,False,1.4633313251350968,1.463331325135097,2.220446049250313e-16,17.035761433079614,17.035761433079614,5.684341886080802e-15,5.684341886080803e-14,1.0,0.5733588224933504,15,7.2,2292.5264719101124,0.3538001156975353,0.999073164403322,1.8065037507674453,2.2054460311688784,1.484644368173716,1.4846443681737158,1.484644368173716,0.0,2.220446049250313e-16,False,False,False,False,False,False,False,False,False,False,22.250865124647675,22.250865124647675,21.937091321213,21.937091321213,1.0,1.0,1.0,5.684341886080804e-14,Q2,T2,MEDIUM,SPIRAL,0.4467329660608583,5.281663128746266,178.0,1024.1471505698862,False
F563-1,3,17.93,20.1,-47.75117952048117,-34.427086108947265,13.324093411533909,47.75117952048117,34.427086108947265,-13.324093411533909,under_predicted_negative,under_predicted_negative,False,False,False,4.049787395101951,2.136594714553229,-1.9131926805487212,-47.31242829690012,-35.37841008456485,13.3240934115339,14.375296432151828,1.742256067727347,0.4855495165017272,17,5.6,337.5563497134606,0.0405177596432327,0.550576000753579,2.6179043574068324,3.016846637808265,1.8600235502507885,0.4872995895430368,0.920693360446615,-0.9393301898041736,0.4333937709035781,False,True,False,False,False,False,False,False,False,False,27.46876912567086,16.751418804016254,-27.595174542076872,-18.08346343481005,2.3898811269119458,1.7652351923780567,1.4409567227049929,14.828316119110552,Q1_low_g98,T2,MEDIUM,SPIRAL,0.2558630111762406,1.78,112.5,86.368184079602,False
F563-1,5,14.56,20.1,-47.019579564550895,-33.42957722826078,13.590002336290112,47.019579564550895,33.42957722826078,-13.590002336290112,under_predicted_negative,under_predicted_negative,False,False,False,4.163159963118932,2.130065804334861,-2.03309415878407,-47.31242829690012,-35.37841008456485,13.590002336290109,14.828316119110552,1.7032547157129485,0.5580072788835986,17,5.6,337.5563497134606,0.0405177596432327,0.550576000753579,2.6179043574068324,3.016846637808265,1.8600235502507885,0.4872995895430368,0.920693360446615,-0.9393301898041736,0.4333937709035781,False,True,False,False,False,False,False,False,False,False,27.46876912567086,16.751418804016254,-27.595174542076872,-18.08346343481005,2.3898811269119458,1.7652351923780567,1.4409567227049929,14.828316119110552,Q1_low_g98,T2,MEDIUM,SPIRAL,0.2558630111762406,1.78,112.5,86.368184079602,False
F563-V2,3,8.7,10.47,-26.660989774354345,-18.753992634260545,7.9069971400938,26.660989774354345,18.753992634260545,-7.9069971400938,under_predicted_negative,under_predicted_negative,False,False,False,0.5690928391625009,0.3256100234054299,-0.2434828157570709,-27.31666191351897,-18.683548840820578,7.906997140093783,9.688518490203831,1.246362564371302,0.6846974189961044,10,6.0,632.9929935651271,0.0814069096195559,0.7994933743048674,2.49703600462164,2.8959782850230726,0.6942709378611145,0.502363369178803,0.5342810286011488,-0.1599899092599657,0.0319176594223458,False,False,False,False,False,False,False,False,False,False,25.11198711342142,18.397593740481835,-19.058929496011057,-15.289164308214827,1.3619369770045973,1.2893662150311087,1.1759280917059547,9.688518490203847,Q2,T2,MEDIUM,SPIRAL,0.451624581477539,2.35,118.0,285.8751957975167,False
F563-V2,5,4.76,10.47,-27.502888927902,-21.18816433968277,6.314724588219221,27.502888927902,21.18816433968277,-6.314724588219221,under_predicted_negative,under_predicted_negative,False,False,False,1.0642042060781474,0.7462674094032051,-0.3179367966749422,-27.31666191351897,-20.55123469002536,6.314724588219216,9.688518490203831,1.196678772178291,0.7128396036526151,10,6.0,632.9929935651271,0.0814069096195559,0.7994933743048674,2.49703600462164,2.8959782850230726,0.6942709378611145,0.502363369178803,0.5342810286011488,-0.1599899092599657,0.0319176594223458,False,False,False,False,False,False,False,False,False,False,25.11198711342142,18.397593740481835,-19.058929496011057,-15.289164308214827,1.3619369770045973,1.2893662150311087,1.1759280917059547,9.688518490203847,Q2,T2,MEDIUM,SPIRAL,0.451624581477539,2.35,118.0,285.8751957975167,False
F568-1,3,9.24,13.23,-33.8260254872271,-28.333471607823032,5.492553879404067,33.8260254872271,28.333471607823032,-5.492553879404067,under_predicted_negative,under_predicted_negative,False,False,False,1.89325357183803,1.320149281650311,-0.573104290187719,-30.47659227509098,-25.434394418073552,5.492553879404066,5.90398327005326,1.1626828253782282,0.6042346235645365,12,7.1,586.9937999999999,0.0893311608865263,0.8285264818262602,2.4741782300124693,2.873120510413902,1.8336523094054047,1.4171705564671362,1.4817453356169723,-0.351906973788433,0.0645747791498361,False,False,False,False,False,False,False,False,False,False,30.632943215326712,26.96738182837974,-28.330637998014875,-25.100717491804403,1.2317602877034637,1.1920195357979926,1.145419142236844,5.90398327005326,Q1_low_g98,T2,MEDIUM-LOW,SPIRAL,0.6108361699817021,1.32,142.0,358.557044595616,False
F568-1,5,7.48,13.23,-33.16773470810746,-27.94933338484045,5.21840132326701,33.16773470810746,27.94933338484045,-5.21840132326701,under_predicted_negative,under_predicted_negative,False,False,False,2.021177720443443,1.4330430175362614,-0.5881347029071815,-30.789294155562445,-25.98552532863276,5.2184013232670114,5.90398327005326,1.1549940894212103,0.6437660505863649,12,7.1,586.9937999999999,0.0893311608865263,0.8285264818262602,2.4741782300124693,2.873120510413902,1.8336523094054047,1.4171705564671362,1.4817453356169723,-0.351906973788433,0.0645747791498361,False,False,False,False,False,False,False,False,False,False,30.632943215326712,26.96738182837974,-28.330637998014875,-25.100717491804403,1.2317602877034637,1.1920195357979926,1.145419142236844,5.90398327005326,Q1_low_g98,T2,MEDIUM-LOW,SPIRAL,0.6108361699817021,1.32,142.0,358.557044595616,False
F568-3,3,14.02,17.98,-33.360441742939564,-26.728299906313225,6.632141836626339,33.360441742939564,26.728299906313225,-6.632141836626339,under_predicted_negative,under_predicted_negative,False,False,False,2.3146132953245107,1.5737391834285297,-0.740874111895981,-36.27447214334087,-29.73846840476024,6.632141836626341,7.423668153097239,1.369263339233567,0.2821415866167207,18,7.6,498.231190385271,0.0811625379801959,0.7985238534698629,2.497743786060035,2.896686066461468,0.4781099039002555,0.3973427136880272,0.4037099442648563,-0.0743999596353991,0.0063672305768291,False,False,False,False,False,False,False,False,False,False,4.55750525510075,9.509018110751164,-2.548190622378245,1.1499434659557264,1.5412145787328368,1.4321727509638134,1.1088698280942828,7.423668153097239,Q1_low_g98,T2,MEDIUM-LOW,SPIRAL,0.437483233079234,4.19,120.0,217.9677919911012,False
F568-3,5,10.17,17.98,-20.67128673646393,-13.84229069171376,6.82899604475017,20.67128673646393,13.84229069171376,-6.82899604475017,under_predicted_negative,under_predicted_negative,False,False,False,1.4067222256670373,0.9881635422200346,-0.4185586834470027,-19.914586227759955,-12.490918074662716,6.8289960447501725,7.423668153097239,1.3077120827759312,0.422801136748271,18,7.6,498.231190385271,0.0811625379801959,0.7985238534698629,2.497743786060035,2.896686066461468,0.4781099039002555,0.3973427136880272,0.4037099442648563,-0.0743999596353991,0.0063672305768291,False,False,False,False,False,False,False,False,False,False,4.55750525510075,9.509018110751164,-2.548190622378245,1.1499434659557264,1.5412145787328368,1.4321727509638134,1.1088698280942828,7.423668153097239,Q1_low_g98,T2,MEDIUM-LOW,SPIRAL,0.437483233079234,4.19,120.0,217.9677919911012,False
F568-V1,3,9.72,17.63,-39.49304541529187,-30.099936614641035,9.393108800650833,39.49304541529187,30.099936614641035,-9.393108800650833,under_predicted_negative,under_predicted_negative,False,False,False,2.7761802673703566,1.6833166455945587,-1.092863621775798,-35.764521636967885,-27.25430280574858,9.393108800650836,10.481691879032413,1.4846232592247477,0.4590139265583268,15,5.7,680.8505856584093,0.0831836142292822,0.8064034123735987,2.4918952747844747,2.890837555185908,1.6621005703468634,1.0947125786226095,1.1887767190655945,-0.4733238512812689,0.0940641404429849,False,False,False,False,False,False,False,False,False,False,31.351793748583063,23.27322025143917,-27.04732296308056,-22.550646798859177,1.923564415050371,1.7447654958434458,1.174317712170398,10.481691879032413,Q2,T2,MEDIUM,SPIRAL,0.199534809555862,1.18,118.0,135.85339194554737,False
F568-V1,5,8.21,17.63,-36.93141752351156,-28.39264586423776,8.538771659273802,36.93141752351156,28.39264586423776,-8.538771659273802,under_predicted_negative,under_predicted_negative,False,False,False,2.28225697815107,1.3991122150913942,-0.883144763059676,-34.82615762309915,-27.25430280574858,8.5387716592738,10.481691879032413,1.4033852019103574,0.5080055461895404,15,5.7,680.8505856584093,0.0831836142292822,0.8064034123735987,2.4918952747844747,2.890837555185908,1.6621005703468634,1.0947125786226095,1.1887767190655945,-0.4733238512812689,0.0940641404429849,False,False,False,False,False,False,False,False,False,False,31.351793748583063,23.27322025143917,-27.04732296308056,-22.550646798859177,1.923564415050371,1.7447654958434458,1.174317712170398,10.481691879032413,Q2,T2,MEDIUM,SPIRAL,0.199534809555862,1.18,118.0,135.85339194554737,False
F571-8,3,9.33,15.55,-71.1648111532087,-68.53362792888157,2.631183224327131,71.1648111532087,68.53362792888157,-2.631183224327131,under_predicted_negative,under_predicted_negative,False,False,False,12.714280255968552,11.741787522736464,-0.9724927332320874,-69.46207644986008,-67.01112970455931,2.631183224327136,4.659150526003799,1.278311884091878,0.5901402400400282,13,8.0,9115.949957586272,1.563158564339396,0.9999999999999604,0.2591377827808491,0.6580800631822818,5.893790378645993,5.669368978669349,5.6693689786693575,-0.2244213999766353,8.881784197001252e-15,False,False,True,True,False,False,False,False,False,False,40.405747567690966,40.405747567690966,-2.1147175057981333,-1.5075213771072602,1.5828150743984952,1.582815074398472,1.0,4.659150526003799,Q3,T2,MEDIUM,SPIRAL,0.0225725226768055,5.11192705214336,144.0,205.76998713826367,False
F571-8,5,6.11,15.55,-55.956945120569934,-54.37823518597365,1.578709934596283,55.956945120569934,54.37823518597365,-1.578709934596283,under_predicted_negative,under_predicted_negative,False,False,False,8.77415725029093,8.190661610351679,-0.583495639939251,-59.96322515015768,-59.17977274848084,1.5787099345962816,4.659150526003799,1.166987130455127,0.6543081897231576,13,8.0,9115.949957586272,1.563158564339396,0.9999999999999604,0.2591377827808491,0.6580800631822818,5.893790378645993,5.669368978669349,5.6693689786693575,-0.2244213999766353,8.881784197001252e-15,False,False,True,True,False,False,False,False,False,False,40.405747567690966,40.405747567690966,-2.1147175057981333,-1.5075213771072602,1.5828150743984952,1.582815074398472,1.0,4.659150526003799,Q3,T2,MEDIUM,SPIRAL,0.0225725226768055,5.11192705214336,144.0,205.76998713826367,False
F574-1,3,10.79,12.6,-5.065263406859269,4.90313546273543,9.9683988695947,5.065263406859269,4.90313546273543,-0.1621279441238385,under_predicted_negative,over_predicted_positive,True,True,False,0.065714067767354,0.0616557391282294,-0.0040583286391246,-4.282519108082099,5.453260061336962,9.968398869594694,10.109775960036105,1.3060110566043166,0.6833626199559141,14,5.5,755.3445920567377,0.0890469253721451,0.827561711287723,2.4749949889690788,2.8739372693705114,0.2242570758147717,0.1299681526909742,0.1282769409984563,-0.0959801348163153,-0.0016912116925179,False,False,False,False,False,False,False,False,False,False,8.938343769113516,5.86149926324989,-4.588997272068373,0.1981163943410792,1.39412905767066,1.326166117434149,1.18459856556647,10.109775960036105,Q2,T2,MEDIUM,SPIRAL,0.3593688815992636,1.41,99.7,271.4473412698413,False
F574-1,5,8.92,12.6,-7.785979549856398,1.2514371410620329,9.03741669091843,7.785979549856398,1.2514371410620329,-6.5345424087943655,under_predicted_negative,over_predicted_positive,True,True,False,0.186575504956448,0.0682291514705994,-0.1183463534858486,-6.654598204230823,3.4551777558052805,9.037416690918429,10.109775960036105,1.2901642735761385,0.6572348620064579,14,5.5,755.3445920567377,0.0890469253721451,0.827561711287723,2.4749949889690788,2.8739372693705114,0.2242570758147717,0.1299681526909742,0.1282769409984563,-0.0959801348163153,-0.0016912116925179,False,False,False,False,False,False,False,False,False,False,8.938343769113516,5.86149926324989,-4.588997272068373,0.1981163943410792,1.39412905767066,1.326166117434149,1.18459856556647,10.109775960036105,Q2,T2,MEDIUM,SPIRAL,0.3593688815992636,1.41,99.7,271.4473412698413,False
F579-V1,3,10.85,15.16,-3.3251264843974817,0.7464208681796359,4.0715473525771175,3.3251264843974817,0.7464208681796359,-2.578705616217846,under_predicted_negative,over_predicted_positive,True,True,False,0.0779354725230002,0.0191944926110278,-0.0587409799119724,0.2865635892911342,1.452311518002361,4.071547352577127,7.738797843445141,1.12529994654438,0.5278546799174259,14,7.5,1116.427555856466,0.1794745717178268,0.9710644994740898,2.2265156070102936,2.6254578874117263,0.1394246957725776,0.1260865212983636,0.1261542157850941,-0.0132704799874835,6.769448673049627e-05,False,False,False,False,False,False,False,False,False,False,7.503818475956407,6.174621481463326,-1.159599002362249,-0.2682391392539805,1.2631160331821245,1.2555026390656077,1.0,7.738797843445127,Q2,T2,MEDIUM-LOW,SPIRAL,0.3032658103174663,2.11,114.0,338.5743073878628,False
F579-V1,5,8.21,15.16,-0.588865107361704,1.8540633041845669,2.4429284115462706,0.588865107361704,1.8540633041845669,1.2651981968228627,under_predicted_negative,over_predicted_positive,True,True,False,0.0564126341606906,0.0211680462135072,-0.0352445879471834,0.6481473790953203,1.452311518002361,2.4429284115462764,7.738797843445141,1.075179967926628,0.5520963355253689,14,7.5,1116.427555856466,0.1794745717178268,0.9710644994740898,2.2265156070102936,2.6254578874117263,0.1394246957725776,0.1260865212983636,0.1261542157850941,-0.0132704799874835,6.769448673049627e-05,False,False,False,False,False,False,False,False,False,False,7.503818475956407,6.174621481463326,-1.159599002362249,-0.2682391392539805,1.2631160331821245,1.2555026390656077,1.0,7.738797843445127,Q2,T2,MEDIUM-LOW,SPIRAL,0.3032658103174663,2.11,114.0,338.5743073878628,False
F583-1,3,10.29,16.26,-20.946833940316697,-12.808398423911138,8.13843551640556,20.946833940316697,12.808398423911138,-8.13843551640556,under_predicted_negative,under_predicted_negative,False,False,False,1.0250335649471878,0.3979256082263177,-0.6271079567208702,-19.988577470029668,-11.345459360209844,8.138435516405556,8.865422367285191,1.3939851363175777,0.5375967660731571,25,5.0,237.3697833118438,0.0254393817584605,0.3947739584466829,2.6637381925900296,3.0626804729914623,0.6449481233955398,0.1519704884327939,0.3598657273340335,-0.2850823960615062,0.2078952389012396,False,False,False,False,False,False,False,False,False,False,17.584374427440373,12.15086699798332,-12.901479211425585,-8.356410764148862,2.089882520897678,1.430257237016626,1.3220292890151832,8.865422367285191,Q1_low_g98,T2,MEDIUM,SPIRAL,0.4809448866007285,1.22,86.9,114.16178351783516,False
F583-1,5,6.97,16.26,-21.419579267520916,-13.72544505900865,7.694134208512263,21.419579267520916,13.72544505900865,-7.694134208512263,under_predicted_negative,under_predicted_negative,False,False,False,0.9709720689524574,0.4045038985922491,-0.5664681703602082,-21.627841852698104,-14.627224571351093,7.694134208512264,8.865422367285191,1.3743693711735845,0.6217881344082286,25,5.0,237.3697833118438,0.0254393817584605,0.3947739584466829,2.6637381925900296,3.0626804729914623,0.6449481233955398,0.1519704884327939,0.3598657273340335,-0.2850823960615062,0.2078952389012396,False,False,False,False,False,False,False,False,False,False,17.584374427440373,12.15086699798332,-12.901479211425585,-8.356410764148862,2.089882520897678,1.430257237016626,1.3220292890151832,8.865422367285191,Q1_low_g98,T2,MEDIUM,SPIRAL,0.4809448866007285,1.22,86.9,114.16178351783516,False
IC 2574,3,9.67,10.23,-6.473193123279103,4.3504150394771655,10.823608162756267,6.473193123279103,4.3504150394771655,-2.122778083801937,under_predicted_negative,over_predicted_positive,True,True,False,0.1011073549355966,0.0457624025606966,-0.0553449523749,-6.7487348253787545,3.8542488996090896,10.823608162756267,11.495911954378954,1.529877930465218,0.6865402853921347,34,11.7,160.8603319948022,0.0403409329176316,0.5490045815307454,2.618437863687131,3.0173801440885635,0.0891548941693479,0.3866034675327854,0.1712655511055098,0.0821106569361618,-0.2153379164272755,False,False,False,False,False,False,False,False,False,False,5.3521767998448375,6.610615239580788,-0.2146314206799864,6.669816093487965,1.976420474919506,1.536059314231235,1.480875849642595,11.495911954378954,Q1_low_g98,T3,HIGH,DWARF,0.7977448016798049,6.54,67.5,128.3254936461388,False
IC 2574,5,9.1,10.23,-7.620739909915055,2.5278433065577888,10.148583216472844,7.620739909915055,2.5278433065577888,-5.092896603357266,under_predicted_negative,over_predicted_positive,True,True,False,0.1515161803414625,0.0297863201589731,-0.1217298601824894,-7.059248683731106,3.3126801251709,10.148583216472844,11.495911954378954,1.531612379619156,0.635690785958561,34,11.7,160.8603319948022,0.0403409329176316,0.5490045815307454,2.618437863687131,3.0173801440885635,0.0891548941693479,0.3866034675327854,0.1712655511055098,0.0821106569361618,-0.2153379164272755,False,False,False,False,False,False,False,False,False,False,5.3521767998448375,6.610615239580788,-0.2146314206799864,6.669816093487965,1.976420474919506,1.536059314231235,1.480875849642595,11.495911954378954,Q1_low_g98,T3,HIGH,DWARF,0.7977448016798049,6.54,67.5,128.3254936461388,False
IC4202,3,23.58,25.9,-73.52193883389997,-73.5219388339,-2.8421709430404014e-14,73.52193883389997,73.5219388339,2.8421709430404014e-14,under_predicted_negative,under_predicted_negative,False,False,False,12.802760256758525,12.80276025675853,7.105427357601002e-15,-71.84765407129521,-71.84765407129521,-1.8947806286936004e-14,0.0,1.0,0.8615869137491559,32,7.8,21873.39096285224,3.656973668072352,1.0,-0.3178561849691026,0.08108609543233,4.787573484708492,4.787573484708494,4.787573484708496,3.552713678800501e-15,1.7763568394002505e-15,False,False,False,False,False,False,False,False,False,False,41.22004034278287,41.22004034278288,-30.69037871296777,-30.69037871296778,1.0,1.0,1.0,8.526512829121202e-14,Q4_high_g98,T2,MEDIUM,BULGE-DOM,0.0665854125266262,24.856202342596216,250.0,1456.4487606177606,False
IC4202,5,22.13,25.9,-67.04096454052717,-67.04096454052718,-1.4210854715202004e-14,67.04096454052717,67.04096454052718,1.4210854715202004e-14,under_predicted_negative,under_predicted_negative,False,False,False,9.414423079993982,9.414423079993986,3.552713678800501e-15,-67.85410526072567,-67.8541052607257,-1.7053025658242404e-14,0.0,1.0,0.7898989842503905,32,7.8,21873.39096285224,3.656973668072352,1.0,-0.3178561849691026,0.08108609543233,4.787573484708492,4.787573484708494,4.787573484708496,3.552713678800501e-15,1.7763568394002505e-15,False,False,False,False,False,False,False,False,False,False,41.22004034278287,41.22004034278288,-30.69037871296777,-30.69037871296778,1.0,1.0,1.0,8.526512829121202e-14,Q4_high_g98,T2,MEDIUM,BULGE-DOM,0.0665854125266262,24.856202342596216,250.0,1456.4487606177606,False
KK98-251,3,2.46,3.13,7.533185762872624,10.86759334184034,3.3344075789677143,7.533185762872624,10.86759334184034,3.3344075789677143,over_predicted_positive,over_predicted_positive,False,False,False,0.1466280211946241,0.3031400133654292,0.1565119921708051,7.984764919061192,10.883857916107168,3.334407578967713,3.835895891861668,1.2009098019246085,0.9771134979286874,15,3.6,212.1289471104947,0.0163686759891495,0.2761019512567827,2.691645243003808,3.0905875234052407,0.0989800556343516,0.4850046807721507,0.1835381968481926,0.0845581412138409,-0.3014664839239581,False,False,False,False,False,False,False,False,False,False,6.59949930584262,8.795897210191896,5.872919278571524,8.109385653689491,1.8568132886545632,1.236567820860266,1.192622969851674,3.835895891861668,Q1_low_g98,T2,LOW,DWARF,0.6899634210722818,1.89,34.6,146.361214057508,False
KK98-251,5,1.89,3.13,7.190485814168935,10.131690697621094,2.94120488345216,7.190485814168935,10.131690697621094,2.94120488345216,over_predicted_positive,over_predicted_positive,False,False,False,0.1337920739186128,0.2655308100585574,0.1317387361399446,6.984791957447815,10.435395197704288,2.94120488345216,3.835895891861668,1.1826827841842973,0.9549126600377016,15,3.6,212.1289471104947,0.0163686759891495,0.2761019512567827,2.691645243003808,3.0905875234052407,0.0989800556343516,0.4850046807721507,0.1835381968481926,0.0845581412138409,-0.3014664839239581,False,False,False,False,False,False,False,False,False,False,6.59949930584262,8.795897210191896,5.872919278571524,8.109385653689491,1.8568132886545632,1.236567820860266,1.192622969851674,3.835895891861668,Q1_low_g98,T2,LOW,DWARF,0.6899634210722818,1.89,34.6,146.361214057508,False
NGC 0024,3,8.49,11.27,-34.67770052077335,-24.130585944304183,10.547114576469166,34.67770052077335,24.130585944304183,-10.547114576469166,under_predicted_negative,under_predicted_negative,False,False,False,3.210808269750741,1.572607358015614,-1.638200911735127,-35.57273231202761,-24.41056779632602,10.547114576469165,12.871272617614778,1.4773160440322477,0.702726730842414,29,6.5,2613.1697965963745,0.364076042308836,0.9992433221972732,1.7839567930502347,2.182899073451668,0.5665421006566,0.3919514637248442,0.3920527349257015,-0.1744893657308985,0.0001012712008572,False,False,False,False,False,False,False,False,False,False,11.568783321146256,10.68003674979034,-3.2671713996416103,-2.0782378249641846,1.6859443205287534,1.6854252816875026,1.0,12.871272617614778,Q3,T2,MEDIUM,SPIRAL,0.0687620975161051,3.660158772218436,110.0,179.6870363797693,False
NGC 0024,5,2.76,11.27,-21.00289727483561,-14.107082541706546,6.895814733129065,21.00289727483561,14.107082541706546,-6.895814733129065,under_predicted_negative,under_predicted_negative,False,False,False,2.037969569984996,1.0259312487457837,-1.012038321239212,-23.386407068540933,-15.778500472449808,6.895814733129063,12.871272617614778,1.3033771747885798,0.7770096376479836,29,6.5,2613.1697965963745,0.364076042308836,0.9992433221972732,1.7839567930502347,2.182899073451668,0.5665421006566,0.3919514637248442,0.3920527349257015,-0.1744893657308985,0.0001012712008572,False,False,False,False,False,False,False,False,False,False,11.568783321146256,10.68003674979034,-3.2671713996416103,-2.0782378249641846,1.6859443205287534,1.6854252816875026,1.0,12.871272617614778,Q3,T2,MEDIUM,SPIRAL,0.0687620975161051,3.660158772218436,110.0,179.6870363797693,False
NGC 0055,3,12.28,13.5,-18.202882584926844,-13.556690176810372,4.646192408116471,18.202882584926844,13.556690176810372,-4.646192408116471,under_predicted_negative,under_predicted_negative,False,False,False,0.8110536354511401,0.4516917529344131,-0.3593618825167269,-18.35955690105891,-14.071001784256552,4.646192408116472,4.93340662980323,1.412513249172372,0.1829057492266556,21,10.8,767.1383161894663,0.1775859264981831,0.9699654136630788,2.231478850926862,2.6304211313282946,0.7375809240679189,0.6954122208114009,0.6956621368094631,-0.0419187872584557,0.0002499159980622,False,False,False,False,False,False,False,False,False,False,17.122877428516887,14.071001784256552,5.475994223773189,8.368264436155957,1.4359248568164078,1.4228320340679457,1.1345893973458658,5.176084026251374,Q2,T3,HIGH,SPIRAL,0.3315479270825129,1.84,87.4,254.3431185185185,False
NGC 0055,5,11.05,13.5,-16.679965379986456,-11.881224356918253,4.798741023068203,16.679965379986456,11.881224356918253,-4.798741023068203,under_predicted_negative,under_predicted_negative,False,False,False,0.6889393605268046,0.3585273385361654,-0.3304120219906392,-17.122877428516887,-12.189470798713655,4.798741023068203,5.039702567230648,1.3860963397326818,0.2098791216081812,21,10.8,767.1383161894663,0.1775859264981831,0.9699654136630788,2.231478850926862,2.6304211313282946,0.7375809240679189,0.6954122208114009,0.6956621368094631,-0.0419187872584557,0.0002499159980622,False,False,False,False,False,False,False,False,False,False,17.122877428516887,14.071001784256552,5.475994223773189,8.368264436155957,1.4359248568164078,1.4228320340679457,1.1345893973458658,5.176084026251374,Q2,T3,HIGH,SPIRAL,0.3315479270825129,1.84,87.4,254.3431185185185,False
NGC 0247,3,13.48,14.54,-13.976328084510437,-4.376649822340767,9.59967826216967,13.976328084510437,4.376649822340767,-9.59967826216967,under_predicted_negative,under_predicted_negative,False,False,False,0.5012302824810265,0.1243400477012937,-0.3768902347797327,-14.26018457880393,-4.354644904025534,9.599678262169666,9.905539674778396,1.334723106842049,0.5290140220251867,26,7.4,563.719081684241,0.0894140096125387,0.8288066750104992,2.473940205498652,2.8728824859000848,0.1840388528021017,0.1585399208897055,0.1532491165328199,-0.0307897362692818,-0.0052908043568856,False,False,False,False,False,False,False,False,False,False,6.544517076286141,7.258565739635117,-1.0672053150747332,2.480440733845944,1.456591284505002,1.3784259043493636,1.098152033616382,9.905539674778382,Q1_low_g98,T2,HIGH,SPIRAL,0.4372678138143179,2.15,108.0,246.49621045392024,False
NGC 0247,5,12.38,14.54,-10.7879950867402,-2.0277045998967025,8.760290486843498,10.7879950867402,2.0277045998967025,-8.760290486843498,under_predicted_negative,under_predicted_negative,False,False,False,0.3351430386364374,0.0831016669502351,-0.2520413716862023,-7.84869691203609,-1.27291622352395,8.760290486843491,9.905539674778396,1.2943492898982312,0.5388578716541598,26,7.4,563.719081684241,0.0894140096125387,0.8288066750104992,2.473940205498652,2.8728824859000848,0.1840388528021017,0.1585399208897055,0.1532491165328199,-0.0307897362692818,-0.0052908043568856,False,False,False,False,False,False,False,False,False,False,6.544517076286141,7.258565739635117,-1.0672053150747332,2.480440733845944,1.456591284505002,1.3784259043493636,1.098152033616382,9.905539674778382,Q1_low_g98,T2,HIGH,SPIRAL,0.4372678138143179,2.15,108.0,246.49621045392024,False
NGC 0289,3,65.07,71.12,-83.4249050357252,-77.70478730943721,5.720117726287995,83.4249050357252,77.70478730943721,-5.720117726287995,under_predicted_negative,under_predicted_negative,False,False,False,14.01836464007915,12.164856155041956,-1.853508485037196,-86.29142747482716,-80.72383639056623,5.720117726287991,6.217365672938158,2.107332086748991,0.7114616533997857,28,6.7,20835.150913047622,2.992144534604088,1.0,-0.2412980748410772,0.1576442055603555,7.868687911914345,7.280191869598314,7.280191869598314,-0.5884960423160317,0.0,False,True,True,True,False,False,False,False,False,False,63.326059352300575,62.85661290260098,-46.91967266362425,-45.14743293721064,2.2085904785530914,2.2085904785530914,1.1040927669216036,6.217365672938158,Q4_high_g98,T2,MEDIUM,SPIRAL,0.0048829214868093,14.596979129578855,194.0,101.73640607424072,True
NGC 0289,5,59.03,71.12,-81.40530391012413,-75.7178646076072,5.687439302516935,81.40530391012413,75.7178646076072,-5.687439302516935,under_predicted_negative,under_predicted_negative,False,False,False,13.574719472344416,11.740566483831142,-1.8341529885132744,-81.84982935993145,-76.50079079618567,5.68743930251693,6.217365672938158,2.004204407334577,0.7565935149096259,28,6.7,20835.150913047622,2.992144534604088,1.0,-0.2412980748410772,0.1576442055603555,7.868687911914345,7.280191869598314,7.280191869598314,-0.5884960423160317,0.0,False,True,True,True,False,False,False,False,False,False,63.326059352300575,62.85661290260098,-46.91967266362425,-45.14743293721064,2.2085904785530914,2.2085904785530914,1.1040927669216036,6.217365672938158,Q4_high_g98,T2,MEDIUM,SPIRAL,0.0048829214868093,14.596979129578855,194.0,101.73640607424072,True
NGC 0300,3,10.93,11.8,-22.65635048478821,-4.058596580366422,18.597753904421783,22.65635048478821,4.058596580366422,-18.597753904421783,under_predicted_negative,under_predicted_negative,False,False,False,0.9884688709713668,0.0537509210431789,-0.9347179499281878,-22.08685865408433,-3.118926327051142,18.597753904421797,18.9679323270332,1.7896746400041907,0.8646861565247622,25,11.1,1064.0437579831932,0.2531591227678965,0.9932428953337986,2.0400153883105125,2.438957668711945,0.7966333823512124,0.5113189365711044,0.5119793460315998,-0.2846540363196126,0.0006604094604953,False,False,False,False,False,False,False,False,False,False,17.549737118299362,9.638325646439212,-12.361203659661497,-6.693477492490041,1.865062079313625,1.8592167643009407,1.1587261454211122,18.9679323270332,Q2,T3,HIGH,SPIRAL,0.1362697000389409,0.91,97.0,144.99692372881353,False
NGC 0300,5,9.96,11.8,-20.83169773632545,-3.115521129185575,17.71617660713988,20.83169773632545,3.115521129185575,-17.71617660713988,under_predicted_negative,under_predicted_negative,False,False,False,0.92972494889427,0.0352722975685768,-0.8944526513256932,-18.83455179998286,-1.915396537601623,17.71617660713988,18.9679323270332,1.7124728077391247,0.8954821969266916,25,11.1,1064.0437579831932,0.2531591227678965,0.9932428953337986,2.0400153883105125,2.438957668711945,0.7966333823512124,0.5113189365711044,0.5119793460315998,-0.2846540363196126,0.0006604094604953,False,False,False,False,False,False,False,False,False,False,17.549737118299362,9.638325646439212,-12.361203659661497,-6.693477492490041,1.865062079313625,1.8592167643009407,1.1587261454211122,18.9679323270332,Q2,T3,HIGH,SPIRAL,0.1362697000389409,0.91,97.0,144.99692372881353,False
NGC 0801,3,45.8,59.82,-49.29513562543474,-49.27611512124944,0.0190205041852991,49.29513562543474,49.27611512124944,-0.0190205041852991,under_predicted_negative,under_predicted_negative,False,False,False,5.913432172578713,5.9086219115048495,-0.0048102610738638,-52.44112043386326,-52.44112043386326,0.0190205041852967,0.0570615125558617,1.025414992025774,0.4245930623090353,13,8.3,28744.19453846154,5.113748331744991,1.0,-0.3800503128757576,0.0188919675256751,1.685940202021679,1.684830141773864,1.6848301417738645,-0.0011100602478146,2.220446049250313e-16,False,False,False,False,False,False,False,False,False,False,8.080213767834806,8.080213767834806,-10.083861642499484,-10.079472295379796,1.076244976077322,1.076244976077322,1.0,0.0570615125558617,Q4_high_g98,T3,MEDIUM,GIANT,0.0171590919168681,32.361495942087366,238.0,493.2242761618188,True
NGC 0801,5,31.67,59.82,-34.14053372938979,-34.129121426878605,0.0114123025111823,34.14053372938979,34.129121426878605,-0.0114123025111823,under_predicted_negative,under_predicted_negative,False,False,False,3.727641969943318,3.7247558132989993,-0.0028861566443185,-36.81406536412561,-36.81406536412558,0.0114123025111837,0.0570615125558617,1.0152489952154644,0.3522267822865171,13,8.3,28744.19453846154,5.113748331744991,1.0,-0.3800503128757576,0.0188919675256751,1.685940202021679,1.684830141773864,1.6848301417738645,-0.0011100602478146,2.220446049250313e-16,False,False,False,False,False,False,False,False,False,False,8.080213767834806,8.080213767834806,-10.083861642499484,-10.079472295379796,1.076244976077322,1.076244976077322,1.0,0.0570615125558617,Q4_high_g98,T3,MEDIUM,GIANT,0.0171590919168681,32.361495942087366,238.0,493.2242761618188,True
NGC 0891,3,15.33,17.11,-39.046638168230736,-39.04663816823072,1.4210854715202004e-14,39.046638168230736,39.04663816823072,-1.4210854715202004e-14,under_predicted_negative,under_predicted_negative,False,False,False,3.9984232913877946,3.998423291387793,-1.7763568394002505e-15,-40.743129958771306,-40.743129958771306,9.473903143468002e-15,2.8421709430404014e-14,1.0,0.7620112013584688,18,7.8,73817.49527574962,12.341416880671476,1.0,-0.3989285608275577,1.3719573875026205e-05,2.4533522643718446,2.453352264371846,2.453352264371846,1.3322676295501878e-15,0.0,False,False,False,False,False,False,False,False,False,False,17.088692651320613,17.0886926513206,3.58369257209962,3.583692572099627,1.0,1.0,1.0,5.684341886080804e-14,Q4_high_g98,T2,MEDIUM,BULGE-DOM,0.0317601466719536,17.11,234.0,2344.4544769140853,False
NGC 0891,5,13.46,17.11,-30.477381227905187,-30.47738122790518,7.105427357601002e-15,30.477381227905187,30.47738122790518,-7.105427357601002e-15,under_predicted_negative,under_predicted_negative,False,False,False,2.717957293878235,2.717957293878233,-1.3322676295501878e-15,-26.272776417568508,-26.272776417568508,5.684341886080802e-15,2.8421709430404014e-14,1.0,0.6574735041662232,18,7.8,73817.49527574962,12.341416880671476,1.0,-0.3989285608275577,1.3719573875026205e-05,2.4533522643718446,2.453352264371846,2.453352264371846,1.3322676295501878e-15,0.0,False,False,False,False,False,False,False,False,False,False,17.088692651320613,17.0886926513206,3.58369257209962,3.583692572099627,1.0,1.0,1.0,5.684341886080804e-14,Q4_high_g98,T2,MEDIUM,BULGE-DOM,0.0317601466719536,17.11,234.0,2344.4544769140853,False
NGC 1003,3,28.6,30.24,-39.87231027422279,-6.813933766672245,33.05837650755055,39.87231027422279,6.813933766672245,-33.05837650755055,under_predicted_negative,under_predicted_negative,False,False,False,4.089449070035762,0.1306755965779521,-3.95877347345781,-39.590324386309845,-5.62293752113645,33.05837650755054,34.5246237171752,2.55295421219094,0.7344767502238866,36,6.0,2198.354794076921,0.2827223553063301,0.9962301331801104,1.9689672957435265,2.36790957614496,2.743214321186882,1.115237101798799,1.117255659746973,-1.625958661439909,0.0020185579481739,False,True,False,False,False,False,False,False,False,False,32.28029204430075,8.620370554227769,-9.930163240744893,5.537021472527023,2.4976612679521577,2.492015284430671,1.623138141390548,34.52462371717522,Q2,T2,MEDIUM,SPIRAL,0.0358624277389027,4.069661245779004,115.0,78.83833994708996,False
NGC 1003,5,26.95,30.24,-41.82715668316759,-9.030031104557002,32.79712557861058,41.82715668316759,9.030031104557002,-32.79712557861058,under_predicted_negative,under_predicted_negative,False,False,False,4.505894265873053,0.2478249391597417,-4.258069326713311,-40.871985138832855,-8.696999412301864,32.79712557861059,34.5246237171752,2.5861301161351564,0.7369145103246979,36,6.0,2198.354794076921,0.2827223553063301,0.9962301331801104,1.9689672957435265,2.36790957614496,2.743214321186882,1.115237101798799,1.117255659746973,-1.625958661439909,0.0020185579481739,False,True,False,False,False,False,False,False,False,False,32.28029204430075,8.620370554227769,-9.930163240744893,5.537021472527023,2.4976612679521577,2.492015284430671,1.623138141390548,34.52462371717522,Q2,T2,MEDIUM,SPIRAL,0.0358624277389027,4.069661245779004,115.0,78.83833994708996,False
NGC 1090,3,27.65,30.09,-31.90016989685883,-30.591269748913067,1.3089001479457636,31.90016989685883,30.591269748913067,-1.3089001479457636,under_predicted_negative,under_predicted_negative,False,False,False,2.607949810211311,2.39618626216737,-0.2117635480439408,-32.49254312799192,-31.174564596808835,1.308900147945759,1.8384976883970552,1.0687128973297515,0.4880681860613597,24,8.0,8616.261502044392,1.4774744291240869,0.9999999999997842,0.3180110409104035,0.7169533213118362,1.6183624777051284,1.591582271725926,1.5915822717259314,-0.026780205979197,5.329070518200751e-15,False,False,False,False,False,False,False,False,False,False,23.74752364868627,23.74752364868627,2.188402861223237,2.3542298092599787,1.1018127645818183,1.1018127645817963,1.0,1.8384976883970552,Q3,T2,MEDIUM,SPIRAL,0.0540632262076545,16.021522374208224,176.0,465.8228946493852,False
NGC 1090,5,25.11,30.09,-29.849033668184425,-29.05306431760806,0.7959693505763603,29.849033668184425,29.05306431760806,-0.7959693505763603,under_predicted_negative,under_predicted_negative,False,False,False,2.298444407916555,2.16989941921641,-0.128544988700145,-29.942023046287005,-29.17179882202987,0.7959693505763568,1.8384976883970552,1.041719225255602,0.4980522661359498,24,8.0,8616.261502044392,1.4774744291240869,0.9999999999997842,0.3180110409104035,0.7169533213118362,1.6183624777051284,1.591582271725926,1.5915822717259314,-0.026780205979197,5.329070518200751e-15,False,False,False,False,False,False,False,False,False,False,23.74752364868627,23.74752364868627,2.188402861223237,2.3542298092599787,1.1018127645818183,1.1018127645817963,1.0,1.8384976883970552,Q3,T2,MEDIUM,SPIRAL,0.0540632262076545,16.021522374208224,176.0,465.8228946493852,False
NGC 2366,3,5.59,6.06,-2.969126903311337,7.700106894378739,10.669233797690076,2.969126903311337,7.700106894378739,4.730979991067402,under_predicted_negative,over_predicted_positive,True,True,False,0.0277265640192612,0.1485331069762844,0.1208065429570231,-2.2515086068683203,8.657374633569304,10.669233797690076,10.968453840567996,1.7445303077482095,0.6061288159279,26,11.0,494.5677654543408,0.1166083384060905,0.8999170903368134,2.396866823824132,2.7958091042255644,0.3073193973992902,0.3642281040182344,0.3513262629911591,0.0440068655918688,-0.0129018410270753,False,False,False,False,False,False,False,False,False,False,10.025073547766254,10.203088497374626,1.1641529861593272,5.682944758157732,1.879851379783541,1.791793293623635,1.3509650689242076,10.968453840567989,Q1_low_g98,T3,HIGH,DWARF,0.2883303448985406,1.07,53.7,142.59889438943895,False
NGC 2366,5,5.11,6.06,-2.8783595611139488,7.146319366824335,10.024678927938282,2.8783595611139488,7.146319366824335,4.267959805710386,under_predicted_negative,over_predicted_positive,True,True,False,0.0306077001348987,0.1401746744150956,0.1095669742801969,-2.2515086068683203,8.657374633569304,10.024678927938284,10.968453840567996,1.6990991684746977,0.5922447903267669,26,11.0,494.5677654543408,0.1166083384060905,0.8999170903368134,2.396866823824132,2.7958091042255644,0.3073193973992902,0.3642281040182344,0.3513262629911591,0.0440068655918688,-0.0129018410270753,False,False,False,False,False,False,False,False,False,False,10.025073547766254,10.203088497374626,1.1641529861593272,5.682944758157732,1.879851379783541,1.791793293623635,1.3509650689242076,10.968453840567989,Q1_low_g98,T3,HIGH,DWARF,0.2883303448985406,1.07,53.7,142.59889438943895,False
NGC 2403,3,19.87,20.87,-69.93706133767454,-63.58676706667211,6.350294271002426,69.93706133767454,63.58676706667211,-6.350294271002426,under_predicted_negative,under_predicted_negative,False,False,False,11.97214494215068,9.90726183827129,-2.0648831038793887,-69.92734529565064,-63.46948619464318,6.350294271002426,7.46536822442674,1.6657318409667037,0.5583207580937545,73,10.8,6966.305095652174,1.6126397529267262,0.999999999999985,0.2273676918604459,0.6263099722618786,3.130867877624766,2.7693991549524126,2.769399154952417,-0.3614687226723485,4.884981308350689e-15,False,False,False,False,False,False,False,False,False,False,17.751725927201733,17.75172592720172,-17.875639414788214,-16.63665489259118,1.695969584986946,1.6959695849869356,1.0,7.817653638909292,Q3,T3,HIGH,SPIRAL,0.025469011782897,5.890441780960513,136.0,177.42490656444656,False
NGC 2403,5,18.88,20.87,-68.19132564373734,-61.26996287282367,6.9213627709136745,68.19132564373734,61.26996287282367,-6.9213627709136745,under_predicted_negative,under_predicted_negative,False,False,False,11.132460184278704,9.012591983345288,-2.119868200933414,-69.58083781464893,-62.11546959022219,6.92136277091368,7.817653638909292,1.633741953233129,0.6458656511569004,73,10.8,6966.305095652174,1.6126397529267262,0.999999999999985,0.2273676918604459,0.6263099722618786,3.130867877624766,2.7693991549524126,2.769399154952417,-0.3614687226723485,4.884981308350689e-15,False,False,False,False,False,False,False,False,False,False,17.751725927201733,17.75172592720172,-17.875639414788214,-16.63665489259118,1.695969584986946,1.6959695849869356,1.0,7.817653638909292,Q3,T3,HIGH,SPIRAL,0.025469011782897,5.890441780960513,136.0,177.42490656444656,False
NGC 2683,3,28.85,34.62,-59.21334875170927,-58.24178459090336,0.9715641608059044,59.21334875170927,58.24178459090336,-0.9715641608059044,under_predicted_negative,under_predicted_negative,False,False,False,7.01445215592038,6.78869313394727,-0.2257590219731104,-59.19923377121938,-58.18573058725026,0.9715641608058974,1.3322137533264282,1.2304862073389438,0.66891784791097,11,10.0,15724.974825136584,3.370552326732238,1.0,-0.2909637042909215,0.1079785761105112,3.523781889684208,3.4622112473279048,3.4622112473279048,-0.0615706423563033,0.0,False,False,False,False,False,False,False,False,False,False,35.28417639117146,35.28417639117146,-31.58458870451873,-31.31961666066257,1.3308045925074974,1.3308045925074974,1.0,1.3322137533264282,Q4_high_g98,T3,HIGH,GIANT,0.0191415967188253,15.993831800470232,212.0,301.0011265164644,True
NGC 2683,5,20.2,34.62,-51.651718296535215,-51.06877980005167,0.5829384964835427,51.651718296535215,51.06877980005167,-0.5829384964835427,under_predicted_negative,under_predicted_negative,False,False,False,5.56676927766579,5.431313864481924,-0.1354554131838661,-59.1753431043723,-57.933255626209686,0.5829384964835385,1.3322137533264282,1.1382917244033663,0.6572954656619417,11,10.0,15724.974825136584,3.370552326732238,1.0,-0.2909637042909215,0.1079785761105112,3.523781889684208,3.4622112473279048,3.4622112473279048,-0.0615706423563033,0.0,False,False,False,False,False,False,False,False,False,False,35.28417639117146,35.28417639117146,-31.58458870451873,-31.31961666066257,1.3308045925074974,1.3308045925074974,1.0,1.3322137533264282,Q4_high_g98,T3,HIGH,GIANT,0.0191415967188253,15.993831800470232,212.0,301.0011265164644,True
NGC 2841,3,59.47,63.64,-163.0512439249745,-162.71538089943957,0.3358630255349339,163.0512439249745,162.71538089943957,-0.3358630255349339,under_predicted_negative,under_predicted_negative,False,False,False,61.8451735137995,61.59016933450156,-0.2550041792979414,-161.70466268723067,-161.3726318101416,0.335863025534896,0.4455122757402705,1.3489066377666088,0.2935194886797111,50,9.0,21762.96202416105,4.198282209830871,1.0,-0.3517512917953862,0.0471909886060464,27.268529902916388,27.208082292933767,27.208082292933767,-0.0604476099826207,0.0,False,False,True,True,False,False,True,True,False,False,88.67800719266475,88.67800719266475,-102.44350776991617,-102.3651841585082,1.3825140225455137,1.3825140225455137,1.0,0.557517091157294,Q4_high_g98,T3,MEDIUM,BULGE-DOM,0.0127059601873742,25.22428246808653,323.0,276.5193290383407,True
NGC 2841,5,55.3,63.64,-162.96998419172945,-162.55167102851868,0.4183131632107688,162.96998419172945,162.55167102851868,-0.4183131632107688,under_predicted_negative,under_predicted_negative,False,False,False,62.91720128410496,62.59264580102202,-0.324555483082932,-161.70466268723067,-161.3726318101416,0.4183131632107546,0.557517091157294,1.3194688731240949,0.3966149503875927,50,9.0,21762.96202416105,4.198282209830871,1.0,-0.3517512917953862,0.0471909886060464,27.268529902916388,27.208082292933767,27.208082292933767,-0.0604476099826207,0.0,False,False,True,True,False,False,True,True,False,False,88.67800719266475,88.67800719266475,-102.44350776991617,-102.3651841585082,1.3825140225455137,1.3825140225455137,1.0,0.557517091157294,Q4_high_g98,T3,MEDIUM,BULGE-DOM,0.0127059601873742,25.22428246808653,323.0,276.5193290383407,True
NGC 2903,3,23.04,24.96,-74.01914897611225,-74.01914897611225,0.0,74.01914897611225,74.01914897611225,0.0,under_predicted_negative,under_predicted_negative,False,False,False,13.213015134668147,13.213015134668147,0.0,-76.65318638105913,-76.65318638105913,-1.4210854715202004e-14,0.0,1.0,0.7419017760262013,34,6.2,84575.03018749978,11.239447574966748,1.0,-0.3989009832770978,4.129712433492694e-05,5.127124210956549,5.127124210956549,5.127124210956549,0.0,0.0,False,False,True,True,False,False,False,False,False,False,33.39048496196946,33.390484961969435,-16.684299124571297,-16.684299124571293,1.0,1.0,1.0,5.684341886080804e-14,Q4_high_g98,T2,MEDIUM,GIANT,0.0072237692312591,15.67660603446122,216.0,610.9505008012819,True
NGC 2903,5,21.12,24.96,-69.07920505382313,-69.07920505382315,-1.4210854715202004e-14,69.07920505382313,69.07920505382315,1.4210854715202004e-14,under_predicted_negative,under_predicted_negative,False,False,False,11.78062502276582,11.78062502276582,0.0,-67.28078644787455,-67.28078644787455,-8.526512829121202e-15,0.0,1.0,0.6572802975214993,34,6.2,84575.03018749978,11.239447574966748,1.0,-0.3989009832770978,4.129712433492694e-05,5.127124210956549,5.127124210956549,5.127124210956549,0.0,0.0,False,False,True,True,False,False,False,False,False,False,33.39048496196946,33.390484961969435,-16.684299124571297,-16.684299124571293,1.0,1.0,1.0,5.684341886080804e-14,Q4_high_g98,T2,MEDIUM,GIANT,0.0072237692312591,15.67660603446122,216.0,610.9505008012819,True
NGC 2915,3,9.37,10.04,-59.31133525467846,-58.05407006218812,1.257265192490344,59.31133525467846,58.05407006218812,-1.257265192490344,under_predicted_negative,under_predicted_negative,False,False,False,8.391578614675373,8.03971516396179,-0.3518634507135836,-59.10674318635091,-57.503662951265085,1.2572651924903546,1.8447480223295043,2.6431134476724014,0.0459361806730615,30,8.5,4616.605800702367,0.841110072147514,0.99999993841499,0.9558116188968376,1.3547538992982704,4.5153387483254575,3.788001256769824,3.788001295260529,-0.7273374530649281,3.849070528971765e-08,False,True,False,False,False,False,False,False,False,False,45.535851000042726,37.74434825891683,-35.26609989939778,-31.61230645088175,2.699149749174768,2.6991496445326133,1.8023921818892847,9.131271504962337,Q3,T3,MEDIUM,SPIRAL,0.0145535186381953,1.3210970592934392,86.5,67.18785856573706,True
NGC 2915,5,8.7,10.04,-57.84843633997158,-55.87282282102007,1.975613518951512,57.84843633997158,55.87282282102007,-1.975613518951512,under_predicted_negative,under_predicted_negative,False,False,False,7.939347458957689,7.421528801554105,-0.5178186574035841,-58.63655667183335,-57.26199516402141,1.9756135189515145,3.562349380138496,2.595323683453104,0.0784142030532852,30,8.5,4616.605800702367,0.841110072147514,0.99999993841499,0.9558116188968376,1.3547538992982704,4.5153387483254575,3.788001256769824,3.788001295260529,-0.7273374530649281,3.849070528971765e-08,False,True,False,False,False,False,False,False,False,False,45.535851000042726,37.74434825891683,-35.26609989939778,-31.61230645088175,2.699149749174768,2.6991496445326133,1.8023921818892847,9.131271504962337,Q3,T3,MEDIUM,SPIRAL,0.0145535186381953,1.3210970592934392,86.5,67.18785856573706,True
NGC 2955,3,27.51,35.43,-44.93112599710804,-44.93112599710805,-7.105427357601002e-15,44.93112599710804,44.93112599710805,7.105427357601002e-15,under_predicted_negative,under_predicted_negative,False,False,False,3.804510508979817,3.8045105089798175,1.3322676295501878e-15,-43.57430742055243,-43.57430742055246,-9.473903143468002e-15,0.0,1.0,0.6206009529610591,24,7.4,37785.86105935484,5.993384743842453,1.0,-0.3911033654871819,0.0078389149142508,1.0540020438907238,1.0540020438907238,1.0540020438907238,0.0,0.0,False,False,False,False,False,False,False,False,False,False,16.486435136000395,16.48643513600038,-14.149780947558588,-14.149780947558575,1.0,1.0,1.0,5.684341886080804e-14,Q4_high_g98,T2,HIGH,BULGE-DOM,0.0342387282321621,32.02874298772093,276.0,1293.7398278295232,False
NGC 2955,5,22.19,35.43,-38.49626181411595,-38.49626181411595,0.0,38.49626181411595,38.49626181411595,0.0,under_predicted_negative,under_predicted_negative,False,False,False,2.8211131039741995,2.8211131039741995,0.0,-43.11302740258296,-43.11302740258296,0.0,2.8421709430404014e-14,1.0,0.5435901642399689,24,7.4,37785.86105935484,5.993384743842453,1.0,-0.3911033654871819,0.0078389149142508,1.0540020438907238,1.0540020438907238,1.0540020438907238,0.0,0.0,False,False,False,False,False,False,False,False,False,False,16.486435136000395,16.48643513600038,-14.149780947558588,-14.149780947558575,1.0,1.0,1.0,5.684341886080804e-14,Q4_high_g98,T2,HIGH,BULGE-DOM,0.0342387282321621,32.02874298772093,276.0,1293.7398278295232,False
NGC 2976,3,1.93,2.27,-0.8351717389615393,-0.8351717389615393,0.0,0.8351717389615393,0.8351717389615393,0.0,under_predicted_negative,under_predicted_negative,False,False,False,0.056016290062051,0.056016290062051,0.0,-4.030427681663824,-4.030427681663824,0.0,0.0,1.0,0.1043488348918627,27,10.0,4249.6544376278125,0.910887477521287,0.999999984465432,0.8645030876487141,1.2634453680501467,0.5689039405684221,0.5689039405684222,0.5689039405684222,1.1102230246251563e-16,0.0,False,False,False,False,False,False,False,False,False,False,11.73004928975286,11.73004928975286,13.045169783189708,13.045169783189708,1.0,1.0,1.0,2.8421709430404014e-14,Q3,T3,MEDIUM,SPIRAL,0.6548154189812222,0.24,88.7,2782.7392511013213,False
NGC 2976,5,1.63,2.27,5.759240627019054,5.759240627019054,0.0,5.759240627019054,5.759240627019054,0.0,over_predicted_positive,over_predicted_positive,False,False,False,0.2889695684968166,0.2889695684968166,0.0,5.801369936138997,5.801369936138997,0.0,0.0,1.0,0.2148610230058369,27,10.0,4249.6544376278125,0.910887477521287,0.999999984465432,0.8645030876487141,1.2634453680501467,0.5689039405684221,0.5689039405684222,0.5689039405684222,1.1102230246251563e-16,0.0,False,False,False,False,False,False,False,False,False,False,11.73004928975286,11.73004928975286,13.045169783189708,13.045169783189708,1.0,1.0,1.0,2.8421709430404014e-14,Q3,T3,MEDIUM,SPIRAL,0.6548154189812222,0.24,88.7,2782.7392511013213,False
NGC 2998,3,32.32,42.28,-43.45595740621548,-42.87776374975716,0.5781936564583248,43.45595740621548,42.87776374975716,-0.5781936564583248,under_predicted_negative,under_predicted_negative,False,False,False,4.850881101496604,4.715970132256927,-0.1349109692396775,-46.5725704221438,-45.21574091355984,0.5781936564583248,1.7345809693749743,1.0238876654052935,0.514682687115752,13,6.8,10283.282117079889,1.498827933213513,0.9999999999998584,0.3028638733370273,0.70180615373846,2.1707500424247588,2.139616741830982,2.139616741830986,-0.0311333005937726,3.9968028886505635e-15,False,False,False,False,False,False,False,False,False,False,28.534891265787905,28.534891265787905,-11.577838350201606,-11.44440904486507,1.071662996215891,1.0716629962158808,1.0,1.7345809693749743,Q3,T2,HIGH,GIANT,0.0484692988854316,21.96837734866825,214.0,498.4234744560075,False
NGC 2998,5,22.46,42.28,-34.547490149822735,-34.20057395594773,0.3469161938750034,34.547490149822735,34.20057395594773,-0.3469161938750034,under_predicted_negative,under_predicted_negative,False,False,False,3.426240758980947,3.34529417743714,-0.0809465815438073,-36.84497991356784,-36.84497991356784,0.3469161938750062,1.7345809693749743,1.0143325992431762,0.5269035078376889,13,6.8,10283.282117079889,1.498827933213513,0.9999999999998584,0.3028638733370273,0.70180615373846,2.1707500424247588,2.139616741830982,2.139616741830986,-0.0311333005937726,3.9968028886505635e-15,False,False,False,False,False,False,False,False,False,False,28.534891265787905,28.534891265787905,-11.577838350201606,-11.44440904486507,1.071662996215891,1.0716629962158808,1.0,1.7345809693749743,Q3,T2,HIGH,GIANT,0.0484692988854316,21.96837734866825,214.0,498.4234744560075,False
NGC 3109,3,5.93,6.45,-31.61273023549784,-24.17639087149746,7.436339364000378,31.61273023549784,24.17639087149746,-7.436339364000378,under_predicted_negative,under_predicted_negative,False,False,False,2.539727514878225,1.5027666011487242,-1.0369609137295008,-31.23990264222297,-23.73285100573566,7.436339364000379,8.233762943644308,1.7496632747694651,0.4667996313450605,25,11.5,165.718894866706,0.040848958095064,0.5535045696917306,2.616905347915308,3.015847628316741,0.8604246778621595,0.2310391581796169,0.4210409005147761,-0.4393837773473834,0.1900017423351591,False,False,False,False,False,False,False,False,False,False,14.046412814888903,7.920685598101848,-15.065936996331745,-9.126986897149813,2.4348071563779747,1.7941723176816065,1.6081203817971288,9.414561744554405,Q1_low_g98,T3,HIGH,DWARF,0.5014679421114641,2.06,67.3,83.10271317829458,False
NGC 3109,5,5.42,6.45,-29.1644029619843,-21.05256568992603,8.11183727205827,29.1644029619843,21.05256568992603,-8.11183727205827,under_predicted_negative,under_predicted_negative,False,False,False,2.183638623539041,1.1759834780427831,-1.007655145496258,-28.66702408482685,-20.43326114118254,8.111837272058272,9.40412624238222,1.7203881419728737,0.5669576510247214,25,11.5,165.718894866706,0.040848958095064,0.5535045696917306,2.616905347915308,3.015847628316741,0.8604246778621595,0.2310391581796169,0.4210409005147761,-0.4393837773473834,0.1900017423351591,False,False,False,False,False,False,False,False,False,False,14.046412814888903,7.920685598101848,-15.065936996331745,-9.126986897149813,2.4348071563779747,1.7941723176816065,1.6081203817971288,9.414561744554405,Q1_low_g98,T3,HIGH,DWARF,0.5014679421114641,2.06,67.3,83.10271317829458,False
NGC 3198,3,40.1,44.08,-64.3913766704574,-55.563699242968106,8.827677427489299,64.3913766704574,55.563699242968106,-8.827677427489299,under_predicted_negative,under_predicted_negative,False,False,False,10.549116358177542,7.878637620322131,-2.670478737855412,-64.32920746458731,-55.4809465683055,8.827677427489292,10.79620200780228,1.8373468473474344,0.382324646561169,43,7.0,9123.535924999986,1.3689019478501283,0.9999999999981596,0.4002353340380166,0.7991776144394493,2.8414165474258906,2.2595296699071685,2.259529669908099,-0.5818868775177917,9.303668946358812e-13,False,True,False,False,False,False,False,False,False,False,25.45887996895752,25.45887996895752,-7.711637899656631,-5.4222580857174165,1.908723430322011,1.9087234303203384,1.0,11.501707056229662,Q3,T2,MEDIUM,SPIRAL,0.0151353685269379,10.657544952234398,157.0,138.08807849364794,True
NGC 3198,5,36.12,44.08,-61.487476336217846,-51.62921451230925,9.8582618239086,61.487476336217846,51.62921451230925,-9.8582618239086,under_predicted_negative,under_predicted_negative,False,False,False,9.67943824777609,6.873767154903166,-2.8056710928729247,-61.888260844592,-51.09205883678972,9.8582618239086,11.501707056229677,1.7749013530296205,0.4719929718563665,43,7.0,9123.535924999986,1.3689019478501283,0.9999999999981596,0.4002353340380166,0.7991776144394493,2.8414165474258906,2.2595296699071685,2.259529669908099,-0.5818868775177917,9.303668946358812e-13,False,True,False,False,False,False,False,False,False,False,25.45887996895752,25.45887996895752,-7.711637899656631,-5.4222580857174165,1.908723430322011,1.9087234303203384,1.0,11.501707056229662,Q3,T2,MEDIUM,SPIRAL,0.0151353685269379,10.657544952234398,157.0,138.08807849364794,True
NGC 3521,3,13.32,17.74,-49.8252276529218,-49.8252276529218,0.0,49.8252276529218,49.8252276529218,0.0,under_predicted_negative,under_predicted_negative,False,False,False,5.608199824680178,5.608199824680178,0.0,-49.747797172565896,-49.747797172565896,0.0,0.0,1.0,0.3020371407359073,41,3.2,67758.56586530268,4.647563140758961,1.0,-0.3688303327761039,0.0301119476253288,1.0478393853673873,1.0478393853673873,1.0478393853673875,2.220446049250313e-16,2.220446049250313e-16,False,False,False,False,False,False,False,False,False,False,13.881919497192,13.881919497192,7.893132174032711,7.893132174032715,1.0,1.0,1.0,1.1368683772161605e-13,Q4_high_g98,T1,MEDIUM,GIANT,0.0195536727342382,16.429544881589816,220.0,1324.9288218714769,True
NGC 3521,5,8.82,17.74,-39.49161433938114,-39.49161433938114,7.105427357601002e-15,39.49161433938114,39.49161433938114,-7.105427357601002e-15,under_predicted_negative,under_predicted_negative,False,False,False,3.852018780550905,3.852018780550903,-1.3322676295501878e-15,-38.1196006801512,-38.1196006801512,1.1368683772161604e-14,2.8421709430404014e-14,1.0,0.3513928723432704,41,3.2,67758.56586530268,4.647563140758961,1.0,-0.3688303327761039,0.0301119476253288,1.0478393853673873,1.0478393853673873,1.0478393853673875,2.220446049250313e-16,2.220446049250313e-16,False,False,False,False,False,False,False,False,False,False,13.881919497192,13.881919497192,7.893132174032711,7.893132174032715,1.0,1.0,1.0,1.1368683772161605e-13,Q4_high_g98,T1,MEDIUM,GIANT,0.0195536727342382,16.429544881589816,220.0,1324.9288218714769,True
NGC 3726,3,27.52,32.52,-17.193797020711667,-10.699964299084504,6.493832721627163,17.193797020711667,10.699964299084504,-6.493832721627163,under_predicted_negative,under_predicted_negative,False,False,False,0.6264014257076062,0.2507590965835493,-0.3756423291240569,-17.923778576663864,-10.955187835125544,6.493832721627162,9.168981582211076,1.1564010567984238,0.6410039689766186,12,5.5,5387.333857463467,0.6351081625594605,0.9999964070344312,1.265719092800896,1.6646613732023283,14.856056367745635,14.762145531607471,14.762145785464623,-0.0939105822810137,2.538571504118181e-07,False,False,True,True,False,False,True,True,False,False,88.9555040194253,88.95550401942532,60.54721284346582,62.17067102387259,1.2426418687057943,1.2426409969019143,1.0,9.168981582211076,Q3,T2,MEDIUM,SPIRAL,0.0652297693428714,15.82684062233994,169.0,351.41454489544896,False
NGC 3726,5,16.03,32.52,9.521169299790332,13.417468932766628,3.8962996329762944,9.521169299790332,13.417468932766628,3.8962996329762944,over_predicted_positive,over_predicted_positive,False,False,False,3.4777518463457757,3.252366448871341,-0.2253853974744344,-7.269100505856301,-3.92517466472421,3.896299632976286,9.168981582211076,1.093840634079054,0.6756138593411463,12,5.5,5387.333857463467,0.6351081625594605,0.9999964070344312,1.265719092800896,1.6646613732023283,14.856056367745635,14.762145531607471,14.762145785464623,-0.0939105822810137,2.538571504118181e-07,False,False,True,True,False,False,True,True,False,False,88.9555040194253,88.95550401942532,60.54721284346582,62.17067102387259,1.2426418687057943,1.2426409969019143,1.0,9.168981582211076,Q3,T2,MEDIUM,SPIRAL,0.0652297693428714,15.82684062233994,169.0,351.41454489544896,False
NGC 3741,3,6.07,7.0,-29.848673073101665,-19.59071790349906,10.257955169602608,29.848673073101665,19.59071790349906,-10.257955169602608,under_predicted_negative,under_predicted_negative,False,False,False,2.268510200280485,0.9892829254236748,-1.2792272748568103,-29.013473634941736,-18.37822623855468,10.257955169602605,11.131207159992377,2.97968828607594,0.4829213558477194,21,11.1,549.848101757632,0.1308208069942494,0.9244000173224044,2.3574125104729333,2.756354790874366,0.8176709183294115,0.2071047002815045,0.2284965376556654,-0.5891743806737462,0.0213918373741608,False,True,False,False,False,False,False,False,False,False,14.625630103372233,4.206192408028642,-14.577648355959958,-5.73118864729118,3.141592653589793,2.97968828607594,2.654711870768097,15.114237336996643,Q1_low_g98,T3,HIGH,DWARF,0.0506880768852364,0.23,51.6,27.87074285714285,False
NGC 3741,5,5.14,7.0,-28.60708897655244,-17.705999593653615,10.901089382898824,28.60708897655244,17.705999593653615,-10.901089382898824,under_predicted_negative,under_predicted_negative,False,False,False,2.0949796008510813,0.8267116925621888,-1.2682679082888924,-28.485639784835527,-17.46590470983699,10.901089382898824,12.840960899839931,2.97968828607594,0.5211224853044983,21,11.1,549.848101757632,0.1308208069942494,0.9244000173224044,2.3574125104729333,2.756354790874366,0.8176709183294115,0.2071047002815045,0.2284965376556654,-0.5891743806737462,0.0213918373741608,False,True,False,False,False,False,False,False,False,False,14.625630103372233,4.206192408028642,-14.577648355959958,-5.73118864729118,3.141592653589793,2.97968828607594,2.654711870768097,15.114237336996643,Q1_low_g98,T3,HIGH,DWARF,0.0506880768852364,0.23,51.6,27.87074285714285,False
NGC 3769,3,31.82,37.16,-45.93172503327408,-26.03175264570112,19.89997238757296,45.93172503327408,26.03175264570112,-19.89997238757296,under_predicted_negative,under_predicted_negative,False,False,False,4.275739275189773,1.3824552967619477,-2.8932839784278253,-45.84596199409896,-24.533539337682868,19.89997238757296,21.48052869584616,2.237665169602463,0.7278294484032003,12,6.0,8402.48132392118,1.0806123364240383,0.9999999994551074,0.6672754442747799,1.0662177246762126,3.1085885649357974,2.3386893539075544,2.338689354183409,-0.7698992107523885,2.7585445039335355e-10,False,True,False,False,False,False,False,False,False,False,33.88072729692572,23.973731268701982,-3.264627571998469,2.2740471415729844,2.3997310774764333,2.3997310767137305,1.0,21.480528695846147,Q3,T2,MEDIUM,SPIRAL,0.0101917309360052,7.858671623938408,126.0,85.6358288482239,True
NGC 3769,5,14.52,37.16,-36.76304249642189,-23.470223183850397,13.292819312571496,36.76304249642189,23.470223183850397,-13.292819312571496,under_predicted_negative,under_predicted_negative,False,False,False,2.972561024784419,1.1248029189786846,-1.8477581058057344,-45.04702882669248,-24.36543329825281,13.2928193125715,21.48052869584616,1.8061271795702385,0.6720687782854766,12,6.0,8402.48132392118,1.0806123364240383,0.9999999994551074,0.6672754442747799,1.0662177246762126,3.1085885649357974,2.3386893539075544,2.338689354183409,-0.7698992107523885,2.7585445039335355e-10,False,True,False,False,False,False,False,False,False,False,33.88072729692572,23.973731268701982,-3.264627571998469,2.2740471415729844,2.3997310774764333,2.3997310767137305,1.0,21.480528695846147,Q3,T2,MEDIUM,SPIRAL,0.0101917309360052,7.858671623938408,126.0,85.6358288482239,True
NGC 3877,3,9.6,11.35,42.82721443476469,42.8272144347647,7.105427357601002e-15,42.82721443476469,42.8272144347647,7.105427357601002e-15,over_predicted_positive,over_predicted_positive,False,False,False,4.453904530611113,4.453904530611115,1.7763568394002505e-15,42.51787667783162,42.51787667783162,1.8947806286936004e-14,5.684341886080803e-14,1.0,0.9111850252049268,13,7.3,10888.903094252872,1.70379801491932,0.9999999999999976,0.1727993246602813,0.571741605061714,3.5472163570382667,3.547216357038267,3.547216357038267,4.440892098500626e-16,0.0,False,False,False,False,False,False,False,False,False,False,41.153934888516346,41.153934888516346,32.67843852500688,32.67843852500688,1.0,1.0,1.0,2.8421709430404014e-14,Q3,T2,MEDIUM,SPIRAL,0.2987476711263301,11.35,171.0,3253.0344405286346,False
NGC 3877,5,7.85,11.35,44.59447027365267,44.59447027365267,0.0,44.59447027365267,44.59447027365267,0.0,over_predicted_positive,over_predicted_positive,False,False,False,4.841728335212245,4.841728335212245,0.0,45.86221941854919,45.86221941854916,1.1368683772161604e-14,5.684341886080803e-14,1.0,0.9295731783393676,13,7.3,10888.903094252872,1.70379801491932,0.9999999999999976,0.1727993246602813,0.571741605061714,3.5472163570382667,3.547216357038267,3.547216357038267,4.440892098500626e-16,0.0,False,False,False,False,False,False,False,False,False,False,41.153934888516346,41.153934888516346,32.67843852500688,32.67843852500688,1.0,1.0,1.0,2.8421709430404014e-14,Q3,T2,MEDIUM,SPIRAL,0.2987476711263301,11.35,171.0,3253.0344405286346,False
NGC 3893,3,15.33,19.05,-52.92806968299885,-52.92806968299883,2.131628207280301e-14,52.92806968299885,52.92806968299883,-2.131628207280301e-14,under_predicted_negative,under_predicted_negative,False,False,False,5.161362032747827,5.1613620327478245,-2.664535259100376e-15,-53.792249743743454,-53.79224974374344,2.3684757858670007e-14,4.263256414560601e-14,1.0,0.7580699152755411,10,6.5,21704.56290861741,3.0239563361343755,1.0,-0.2462340929465812,0.1527081874548515,2.9587550549335058,2.958755054933505,2.958755054933505,-8.881784197001252e-16,0.0,False,False,False,False,False,False,False,False,False,False,35.60575136587539,35.60575136587539,-26.233707177982968,-26.23370717798296,1.0,1.0,1.0,2.8421709430404014e-14,Q4_high_g98,T2,MEDIUM,SPIRAL,0.03921337624648,14.125356276933688,194.0,851.1091916010498,False
NGC 3893,5,10.9,19.05,-48.71824005102341,-48.7182400510234,7.105427357601002e-15,48.71824005102341,48.7182400510234,-7.105427357601002e-15,under_predicted_negative,under_predicted_negative,False,False,False,4.712229784224587,4.712229784224587,0.0,-49.33976533342249,-49.33976533342246,8.526512829121202e-15,4.263256414560601e-14,1.0,0.7552319591924537,10,6.5,21704.56290861741,3.0239563361343755,1.0,-0.2462340929465812,0.1527081874548515,2.9587550549335058,2.958755054933505,2.958755054933505,-8.881784197001252e-16,0.0,False,False,False,False,False,False,False,False,False,False,35.60575136587539,35.60575136587539,-26.233707177982968,-26.23370717798296,1.0,1.0,1.0,2.8421709430404014e-14,Q4_high_g98,T2,MEDIUM,SPIRAL,0.03921337624648,14.125356276933688,194.0,851.1091916010498,False
NGC 3917,3,13.12,14.86,31.20653069853332,31.21203634764833,0.0055056491150082,31.20653069853332,31.21203634764833,0.0055056491150082,over_predicted_positive,over_predicted_positive,False,False,False,2.44660793302022,2.4471762422768184,0.0005683092565984,31.772737338547387,31.772737338547387,0.0055056491150082,0.0165169473449964,1.00008773047984,0.979571753150052,17,7.0,1806.125370585075,0.2709923606570824,0.9952479291656072,1.9969064048508829,2.395848685252316,3.893048595019822,3.893149363897989,3.8931488848886366,0.0001002898688144,-4.790093517392791e-07,False,False,False,False,False,False,False,False,False,False,38.5034199453799,38.50341994537996,36.22802404822319,36.22899563336114,1.0002644481156977,1.00026319143952,1.0,0.0165169473449964,Q2,T2,HIGH,SPIRAL,0.3286866477117695,7.8101464364097986,138.0,593.6492934051143,False
NGC 3917,5,11.35,14.86,38.037234689954914,38.04053807942394,0.0033033894690248,38.037234689954914,38.04053807942394,0.0033033894690248,over_predicted_positive,over_predicted_positive,False,False,False,3.813919892892868,3.814260878446831,0.0003409855539628,39.029941894885525,39.02994189488555,0.0033033894690163,0.0165169473449964,1.000052638287904,0.987742726824201,17,7.0,1806.125370585075,0.2709923606570824,0.9952479291656072,1.9969064048508829,2.395848685252316,3.893048595019822,3.893149363897989,3.8931488848886366,0.0001002898688144,-4.790093517392791e-07,False,False,False,False,False,False,False,False,False,False,38.5034199453799,38.50341994537996,36.22802404822319,36.22899563336114,1.0002644481156977,1.00026319143952,1.0,0.0165169473449964,Q2,T2,HIGH,SPIRAL,0.3286866477117695,7.8101464364097986,138.0,593.6492934051143,False
NGC 3953,3,12.19,15.68,9.340117734675411,9.340117734675411,0.0,9.340117734675411,9.340117734675411,0.0,over_predicted_positive,over_predicted_positive,False,False,False,0.2759700694713324,0.2759700694713324,0.0,8.0310034735557,8.0310034735557,0.0,0.0,1.0,0.8702171312965495,8,8.8,11518.261157969464,2.1726046681984674,1.0,-0.0411757955468381,0.3577664848545946,0.5039055484343953,0.5039055484343957,0.5039055484343957,4.440892098500626e-16,0.0,False,False,False,False,False,False,False,False,False,False,14.701309379306169,14.70130937930618,13.587214517091688,13.587214517091695,1.0,1.0,1.0,5.684341886080804e-14,Q3,T3,MEDIUM-HIGH,GIANT,0.2727600203599447,15.68,224.0,3141.721147959184,False
NGC 3953,5,8.72,15.68,13.091073481332351,13.091073481332351,0.0,13.091073481332351,13.091073481332351,0.0,over_predicted_positive,over_predicted_positive,False,False,False,0.4992218279081334,0.4992218279081334,0.0,16.607203440937212,16.607203440937212,5.684341886080802e-15,5.684341886080803e-14,1.0,0.8426498086588776,8,8.8,11518.261157969464,2.1726046681984674,1.0,-0.0411757955468381,0.3577664848545946,0.5039055484343953,0.5039055484343957,0.5039055484343957,4.440892098500626e-16,0.0,False,False,False,False,False,False,False,False,False,False,14.701309379306169,14.70130937930618,13.587214517091688,13.587214517091695,1.0,1.0,1.0,5.684341886080804e-14,Q3,T3,MEDIUM-HIGH,GIANT,0.2727600203599447,15.68,224.0,3141.721147959184,False
NGC 3972,3,6.98,8.72,28.1863977751614,28.186397775161385,-1.0658141036401504e-14,28.1863977751614,28.186397775161385,-1.0658141036401504e-14,over_predicted_positive,over_predicted_positive,False,False,False,2.221992897119484,2.221992897119483,-8.881784197001252e-16,24.819517799354344,24.819517799354344,-9.473903143468002e-15,0.0,1.0,0.879258903926044,10,7.3,2579.782404597701,0.4036612413418617,0.9996536128674532,1.69923424127539,2.0981765216768227,2.1098092759724745,2.1098092759724745,2.1098092759724745,0.0,0.0,False,False,False,False,False,False,False,False,False,False,22.497727545768093,22.497727545768107,25.776917202687617,25.776917202687617,1.0,1.0,1.0,2.8421709430404014e-14,Q2,T2,HIGH,SPIRAL,0.4198052037455146,7.089731195400722,134.0,1083.0060779816513,False
NGC 3972,5,5.24,8.72,33.10724917174328,33.10724917174328,0.0,33.10724917174328,33.10724917174328,0.0,over_predicted_positive,over_predicted_positive,False,False,False,3.1389327119959662,3.138932711995966,-4.440892098500626e-16,26.68225631670859,26.68225631670859,-5.684341886080802e-15,0.0,1.0,0.834560855952029,10,7.3,2579.782404597701,0.4036612413418617,0.9996536128674532,1.69923424127539,2.0981765216768227,2.1098092759724745,2.1098092759724745,2.1098092759724745,0.0,0.0,False,False,False,False,False,False,False,False,False,False,22.497727545768093,22.497727545768107,25.776917202687617,25.776917202687617,1.0,1.0,1.0,2.8421709430404014e-14,Q2,T2,HIGH,SPIRAL,0.4198052037455146,7.089731195400722,134.0,1083.0060779816513,False
NGC 3992,3,36.7,46.02,-24.50523697307848,-23.85572930416305,0.6495076689154295,24.50523697307848,23.85572930416305,-0.6495076689154295,under_predicted_negative,under_predicted_negative,False,False,False,1.619256697912414,1.51724966583938,-0.1020070320730339,-26.156123329411685,-26.156123329411685,0.6495076689154379,1.9485230067463133,1.012497723420884,0.624750874064396,9,7.2,5054.556840990105,0.7800576425414488,0.99999979447963,1.041099667006383,1.4400419474078157,4.84620875459562,4.812206403804413,4.812206410571273,-0.0340023440243468,6.766859961260252e-09,False,False,False,False,False,False,False,False,False,False,37.09327650334996,35.14475349660367,23.8808029808116,24.097305537116736,1.0374931779682637,1.037493170262652,1.0,1.948523006746285,Q3,T2,MEDIUM-HIGH,GIANT,0.1069060037975438,28.18501107150262,272.0,540.3624728378965,False
NGC 3992,5,27.52,46.02,-4.768361100754665,-4.378656499405406,0.3897046013492584,4.768361100754665,4.378656499405406,-0.3897046013492584,under_predicted_negative,under_predicted_negative,False,False,False,1.6199031034648832,1.5586988842210632,-0.06120421924382,-10.266311086473792,-10.266311086473792,0.3897046013492627,1.9485230067463133,1.0074986340525305,0.7053766888473322,9,7.2,5054.556840990105,0.7800576425414488,0.99999979447963,1.041099667006383,1.4400419474078157,4.84620875459562,4.812206403804413,4.812206410571273,-0.0340023440243468,6.766859961260252e-09,False,False,False,False,False,False,False,False,False,False,37.09327650334996,35.14475349660367,23.8808029808116,24.097305537116736,1.0374931779682637,1.037493170262652,1.0,1.948523006746285,Q3,T2,MEDIUM-HIGH,GIANT,0.1069060037975438,28.18501107150262,272.0,540.3624728378965,False
NGC 4010,3,8.72,10.47,37.545740299300725,37.545740299300725,0.0,37.545740299300725,37.545740299300725,0.0,over_predicted_positive,over_predicted_positive,False,False,False,3.547323646562332,3.547323646562332,0.0,38.26541015656787,38.26541015656787,0.0,0.0,1.0,0.8909036171354675,12,6.0,2686.3247573464696,0.345478384363159,0.9989077002746796,1.824933457287913,2.2238757376893457,4.115683912005713,4.115683912005713,4.115683912005713,0.0,0.0,False,False,False,False,False,False,False,False,False,False,41.788299304780736,41.788299304780736,38.52469935357063,38.52469935357062,1.0,1.0,1.0,2.8421709430404014e-14,Q3,T2,MEDIUM,SPIRAL,0.3298521156332412,6.704658362269055,129.0,886.0899044890162,False
NGC 4010,5,6.98,10.47,35.62221378054996,35.62221378054996,0.0,35.62221378054996,35.62221378054996,0.0,over_predicted_positive,over_predicted_positive,False,False,False,3.3623043046513863,3.3623043046513863,0.0,38.26541015656787,38.26541015656787,0.0,0.0,1.0,0.8419722258765386,12,6.0,2686.3247573464696,0.345478384363159,0.9989077002746796,1.824933457287913,2.2238757376893457,4.115683912005713,4.115683912005713,4.115683912005713,0.0,0.0,False,False,False,False,False,False,False,False,False,False,41.788299304780736,41.788299304780736,38.52469935357063,38.52469935357062,1.0,1.0,1.0,2.8421709430404014e-14,Q3,T2,MEDIUM,SPIRAL,0.3298521156332412,6.704658362269055,129.0,886.0899044890162,False
NGC 4013,3,29.61,31.01,-55.08375100759631,-51.5121039593366,3.571647048259713,55.08375100759631,51.5121039593366,-3.571647048259713,under_predicted_negative,under_predicted_negative,False,False,False,7.04401654611172,6.172242955328545,-0.8717735907831745,-55.07066526872781,-51.54862195855519,3.571647048259716,4.018933353637465,1.171809638759098,0.6351027231195618,36,9.0,8175.220068425574,1.5770776485581122,0.9999999999999698,0.2500413647251415,0.6489836451265742,3.741677304228451,3.614015789464605,3.6140157894646094,-0.1276615147638415,3.9968028886505635e-15,False,False,False,False,False,False,False,False,False,False,37.36245372276836,37.36245372276835,-9.30953458761021,-8.802651870698838,1.1968448495898991,1.1968448495898931,1.0,4.018933353637465,Q3,T3,MEDIUM,BULGE-DOM,0.0468629904011152,15.691544888819807,198.0,383.1152595936794,False
NGC 4013,5,28.1,31.01,-55.91541964699286,-52.83855241758365,3.07686722940921,55.91541964699286,52.83855241758365,-3.07686722940921,under_predicted_negative,under_predicted_negative,False,False,False,7.406868425516189,6.629096650017042,-0.7777717754991471,-56.596013732951775,-54.29811506536781,3.076867229409205,4.018933353637465,1.1467080788163644,0.6314410654758171,36,9.0,8175.220068425574,1.5770776485581122,0.9999999999999698,0.2500413647251415,0.6489836451265742,3.741677304228451,3.614015789464605,3.6140157894646094,-0.1276615147638415,3.9968028886505635e-15,False,False,False,False,False,False,False,False,False,False,37.36245372276836,37.36245372276835,-9.30953458761021,-8.802651870698838,1.1968448495898991,1.1968448495898931,1.0,4.018933353637465,Q3,T3,MEDIUM,BULGE-DOM,0.0468629904011152,15.691544888819807,198.0,383.1152595936794,False
NGC 4088,3,17.42,21.48,15.39636152552356,15.39636152552356,0.0,15.39636152552356,15.39636152552356,0.0,over_predicted_positive,over_predicted_positive,False,False,False,0.8552377799219356,0.8552377799219361,4.440892098500626e-16,14.41219890355302,14.412198903553048,-1.8947806286936004e-14,0.0,1.0,0.7853102680544451,12,6.8,11061.20685578661,1.612213456924357,0.9999999999999848,0.2276347422150702,0.6265770226165029,10.77383081989296,10.773830819892956,10.773830819892956,-1.7763568394002505e-15,0.0,False,False,True,True,False,False,True,True,False,False,62.56024883573397,62.56024883573396,60.23480108255378,60.23480108255376,1.0,1.0,1.0,5.684341886080804e-14,Q3,T2,MEDIUM,SPIRAL,0.1084199246780388,18.92687240101675,182.0,1199.2552141527,False
NGC 4088,5,13.94,21.48,26.90868780404049,26.90868780404049,0.0,26.90868780404049,26.90868780404049,0.0,over_predicted_positive,over_predicted_positive,False,False,False,2.3581322259276782,2.3581322259276787,4.440892098500626e-16,29.63145569194154,29.63145569194154,-1.1368683772161604e-14,0.0,1.0,0.733101488894618,12,6.8,11061.20685578661,1.612213456924357,0.9999999999999848,0.2276347422150702,0.6265770226165029,10.77383081989296,10.773830819892956,10.773830819892956,-1.7763568394002505e-15,0.0,False,False,True,True,False,False,True,True,False,False,62.56024883573397,62.56024883573396,60.23480108255378,60.23480108255376,1.0,1.0,1.0,5.684341886080804e-14,Q3,T2,MEDIUM,SPIRAL,0.1084199246780388,18.92687240101675,182.0,1199.2552141527,False
NGC 4100,3,21.02,22.76,-12.184797557683774,-12.001228744863823,0.183568812819951,12.184797557683774,12.001228744863823,-0.183568812819951,under_predicted_negative,under_predicted_negative,False,False,False,0.3306950368319751,0.3192270299382385,-0.0114680068937366,-11.6686941525262,-11.6686941525262,0.1835688128199516,0.550706438459855,1.0046126155750592,0.6850220473529239,24,7.0,6313.859853531952,0.9473361121173672,0.9999999924344845,0.8192813703427653,1.218223650744198,3.383336886693252,3.3819033858209138,3.3819033858315337,-0.0014335008617178,1.0619949364354396e-11,False,False,False,False,False,False,False,False,False,False,22.705683248201225,22.70568324820121,16.604637394617487,16.62758349621998,1.013837846829868,1.0138378467251776,1.0,0.550706438459855,Q3,T2,MEDIUM,SPIRAL,0.0907794835532162,14.092688694805474,195.0,573.1689367311071,False
NGC 4100,5,19.16,22.76,-13.143658002530625,-13.033516714838653,0.110141287691972,13.143658002530625,13.033516714838653,-0.110141287691972,under_predicted_negative,under_predicted_negative,False,False,False,0.4290048613898963,0.4221240572536543,-0.006880804136242,-11.6686941525262,-11.6686941525262,0.110141287691971,0.550706438459855,1.0027675693450355,0.6156856861040696,24,7.0,6313.859853531952,0.9473361121173672,0.9999999924344845,0.8192813703427653,1.218223650744198,3.383336886693252,3.3819033858209138,3.3819033858315337,-0.0014335008617178,1.0619949364354396e-11,False,False,False,False,False,False,False,False,False,False,22.705683248201225,22.70568324820121,16.604637394617487,16.62758349621998,1.013837846829868,1.0138378467251776,1.0,0.550706438459855,Q3,T2,MEDIUM,SPIRAL,0.0907794835532162,14.092688694805474,195.0,573.1689367311071,False
NGC 4157,3,26.13,29.61,-52.63396071684076,-52.63396071684076,0.0,52.63396071684076,52.63396071684076,0.0,under_predicted_negative,under_predicted_negative,False,False,False,5.024788202519262,5.024788202519262,0.0,-52.00439433463626,-52.00439433463626,0.0,0.0,1.0,0.5892107626618663,17,8.4,13730.499083323482,2.4721608500861074,1.0,-0.1337846940432245,0.2651575863582082,2.6001585445318574,2.600158544531858,2.600158544531858,4.440892098500626e-16,0.0,False,False,False,False,False,False,False,False,False,False,34.6286823688105,34.6286823688105,-3.0371459757317147,-3.03714597573171,1.0,1.0,1.0,5.684341886080804e-14,Q3,T3,MEDIUM,GIANT,0.0435597301961819,18.68737398573451,201.0,598.0968355285376,False
NGC 4157,5,22.65,29.61,-46.77760582903559,-46.77760582903559,0.0,46.77760582903559,46.77760582903559,0.0,under_predicted_negative,under_predicted_negative,False,False,False,4.304588518762388,4.304588518762388,0.0,-47.929693557393165,-47.929693557393165,0.0,0.0,1.0,0.5333665549506327,17,8.4,13730.499083323482,2.4721608500861074,1.0,-0.1337846940432245,0.2651575863582082,2.6001585445318574,2.600158544531858,2.600158544531858,4.440892098500626e-16,0.0,False,False,False,False,False,False,False,False,False,False,34.6286823688105,34.6286823688105,-3.0371459757317147,-3.03714597573171,1.0,1.0,1.0,5.684341886080804e-14,Q3,T3,MEDIUM,GIANT,0.0435597301961819,18.68737398573451,201.0,598.0968355285376,False
NGC 4183,3,18.93,21.02,-18.957281211815904,-2.890130580077866,16.067150631738038,18.957281211815904,2.890130580077866,-16.067150631738038,under_predicted_negative,under_predicted_negative,False,False,False,0.8443112417164063,0.1829247411210872,-0.661386500595319,-19.190919453356003,-2.657827359544072,16.06715063173803,17.032141243812518,1.5995686827911826,0.5339018838771411,23,5.2,1601.2648643678156,0.1784750995565791,0.9704879686419836,2.2291409908597744,2.628083271261207,0.3337979619812487,0.3812935780198341,0.3752886683821131,0.0414907064008643,-0.0060049096377209,False,False,False,False,False,False,False,False,False,False,9.72953432880989,12.796764148442335,4.769112572646139,9.91134383785342,1.6944458509753422,1.6739513432449136,1.0,17.032141243812532,Q2,T2,MEDIUM,SPIRAL,0.1110159303523418,1.2897355232650238,115.0,177.76590865842056,False
NGC 4183,5,16.95,21.02,-12.278503988151208,3.48434414392367,15.762848132074875,12.278503988151208,3.48434414392367,-8.794159844227538,under_predicted_negative,over_predicted_positive,True,True,False,0.5117760769078213,0.2758597979140667,-0.2359162789937546,-9.022134416616908,8.01000682719561,15.762848132074874,17.032141243812518,1.528757884025293,0.6063353064431183,23,5.2,1601.2648643678156,0.1784750995565791,0.9704879686419836,2.2291409908597744,2.628083271261207,0.3337979619812487,0.3812935780198341,0.3752886683821131,0.0414907064008643,-0.0060049096377209,False,False,False,False,False,False,False,False,False,False,9.72953432880989,12.796764148442335,4.769112572646139,9.91134383785342,1.6944458509753422,1.6739513432449136,1.0,17.032141243812532,Q2,T2,MEDIUM,SPIRAL,0.1110159303523418,1.2897355232650238,115.0,177.76590865842056,False
NGC 4214,3,4.8,5.63,-41.33148541839227,-37.50331852431253,3.828166894079736,41.33148541839227,37.50331852431253,-3.828166894079736,under_predicted_negative,under_predicted_negative,False,False,False,3.6310082709431697,2.989585602503507,-0.6414226684396627,-41.50551787460472,-37.51309271944015,3.828166894079738,3.992425155164561,1.5182177704383868,0.5529241793969948,14,11.2,4984.674225396825,1.1966466181773148,0.999999999944844,0.550465638137422,0.9494079185388546,1.8002291079939223,1.6004090514457086,1.600409051455857,-0.1998200565380652,1.0148548668098556e-11,False,False,False,False,False,False,False,False,False,False,27.823916770211905,27.8239167702119,-23.6439577346218,-22.43926725039808,1.6161547417533138,1.6161547417193292,1.0,3.992425155164561,Q3,T3,HIGH,SPIRAL,0.0394680200006782,1.9573839338032573,80.6,196.7352220248668,False
NGC 4214,5,3.96,5.63,-39.308852850735605,-36.10265813493556,3.206194715800045,39.308852850735605,36.10265813493556,-3.206194715800045,under_predicted_negative,under_predicted_negative,False,False,False,3.404712418729497,2.8713439375588736,-0.5333684811706232,-39.28574533947169,-35.72075224482375,3.206194715800045,3.992425155164561,1.410368456102678,0.5722643797248517,14,11.2,4984.674225396825,1.1966466181773148,0.999999999944844,0.550465638137422,0.9494079185388546,1.8002291079939223,1.6004090514457086,1.600409051455857,-0.1998200565380652,1.0148548668098556e-11,False,False,False,False,False,False,False,False,False,False,27.823916770211905,27.8239167702119,-23.6439577346218,-22.43926725039808,1.6161547417533138,1.6161547417193292,1.0,3.992425155164561,Q3,T3,HIGH,SPIRAL,0.0394680200006782,1.9573839338032573,80.6,196.7352220248668,False
NGC 4217,3,14.86,16.72,-46.662641148578814,-46.662641148578814,0.0,46.662641148578814,46.662641148578814,0.0,under_predicted_negative,under_predicted_negative,False,False,False,4.615156862912346,4.615156862912346,0.0,-47.318878283106926,-47.318878283106926,0.0,0.0,1.0,0.8212355963381913,19,9.0,28015.658179310347,5.404486723834894,1.0,-0.3848165435662213,0.0141257368352114,3.821419986231053,3.821419986231054,3.821419986231054,8.881784197001252e-16,0.0,False,False,False,False,False,False,False,False,False,False,29.61591352499568,29.615913524995705,0.9953916388914202,0.9953916388914216,1.0,1.0,1.0,5.684341886080804e-14,Q4_high_g98,T3,HIGH,BULGE-DOM,0.0504089330602247,15.746436051491017,191.0,1412.2394377990431,False
NGC 4217,5,13.12,16.72,-39.87224347616594,-39.87224347616596,-1.4210854715202004e-14,39.87224347616594,39.87224347616596,1.4210854715202004e-14,under_predicted_negative,under_predicted_negative,False,False,False,3.589034298394033,3.589034298394035,2.220446049250313e-15,-37.01002836474066,-37.01002836474066,-1.1368683772161604e-14,0.0,1.0,0.7151288821870577,19,9.0,28015.658179310347,5.404486723834894,1.0,-0.3848165435662213,0.0141257368352114,3.821419986231053,3.821419986231054,3.821419986231054,8.881784197001252e-16,0.0,False,False,False,False,False,False,False,False,False,False,29.61591352499568,29.615913524995705,0.9953916388914202,0.9953916388914216,1.0,1.0,1.0,5.684341886080804e-14,Q4_high_g98,T3,HIGH,BULGE-DOM,0.0504089330602247,15.746436051491017,191.0,1412.2394377990431,False
NGC 4559,3,19.67,20.97,-14.265618181986682,-8.25766362906712,6.007954552919562,14.265618181986682,8.25766362906712,-6.007954552919562,under_predicted_negative,under_predicted_negative,False,False,False,0.5200962445707412,0.2084650683306133,-0.3116311762401279,-13.868650176231212,-7.681889464093459,6.007954552919557,6.451302685941684,1.2472822343377017,0.457953040368374,32,6.3,4705.529777747624,0.6354189908648783,0.9999964290115994,1.2652017493338308,1.6641440297352634,2.434017992580804,2.3866500879435835,2.3866501971602707,-0.0473677954205333,1.0921668724961367e-07,False,False,False,False,False,False,False,False,False,False,16.41230343721115,14.41245462469729,19.2695512780531,20.63095225492661,1.2781800243444956,1.2781790309668557,1.0,6.451302685941698,Q3,T2,HIGH,SPIRAL,0.0700442395848713,7.964594851874727,124.0,329.59525512637106,False
NGC 4559,5,18.28,20.97,-11.73743402558724,-5.920042657619843,5.817391367967397,11.73743402558724,5.920042657619843,-5.817391367967397,under_predicted_negative,under_predicted_negative,False,False,False,0.3715117256637421,0.1305495742267043,-0.2409621514370378,-9.54507790083963,-3.0937752148979456,5.817391367967394,6.451302685941684,1.2189452084565997,0.5116163572902354,32,6.3,4705.529777747624,0.6354189908648783,0.9999964290115994,1.2652017493338308,1.6641440297352634,2.434017992580804,2.3866500879435835,2.3866501971602707,-0.0473677954205333,1.0921668724961367e-07,False,False,False,False,False,False,False,False,False,False,16.41230343721115,14.41245462469729,19.2695512780531,20.63095225492661,1.2781800243444956,1.2781790309668557,1.0,6.451302685941698,Q3,T2,HIGH,SPIRAL,0.0700442395848713,7.964594851874727,124.0,329.59525512637106,False
NGC 5005,3,9.83,11.47,-16.11182827562168,-16.11182827562168,0.0,16.11182827562168,16.11182827562168,0.0,under_predicted_negative,under_predicted_negative,False,False,False,0.4455749058615081,0.4455749058615081,0.0,-14.353882109241852,-14.353882109241852,9.473903143468002e-15,2.8421709430404014e-14,1.0,0.600674455053273,18,9.3,120116.4332244898,23.94398827512657,1.0,-0.3989422802760008,1.2543188709912556e-10,0.2335054045109789,0.2335054045109791,0.2335054045109792,2.498001805406602e-16,8.326672684688674e-17,False,False,False,False,False,False,False,False,False,False,9.0448220414565,9.0448220414565,-0.3646008170229529,-0.3646008170229511,1.0,1.0,1.0,5.684341886080804e-14,Q4_high_g98,T3,HIGH,BULGE-DOM,0.0547179274231165,11.47,265.0,6572.522275501307,False
NGC 5005,5,8.19,11.47,-6.292085590580582,-6.292085590580582,0.0,6.292085590580582,6.292085590580582,0.0,under_predicted_negative,under_predicted_negative,False,False,False,0.3160520822617756,0.3160520822617756,0.0,-3.234039458507993,-3.234039458507993,5.684341886080802e-15,2.8421709430404014e-14,1.0,0.5408207177972361,18,9.3,120116.4332244898,23.94398827512657,1.0,-0.3989422802760008,1.2543188709912556e-10,0.2335054045109789,0.2335054045109791,0.2335054045109792,2.498001805406602e-16,8.326672684688674e-17,False,False,False,False,False,False,False,False,False,False,9.0448220414565,9.0448220414565,-0.3646008170229529,-0.3646008170229511,1.0,1.0,1.0,5.684341886080804e-14,Q4_high_g98,T3,HIGH,BULGE-DOM,0.0547179274231165,11.47,265.0,6572.522275501307,False
NGC 5033,3,39.98,44.59,-91.74597102421323,-91.7459029878038,6.803640945918232e-05,91.74597102421323,91.7459029878038,-6.803640945918232e-05,under_predicted_negative,under_predicted_negative,False,False,False,20.90440379251517,20.90437278897617,-3.100353900364894e-05,-91.96291989097372,-91.96284900654388,6.803640944023452e-05,7.088442984581889e-05,1.290939824548924,0.5833754515841428,22,7.4,82842.22778684199,13.139976971377177,1.0,-0.398936106916654,6.173484778715377e-06,11.317131443357152,11.317125321211735,11.317125321211735,-6.122145418174796e-06,0.0,False,False,True,True,False,False,True,True,False,False,72.15355261511307,72.15355261511309,-55.519348720973966,-55.519335052991,1.3558885251199564,1.3558885251199564,1.0,7.088442983160803e-05,Q4_high_g98,T2,MEDIUM,BULGE-DOM,0.0034851726193104,18.17373214948096,225.0,288.71946400538235,True
NGC 5033,5,35.36,44.59,-88.92342758546958,-88.92336980076652,5.778470305983774e-05,88.92342758546958,88.92336980076652,-5.778470305983774e-05,under_predicted_negative,under_predicted_negative,False,False,False,19.81582385142797,19.815797910377437,-2.5941050537880983e-05,-89.40240127409356,-89.40233394674483,5.778470306836425e-05,7.088442984581889e-05,1.2276390810393951,0.6290004842970646,22,7.4,82842.22778684199,13.139976971377177,1.0,-0.398936106916654,6.173484778715377e-06,11.317131443357152,11.317125321211735,11.317125321211735,-6.122145418174796e-06,0.0,False,False,True,True,False,False,True,True,False,False,72.15355261511307,72.15355261511309,-55.519348720973966,-55.519335052991,1.3558885251199564,1.3558885251199564,1.0,7.088442983160803e-05,Q4_high_g98,T2,MEDIUM,BULGE-DOM,0.0034851726193104,18.17373214948096,225.0,288.71946400538235,True
NGC 5055,3,48.81,54.59,-65.5290359275715,-65.51505190299417,0.0139840245773257,65.5290359275715,65.51505190299417,-0.0139840245773257,under_predicted_negative,under_predicted_negative,False,False,False,10.749382892909043,10.744784065276534,-0.0045988276325115,-64.4813585066936,-64.46693034295332,0.0139840245773304,0.015296942656974,1.373181429937521,0.4393007471769463,28,7.6,47718.114080963496,7.773345629856444,1.0,-0.3976202886063399,0.0013219917950927,4.122294499698013,4.12142883962043,4.121428839620429,-0.0008656600775838,-8.881784197001252e-16,False,False,False,False,False,False,False,False,False,False,32.83303639928117,32.83303639928116,-10.013282167116769,-10.01062889166414,1.4450399651575938,1.4450399651575938,1.0,0.015296942656974,Q4_high_g98,T2,MEDIUM,GIANT,0.0052566020152105,21.970766920629696,206.0,250.83513464004392,True
NGC 5055,5,43.17,54.59,-65.56364121922414,-65.55055257014206,0.0130886490820785,65.56364121922414,65.55055257014206,-0.0130886490820785,under_predicted_negative,under_predicted_negative,False,False,False,10.889656355329093,10.88530402530734,-0.0043523300217529,-64.4813585066936,-64.46693034295332,0.0130886490820728,0.015296942656974,1.3073217044699348,0.4949969199319153,28,7.6,47718.114080963496,7.773345629856444,1.0,-0.3976202886063399,0.0013219917950927,4.122294499698013,4.12142883962043,4.121428839620429,-0.0008656600775838,-8.881784197001252e-16,False,False,False,False,False,False,False,False,False,False,32.83303639928117,32.83303639928116,-10.013282167116769,-10.01062889166414,1.4450399651575938,1.4450399651575938,1.0,0.015296942656974,Q4_high_g98,T2,MEDIUM,GIANT,0.0052566020152105,21.970766920629696,206.0,250.83513464004392,True
NGC 5371,3,40.4,46.24,-30.395578207582304,-30.395578207582304,0.0,30.395578207582304,30.395578207582304,0.0,under_predicted_negative,under_predicted_negative,False,False,False,2.400231515458032,2.400231515458032,0.0,-28.070497359958864,-28.070497359958864,0.0,0.0,1.0,0.4423053722879794,19,7.5,32375.00085517243,5.204537797697802,1.0,-0.3816899476356414,0.0172523327657913,1.0450137433837887,1.0450137433837892,1.0450137433837892,4.440892098500626e-16,0.0,False,False,False,False,False,False,False,False,False,False,18.724581342884846,18.724581342884846,-16.669640293731778,-16.669640293731778,1.0,1.0,1.0,5.684341886080804e-14,Q4_high_g98,T2,MEDIUM,GIANT,0.0237775650691096,34.05288518589021,242.0,769.7986894463668,False
NGC 5371,5,34.68,46.24,-21.673199038594294,-21.673199038594294,0.0,21.673199038594294,21.673199038594294,0.0,under_predicted_negative,under_predicted_negative,False,False,False,1.526999983513645,1.526999983513645,0.0,-21.648725122588644,-21.648725122588644,-5.684341886080802e-15,0.0,1.0,0.4754562022613482,19,7.5,32375.00085517243,5.204537797697802,1.0,-0.3816899476356414,0.0172523327657913,1.0450137433837887,1.0450137433837892,1.0450137433837892,4.440892098500626e-16,0.0,False,False,False,False,False,False,False,False,False,False,18.724581342884846,18.724581342884846,-16.669640293731778,-16.669640293731778,1.0,1.0,1.0,5.684341886080804e-14,Q4_high_g98,T2,MEDIUM,GIANT,0.0237775650691096,34.05288518589021,242.0,769.7986894463668,False
NGC 5585,3,9.57,10.96,-16.689172439848818,-5.45564804979594,11.233524390052878,16.689172439848818,5.45564804979594,-11.233524390052878,under_predicted_negative,under_predicted_negative,False,False,False,0.7681314014180742,0.1474453856678543,-0.6206860157502199,-15.83940488031358,-4.201082722850771,11.233524390052878,11.63832215746281,1.500689556267143,0.6615764168281024,24,5.0,2857.2943363148484,0.3062217962355691,0.9976293141456332,1.91397146102818,2.312913741429613,1.0916333653889774,0.9977829721414548,0.9978415757981348,-0.0937917895908425,5.86036566800896e-05,False,False,False,False,False,False,False,False,False,False,16.392476454672128,11.371172067361288,10.580386826025052,13.2902493719413,1.5775337015479922,1.5761645505713124,1.0,11.63832215746281,Q3,T2,MEDIUM,SPIRAL,0.0725370009696071,1.7306543779862906,92.3,207.25956204379565,False
NGC 5585,5,8.21,10.96,-13.211761825865816,-2.6515313186604343,10.560230507205382,13.211761825865816,2.6515313186604343,-10.560230507205382,under_predicted_negative,under_predicted_negative,False,False,False,0.5282563517673774,0.0911393894757951,-0.4371169622915822,-11.302415017223694,0.3323402805627324,10.56023050720538,11.63832215746281,1.427607082720454,0.7482788420038105,24,5.0,2857.2943363148484,0.3062217962355691,0.9976293141456332,1.91397146102818,2.312913741429613,1.0916333653889774,0.9977829721414548,0.9978415757981348,-0.0937917895908425,5.86036566800896e-05,False,False,False,False,False,False,False,False,False,False,16.392476454672128,11.371172067361288,10.580386826025052,13.2902493719413,1.5775337015479922,1.5761645505713124,1.0,11.63832215746281,Q3,T2,MEDIUM,SPIRAL,0.0725370009696071,1.7306543779862906,92.3,207.25956204379565,False
NGC 5907,3,45.29,50.33,-39.27602722176321,-33.62004077982477,5.655986441938438,39.27602722176321,33.62004077982477,-5.655986441938438,under_predicted_negative,under_predicted_negative,False,False,False,3.837796550874861,2.8038191108460704,-1.0339774400287904,-40.99216443402872,-35.032692829590985,5.65598644193842,6.960114629015749,1.1365470560227489,0.5809633644818771,19,7.0,6121.190238897213,0.918427823386644,0.9999999866137608,0.8550121002244251,1.2539543806258575,4.747646814973997,4.569986564192715,4.5699865663575405,-0.1776602486164566,2.164825652073432e-09,False,False,False,False,False,False,False,False,False,False,33.16359469527123,32.14438153739286,14.694469268903516,15.682580478742729,1.180904889332016,1.1809048869103798,1.0,6.960114629015749,Q3,T2,MEDIUM,GIANT,0.0645688499072255,24.56097807072001,235.0,395.2382137889927,False
NGC 5907,5,40.26,50.33,-35.10681609259249,-31.351993495203423,3.754822597389065,35.10681609259249,31.351993495203423,-3.754822597389065,under_predicted_negative,under_predicted_negative,False,False,False,3.154329675235556,2.4792207304930405,-0.6751089447425156,-33.16359469527123,-29.1152216029094,3.754822597389034,6.960114629015749,1.0900129665568337,0.5727871770290232,19,7.0,6121.190238897213,0.918427823386644,0.9999999866137608,0.8550121002244251,1.2539543806258575,4.747646814973997,4.569986564192715,4.5699865663575405,-0.1776602486164566,2.164825652073432e-09,False,False,False,False,False,False,False,False,False,False,33.16359469527123,32.14438153739286,14.694469268903516,15.682580478742729,1.180904889332016,1.1809048869103798,1.0,6.960114629015749,Q3,T2,MEDIUM,GIANT,0.0645688499072255,24.56097807072001,235.0,395.2382137889927,False
NGC 5985,3,28.92,34.72,-68.66405682007309,-68.6640568200731,-1.4210854715202004e-14,68.66405682007309,68.6640568200731,1.4210854715202004e-14,under_predicted_negative,under_predicted_negative,False,False,False,11.778479124223532,11.778479124223535,5.3290705182007506e-15,-70.31798107805793,-70.31798107805793,0.0,0.0,1.0,0.7160646717593447,33,10.0,6563.522270881915,1.4068509175808963,0.9999999999991298,0.3704756136904713,0.769417894091904,7.357524837491569,7.357524837491569,7.35752483749157,8.881784197001252e-16,8.881784197001252e-16,False,False,True,True,False,False,False,False,False,False,54.71447140023858,54.71447140023858,-53.34910241655674,-53.34910241655673,1.0,1.0,1.0,5.684341886080804e-14,Q3,T3,HIGH,GIANT,0.1581776008937867,26.77819770094636,305.0,1038.2022062211984,False
NGC 5985,5,24.77,34.72,-64.36519330615586,-64.36519330615586,0.0,64.36519330615586,64.36519330615586,0.0,under_predicted_negative,under_predicted_negative,False,False,False,10.335814806781912,10.335814806781917,3.552713678800501e-15,-62.522749544866514,-62.522749544866514,1.7053025658242404e-14,8.526512829121202e-14,1.0,0.7435348561198822,33,10.0,6563.522270881915,1.4068509175808963,0.9999999999991298,0.3704756136904713,0.769417894091904,7.357524837491569,7.357524837491569,7.35752483749157,8.881784197001252e-16,8.881784197001252e-16,False,False,True,True,False,False,False,False,False,False,54.71447140023858,54.71447140023858,-53.34910241655674,-53.34910241655673,1.0,1.0,1.0,5.684341886080804e-14,Q3,T3,HIGH,GIANT,0.1581776008937867,26.77819770094636,305.0,1038.2022062211984,False
NGC 6015,3,27.64,29.23,-49.13139877316346,-35.976322534395855,13.155076238767606,49.13139877316346,35.976322534395855,-13.155076238767606,under_predicted_negative,under_predicted_negative,False,False,False,5.677430030424354,3.122796276286989,-2.554633754137365,-52.63108432068688,-38.93362343918278,13.155076238767617,13.93866432059562,1.4981717140549984,0.6093093860529721,44,6.0,5859.155003701493,0.7535244571142659,0.999999653012332,1.079819982072398,1.4787622624738306,3.1647647771715826,2.722838323614244,2.7228384505681382,-0.4419263266034443,1.2695389450811945e-07,False,False,False,False,False,False,False,False,False,False,33.68283353530947,27.775647921645337,-1.878510559685736,0.6359571063629126,1.5439190921609665,1.5439189034277492,1.0,13.93866432059562,Q3,T2,MEDIUM,SPIRAL,0.037060183845207,10.4496584976937,166.0,217.14136161477927,False
NGC 6015,5,25.93,29.23,-45.34618808083166,-32.663648314640405,12.682539766191256,45.34618808083166,32.663648314640405,-12.682539766191256,under_predicted_negative,under_predicted_negative,False,False,False,5.0108355349813465,2.6566070655308165,-2.35422846945053,-43.09701240679719,-30.270718796909648,12.682539766191272,13.93866432059562,1.4465533899295862,0.6504952572505398,44,6.0,5859.155003701493,0.7535244571142659,0.999999653012332,1.079819982072398,1.4787622624738306,3.1647647771715826,2.722838323614244,2.7228384505681382,-0.4419263266034443,1.2695389450811945e-07,False,False,False,False,False,False,False,False,False,False,33.68283353530947,27.775647921645337,-1.878510559685736,0.6359571063629126,1.5439190921609665,1.5439189034277492,1.0,13.93866432059562,Q3,T2,MEDIUM,SPIRAL,0.037060183845207,10.4496584976937,166.0,217.14136161477927,False
NGC 6195,3,29.48,36.43,-31.62868937431152,-31.628689374311524,-7.105427357601002e-15,31.62868937431152,31.628689374311524,7.105427357601002e-15,under_predicted_negative,under_predicted_negative,False,False,False,2.514930175862352,2.5149301758623537,1.7763568394002505e-15,-29.20103585558246,-29.20103585558246,-1.8947806286936004e-14,0.0,1.0,0.426237710891899,23,7.9,38719.26611497974,6.556398214694132,1.0,-0.3944780941368861,0.0044641862645465,0.6910132032519077,0.6910132032519074,0.6910132032519081,3.3306690738754696e-16,6.661338147750939e-16,False,False,False,False,False,False,False,False,False,False,15.442887448475858,15.442887448475858,-9.82058149980214,-9.820581499802149,1.0,1.0,1.0,8.526512829121202e-14,Q4_high_g98,T2,HIGH,BULGE-DOM,0.0362675369781409,34.201190074364675,258.0,1404.2524155915455,False
NGC 6195,5,22.52,36.43,-20.513867253758526,-20.51386725375853,-3.552713678800501e-15,20.513867253758526,20.51386725375853,3.552713678800501e-15,under_predicted_negative,under_predicted_negative,False,False,False,1.5453579834114155,1.5453579834114168,1.1102230246251563e-15,-24.48588014652927,-24.48588014652927,-2.2737367544323207e-14,0.0,1.0,0.4421553345745683,23,7.9,38719.26611497974,6.556398214694132,1.0,-0.3944780941368861,0.0044641862645465,0.6910132032519077,0.6910132032519074,0.6910132032519081,3.3306690738754696e-16,6.661338147750939e-16,False,False,False,False,False,False,False,False,False,False,15.442887448475858,15.442887448475858,-9.82058149980214,-9.820581499802149,1.0,1.0,1.0,8.526512829121202e-14,Q4_high_g98,T2,HIGH,BULGE-DOM,0.0362675369781409,34.201190074364675,258.0,1404.2524155915455,False
NGC 6503,3,22.03,23.5,-53.67076273607376,-44.0860162141407,9.584746521933056,53.67076273607376,44.0860162141407,-9.584746521933056,under_predicted_negative,under_predicted_negative,False,False,False,6.781469733129828,4.567824635389884,-2.213645097739944,-55.1084830979538,-45.77074258537422,9.584746521933054,10.945816734018068,1.91336116653045,0.5357387531300253,31,6.5,9386.726657894736,1.307791899436614,0.9999999999938513,0.450596223449495,0.8495385038509278,3.321243827023308,2.5379810405247807,2.5379810405288747,-0.7832627864944328,4.094058425607727e-12,False,True,False,False,False,False,False,False,False,False,36.13315934369992,32.987934163824434,-21.726127630495167,-17.977957203758866,1.9723689101307456,1.9723689101247663,1.1116866265576029,10.9953648350358,Q3,T2,MEDIUM,SPIRAL,0.013730006392896,6.106987965422971,121.0,128.8798170212766,True
NGC 6503,5,20.45,23.5,-51.42086658152199,-41.3545758988833,10.066290682638687,51.42086658152199,41.3545758988833,-10.066290682638687,under_predicted_negative,under_predicted_negative,False,False,False,6.4394968981001695,4.166724951912991,-2.272771946187179,-50.33409461174229,-39.38827787772422,10.066290682638682,10.9953648350358,1.854199655426358,0.6040832409277479,31,6.5,9386.726657894736,1.307791899436614,0.9999999999938513,0.450596223449495,0.8495385038509278,3.321243827023308,2.5379810405247807,2.5379810405288747,-0.7832627864944328,4.094058425607727e-12,False,True,False,False,False,False,False,False,False,False,36.13315934369992,32.987934163824434,-21.726127630495167,-17.977957203758866,1.9723689101307456,1.9723689101247663,1.1116866265576029,10.9953648350358,Q3,T2,MEDIUM,SPIRAL,0.013730006392896,6.106987965422971,121.0,128.8798170212766,True
NGC 6674,3,62.48,72.41,-113.3258373431098,-105.90250050611483,7.423336836994963,113.3258373431098,105.90250050611483,-7.423336836994963,under_predicted_negative,under_predicted_negative,False,False,False,32.030952917832906,27.97295167321685,-4.058001244616055,-112.00163720023777,-104.26344386672476,7.423336836994959,8.119308783665375,1.460692715618828,0.6144212605453746,15,6.2,14970.85132192896,1.9895245465760607,1.0,0.0307032918616935,0.4296455722631262,14.539415031682577,13.434794501491895,13.4347945014919,-1.1046205301906775,1.7763568394002505e-15,False,True,True,True,False,False,True,True,False,False,67.22694880312022,67.22694880312022,-68.5787883703567,-66.4705899107261,1.5691267823898534,1.5691267823898534,1.0,8.119308783665375,Q3,T2,HIGH,BULGE-DOM,0.0140048889193321,26.410185459572748,291.0,209.66510979146528,True
NGC 6674,5,52.45,72.41,-105.97137618509184,-99.933627037983,6.0377491471088405,105.97137618509184,99.933627037983,-6.0377491471088405,under_predicted_negative,under_predicted_negative,False,False,False,28.499310314749284,25.30125838668401,-3.1980519280652686,-110.24782329220906,-103.83531489840254,6.037749147108824,8.119308783665375,1.3624403936108442,0.6159939474414019,15,6.2,14970.85132192896,1.9895245465760607,1.0,0.0307032918616935,0.4296455722631262,14.539415031682577,13.434794501491895,13.4347945014919,-1.1046205301906775,1.7763568394002505e-15,False,True,True,True,False,False,True,True,False,False,67.22694880312022,67.22694880312022,-68.5787883703567,-66.4705899107261,1.5691267823898534,1.5691267823898534,1.0,8.119308783665375,Q3,T2,HIGH,BULGE-DOM,0.0140048889193321,26.410185459572748,291.0,209.66510979146528,True
NGC 6946,3,19.65,20.4,-51.7043529764675,-51.7043529764675,0.0,51.7043529764675,51.7043529764675,0.0,under_predicted_negative,under_predicted_negative,False,False,False,3.517799279907715,3.517799279907716,4.440892098500626e-16,-53.70311203619784,-53.70311203619784,0.0,0.0,1.0,0.9016064026070532,58,6.0,53690.955800987824,6.904997102197602,1.0,-0.3957920107190305,0.0031502696824022,1.225199575310675,1.225199575310675,1.2251995753106752,2.220446049250313e-16,2.220446049250313e-16,False,False,False,False,False,False,False,False,False,False,18.41941738425001,18.41941738425001,-17.413256824527142,-17.413256824527146,1.0,1.0,1.0,2.8421709430404014e-14,Q4_high_g98,T2,MEDIUM,BULGE-DOM,0.014875242457118,14.974114412127012,181.0,798.6659852941177,True
NGC 6946,5,18.9,20.4,-49.13237115397538,-49.13237115397539,-7.105427357601002e-15,49.13237115397538,49.13237115397539,7.105427357601002e-15,under_predicted_negative,under_predicted_negative,False,False,False,3.450571152447373,3.450571152447374,8.881784197001252e-16,-47.63847969066494,-47.63847969066494,0.0,0.0,1.0,0.8082813161363884,58,6.0,53690.955800987824,6.904997102197602,1.0,-0.3957920107190305,0.0031502696824022,1.225199575310675,1.225199575310675,1.2251995753106752,2.220446049250313e-16,2.220446049250313e-16,False,False,False,False,False,False,False,False,False,False,18.41941738425001,18.41941738425001,-17.413256824527142,-17.413256824527146,1.0,1.0,1.0,2.8421709430404014e-14,Q4_high_g98,T2,MEDIUM,BULGE-DOM,0.014875242457118,14.974114412127012,181.0,798.6659852941177,True
NGC 7331,3,34.23,36.31,-89.8411510012407,-89.84115100124073,-2.8421709430404014e-14,89.8411510012407,89.84115100124073,2.8421709430404014e-14,under_predicted_negative,under_predicted_negative,False,False,False,18.456699395545,18.456699395545005,3.552713678800501e-15,-92.8791220531544,-92.8791220531544,-9.473903143468002e-15,0.0,1.0,0.9409722496673504,36,7.0,42616.29342791137,6.394179577214807,1.0,-0.3936918734528421,0.0052504069485905,4.150422962426432,4.150422962426433,4.150422962426432,0.0,-8.881784197001252e-16,False,False,False,False,False,False,False,False,False,False,32.57025745591348,32.57025745591348,-11.385772373638089,-11.385772373638092,1.0,1.0,1.0,8.526512829121202e-14,Q4_high_g98,T2,HIGH,GIANT,0.0218933783311069,28.309128864517096,257.0,933.014635086753,False
NGC 7331,5,32.06,36.31,-80.54148321704876,-80.54148321704878,-1.4210854715202004e-14,80.54148321704876,80.54148321704878,1.4210854715202004e-14,under_predicted_negative,under_predicted_negative,False,False,False,15.449789214689096,15.4497892146891,3.552713678800501e-15,-82.62760116034968,-82.62760116034968,-5.684341886080802e-15,0.0,1.0,0.8042154927307925,36,7.0,42616.29342791137,6.394179577214807,1.0,-0.3936918734528421,0.0052504069485905,4.150422962426432,4.150422962426433,4.150422962426432,0.0,-8.881784197001252e-16,False,False,False,False,False,False,False,False,False,False,32.57025745591348,32.57025745591348,-11.385772373638089,-11.385772373638092,1.0,1.0,1.0,8.526512829121202e-14,Q4_high_g98,T2,HIGH,GIANT,0.0218933783311069,28.309128864517096,257.0,933.014635086753,False
NGC 7793,3,6.82,7.87,-4.649862216635715,-4.649862216635715,0.0,4.649862216635715,4.649862216635715,0.0,under_predicted_negative,under_predicted_negative,False,False,False,0.0576762727318736,0.0576762727318736,6.938893903907228e-18,-3.6230072684590624,-3.623007268459048,0.0,1.4210854715202004e-14,1.0,0.4584746608900723,46,6.5,6428.2185064935065,0.8956020982596945,0.9999999789944012,0.8839636816548206,1.2829059620562533,1.0035202537524024,1.0035202537524024,1.0035202537524024,0.0,0.0,False,False,False,False,False,False,False,False,False,False,19.170913916068564,19.170913916068564,16.34782992202586,16.34782992202586,1.0,1.0,1.0,2.8421709430404014e-14,Q3,T2,PLATINUM,SPIRAL,0.1074801095004385,5.087330595534696,116.0,690.905628970775,False
NGC 7793,5,5.78,7.87,-6.860972395438108,-6.860972395438111,-2.664535259100376e-15,6.860972395438108,6.860972395438111,2.664535259100376e-15,under_predicted_negative,under_predicted_negative,False,False,False,0.1108581348352254,0.1108581348352255,9.714451465470121e-17,-6.7687725692751,-6.7687725692751,-5.684341886080802e-15,1.4210854715202004e-14,1.0,0.4198256788599074,46,6.5,6428.2185064935065,0.8956020982596945,0.9999999789944012,0.8839636816548206,1.2829059620562533,1.0035202537524024,1.0035202537524024,1.0035202537524024,0.0,0.0,False,False,False,False,False,False,False,False,False,False,19.170913916068564,19.170913916068564,16.34782992202586,16.34782992202586,1.0,1.0,1.0,2.8421709430404014e-14,Q3,T2,PLATINUM,SPIRAL,0.1074801095004385,5.087330595534696,116.0,690.905628970775,False
NGC 7814,3,17.36,19.53,-99.92052374646252,-99.92052374646252,0.0,99.92052374646252,99.92052374646252,0.0,under_predicted_negative,under_predicted_negative,False,False,False,24.48365762516171,24.48365762516171,0.0,-100.65628521330378,-100.65628521330378,-4.736951571734001e-15,0.0,1.0,0.7638893482457751,18,10.5,145488.97828599118,32.743907746450624,1.0,-0.3989422804014138,1.8929302569858922e-14,10.365064183753248,10.36506418375325,10.36506418375325,1.7763568394002505e-15,0.0,False,False,True,True,False,False,True,True,False,False,61.79034618088892,61.79034618088893,-56.39960610183281,-56.39960610183281,1.0,1.0,1.0,2.8421709430404014e-14,Q4_high_g98,T3,HIGH,BULGE-DOM,0.0062024825001383,14.757566756826796,265.0,902.3928417818736,True
NGC 7814,5,15.09,19.53,-92.99595023205248,-92.99595023205248,0.0,92.99595023205248,92.99595023205248,0.0,under_predicted_negative,under_predicted_negative,False,False,False,21.47326967923562,21.47326967923562,0.0,-90.63349525067537,-90.63349525067538,-2.842170943040401e-15,0.0,1.0,0.6766931923941518,18,10.5,145488.97828599118,32.743907746450624,1.0,-0.3989422804014138,1.8929302569858922e-14,10.365064183753248,10.36506418375325,10.36506418375325,1.7763568394002505e-15,0.0,False,False,True,True,False,False,True,True,False,False,61.79034618088892,61.79034618088893,-56.39960610183281,-56.39960610183281,1.0,1.0,1.0,2.8421709430404014e-14,Q4_high_g98,T3,HIGH,BULGE-DOM,0.0062024825001383,14.757566756826796,265.0,902.3928417818736,True
NGC0100,3,8.9,9.62,-22.82165582153093,-13.057561719042448,9.76409410248848,22.82165582153093,13.057561719042448,-9.76409410248848,under_predicted_negative,under_predicted_negative,False,False,False,1.1155723076806536,0.3877114279604494,-0.7278608797202042,-23.740462215598768,-13.972563323111345,9.76409410248848,10.4248463671467,1.4966577237880132,0.5159401291551818,21,7.5,1072.6607374137138,0.1724387090196522,0.966753430260018,2.2450531054003684,2.643995385801801,0.5904876391786611,0.4778178413634669,0.4791400138348434,-0.1113476253438176,0.0013221724713765,False,False,False,False,False,False,False,False,False,False,11.329451828741128,6.913018956186107,3.751185201898188,7.168282773956586,1.5478347563605055,1.52962112992718,1.01372706789283,10.468154667841944,Q2,T2,MEDIUM,SPIRAL,0.2013249390565372,1.59,91.2,215.9533575883576,False
NGC0100,5,7.98,9.62,-17.37308661685263,-7.474297307377489,9.89878930947514,17.37308661685263,7.474297307377489,-9.89878930947514,under_predicted_negative,under_predicted_negative,False,False,False,0.7457340820725206,0.2363329857237327,-0.5094010963487878,-17.337865323332807,-6.913018956186107,9.89878930947514,10.468154667841944,1.448557484128654,0.6090517985412044,21,7.5,1072.6607374137138,0.1724387090196522,0.966753430260018,2.2450531054003684,2.643995385801801,0.5904876391786611,0.4778178413634669,0.4791400138348434,-0.1113476253438176,0.0013221724713765,False,False,False,False,False,False,False,False,False,False,11.329451828741128,6.913018956186107,3.751185201898188,7.168282773956586,1.5478347563605055,1.52962112992718,1.01372706789283,10.468154667841944,Q2,T2,MEDIUM,SPIRAL,0.2013249390565372,1.59,91.2,215.9533575883576,False
UGC 00128,3,48.77,53.75,-43.54242988841363,1.8265552000594028,45.36898508847303,43.54242988841363,1.8265552000594028,-41.71587468835423,under_predicted_negative,over_predicted_positive,True,True,False,4.671967229090437,0.1040297524504793,-4.567937476639957,-45.79665548977704,-0.0928636120243595,45.36898508847304,48.5158636538482,2.733666311224044,0.8249718295422879,22,6.0,675.0228271999998,0.0868122125262571,0.819784944711144,2.4814245949890443,2.880366875390477,2.7291949519293897,0.6531133634325201,0.6166891494624384,-2.112505802466951,-0.0364242139700817,False,True,False,False,False,False,False,False,False,False,31.775643801679017,11.368137889937929,-30.002409650414403,-7.031776283118066,3.141592653589793,2.7556454151169008,1.692397135619268,48.5158636538482,Q2,T2,HIGH,SPIRAL,0.061624469639667,1.25,134.0,41.59792372093023,False
UGC 00128,5,43.8,53.75,-40.95239938663663,4.541538057075991,45.49393744371262,40.95239938663663,4.541538057075991,-36.41086132956064,under_predicted_negative,over_predicted_positive,True,True,False,4.217545563844358,0.1400655833662631,-4.077479980478096,-39.49596868500248,7.37350023603193,45.49393744371263,48.5158636538482,2.627347591101835,0.8583333552488991,22,6.0,675.0228271999998,0.0868122125262571,0.819784944711144,2.4814245949890443,2.880366875390477,2.7291949519293897,0.6531133634325201,0.6166891494624384,-2.112505802466951,-0.0364242139700817,False,True,False,False,False,False,False,False,False,False,31.775643801679017,11.368137889937929,-30.002409650414403,-7.031776283118066,3.141592653589793,2.7556454151169008,1.692397135619268,48.5158636538482,Q2,T2,HIGH,SPIRAL,0.061624469639667,1.25,134.0,41.59792372093023,False
UGC 00191,3,4.97,9.98,-15.765109742693085,-12.161376351442618,3.6037333912504663,15.765109742693085,12.161376351442618,-3.6037333912504663,under_predicted_negative,under_predicted_negative,False,False,False,0.8480728528247448,0.5371714267091109,-0.3109014261156338,-15.059526813139527,-11.227131747342511,3.603733391250467,4.950734455279573,1.266221114712006,0.338097420804246,9,5.0,932.3110591133004,0.0999175911082973,0.8608627181305024,2.443922572482278,2.842864852883711,0.3655002881430722,0.2480299343486323,0.2618664794378609,-0.1036338087052112,0.0138365450892285,False,False,False,False,False,False,False,False,False,False,6.0070780515042514,6.0070780515042514,-2.4114151319698944,-1.210170668219738,1.5471760547043485,1.47104346574871,1.0,4.950734455279573,Q2,T2,MEDIUM,SPIRAL,0.2318459090417375,0.87,83.85,216.1525050100201,False
UGC 00191,5,1.62,9.98,-10.47948965404068,-8.317249619290399,2.162240034750281,10.47948965404068,8.317249619290399,-2.162240034750281,under_predicted_negative,under_predicted_negative,False,False,False,0.5240712798958365,0.3375304242264562,-0.1865408556693802,-5.760621435435652,-5.760621435435652,2.1622400347502806,4.950734455279573,1.1597326688272036,0.4609490831263313,9,5.0,932.3110591133004,0.0999175911082973,0.8608627181305024,2.443922572482278,2.842864852883711,0.3655002881430722,0.2480299343486323,0.2618664794378609,-0.1036338087052112,0.0138365450892285,False,False,False,False,False,False,False,False,False,False,6.0070780515042514,6.0070780515042514,-2.4114151319698944,-1.210170668219738,1.5471760547043485,1.47104346574871,1.0,4.950734455279573,Q2,T2,MEDIUM,SPIRAL,0.2318459090417375,0.87,83.85,216.1525050100201,False
UGC 00731,3,9.09,10.91,-2.7927002580572093,2.686765503867548,5.479465761924757,2.7927002580572093,2.686765503867548,-0.1059347541896613,under_predicted_negative,over_predicted_positive,True,True,False,0.0259900490394658,0.0242440954830908,-0.001745953556375,-2.522095550555022,2.699142307797729,5.479465761924757,5.64883811510758,1.195407913741237,0.93149855619439,12,3.7,162.32935429828697,0.0128738931475042,0.2244016359883269,2.7024650707129863,3.101407351114419,0.6902562381438341,0.3960315164584715,0.4750213261850468,-0.2152349119587872,0.0789898097265752,False,False,False,False,False,False,False,False,False,False,16.424043512229332,13.08398186643228,-13.996019475796516,-9.852422722268193,1.9484072529062548,1.2128241391353585,1.2495552064957902,5.64883811510758,Q1_low_g98,T1,MEDIUM,DWARF,0.8146022598062972,8.19,74.0,132.23385884509622,False
UGC 00731,5,7.28,10.91,-4.362223483860872,0.7600603618742354,5.122283845735107,4.362223483860872,0.7600603618742354,-3.602163121986636,under_predicted_negative,over_predicted_positive,True,True,False,0.0691857870084367,0.0275096833010151,-0.0416761037074215,-3.98298137889266,0.7923382452561754,5.122283845735107,5.64883811510758,1.1877893076382928,0.9302955047744168,12,3.7,162.32935429828697,0.0128738931475042,0.2244016359883269,2.7024650707129863,3.101407351114419,0.6902562381438341,0.3960315164584715,0.4750213261850468,-0.2152349119587872,0.0789898097265752,False,False,False,False,False,False,False,False,False,False,16.424043512229332,13.08398186643228,-13.996019475796516,-9.852422722268193,1.9484072529062548,1.2128241391353585,1.2495552064957902,5.64883811510758,Q1_low_g98,T1,MEDIUM,DWARF,0.8146022598062972,8.19,74.0,132.23385884509622,False
UGC 01230,3,25.8,36.54,-13.137769964081912,16.613841307760243,29.751611271842155,13.137769964081912,16.613841307760243,3.4760713436783317,under_predicted_negative,over_predicted_positive,True,True,False,0.3741690404385556,0.5978130690668384,0.2236440286282827,-11.316954230526605,19.121748256878988,29.751611271842155,36.67686768276796,2.0616822649378275,0.6858379375353639,11,6.0,704.8977383524278,0.0906543153880603,0.8329470515555314,2.470379161607161,2.869321442008593,0.487258672958203,0.5042444501514853,0.4106086259549448,-0.0766500470032582,-0.0936358241965405,False,False,False,False,False,False,False,False,False,False,15.684638241449775,12.863487335599956,-10.173756493093784,0.376576473237882,2.653684280947515,2.377431446018962,1.1511669639429407,36.67686768276795,Q2,T2,HIGH,SPIRAL,0.0987069812742026,2.35,113.0,69.5783278598796,False
UGC 01230,5,13.27,36.54,-16.803216366987833,4.672199040323216,21.475415407311047,16.803216366987833,4.672199040323216,-12.131017326664615,under_predicted_negative,over_predicted_positive,True,True,False,0.5517437836214525,0.4756404200063978,-0.0761033636150547,-17.55511942588896,11.10809934232752,21.47541540731105,36.67686768276796,1.7760722341327368,0.596216289569939,11,6.0,704.8977383524278,0.0906543153880603,0.8329470515555314,2.470379161607161,2.869321442008593,0.487258672958203,0.5042444501514853,0.4106086259549448,-0.0766500470032582,-0.0936358241965405,False,False,False,False,False,False,False,False,False,False,15.684638241449775,12.863487335599956,-10.173756493093784,0.376576473237882,2.653684280947515,2.377431446018962,1.1511669639429407,36.67686768276795,Q2,T2,HIGH,SPIRAL,0.0987069812742026,2.35,113.0,69.5783278598796,False
UGC 01281,3,4.23,4.99,-15.787354796342663,-10.851950078088224,4.935404718254439,15.787354796342663,10.851950078088224,-4.935404718254439,under_predicted_negative,under_predicted_negative,False,False,False,0.6321346209738166,0.3119768142183215,-0.320157806755495,-15.695219259828583,-10.717295494501217,4.935404718254442,5.595890641390056,1.3997252085036636,0.4991495888340669,25,6.5,249.0989313063063,0.0347053425963688,0.4959380007345627,2.635490587974018,3.0344328683754505,0.1012935552659778,0.0899196952153855,0.0659047963081452,-0.0353887589578326,-0.0240148989072402,False,False,False,False,False,False,False,False,False,False,2.6018385518406184,3.534831887475761,-2.840279720793402,0.5275352769744208,1.8325481266492705,1.4128922534457449,1.2917930011142922,5.595890641390056,Q1_low_g98,T2,MEDIUM,DWARF,0.6041369947664045,2.22,56.9,150.48987975951906,False
UGC 01281,5,3.46,4.99,-12.680443745129258,-7.589484327273093,5.0909594178561655,12.680443745129258,7.589484327273093,-5.0909594178561655,under_predicted_negative,under_predicted_negative,False,False,False,0.4453637846315988,0.1961598574446656,-0.2492039271869332,-13.12973017621875,-7.533839534828694,5.090959417856169,5.595890641390056,1.3647575813125934,0.6146308712771393,25,6.5,249.0989313063063,0.0347053425963688,0.4959380007345627,2.635490587974018,3.0344328683754505,0.1012935552659778,0.0899196952153855,0.0659047963081452,-0.0353887589578326,-0.0240148989072402,False,False,False,False,False,False,False,False,False,False,2.6018385518406184,3.534831887475761,-2.840279720793402,0.5275352769744208,1.8325481266492705,1.4128922534457449,1.2917930011142922,5.595890641390056,Q1_low_g98,T2,MEDIUM,DWARF,0.6041369947664045,2.22,56.9,150.48987975951906,False
UGC 02455,3,3.02,4.03,61.05609936556982,61.05609936556982,0.0,61.05609936556982,61.05609936556982,0.0,over_predicted_positive,over_predicted_positive,False,False,False,9.8105357289474,9.810535728947398,-1.7763568394002505e-15,60.849349195224,60.84934919522399,0.0,0.0,1.0,0.8730151147750261,8,5.5,4194.311578543046,0.4944637904999948,0.9999423040747076,1.5171083329412718,1.9160506133427044,11.836162386904032,11.836162386904029,11.836162386904029,-3.552713678800501e-15,0.0,False,False,True,True,False,False,True,True,False,False,69.42278064538193,69.42278064538193,66.28959151039794,66.28959151039793,1.0,1.0,1.0,1.4210854715202004e-14,Q3,T2,HIGH,DWARF,0.3042771743431747,3.517102220252053,61.0,1276.2332754342433,False
UGC 02455,5,2.01,4.03,71.51575646831938,71.51575646831938,0.0,71.51575646831938,71.51575646831938,0.0,over_predicted_positive,over_predicted_positive,False,False,False,13.516103867944556,13.516103867944553,-3.552713678800501e-15,77.99621209553987,77.99621209553987,2.842170943040401e-15,2.8421709430404014e-14,1.0,0.9236605310692936,8,5.5,4194.311578543046,0.4944637904999948,0.9999423040747076,1.5171083329412718,1.9160506133427044,11.836162386904032,11.836162386904029,11.836162386904029,-3.552713678800501e-15,0.0,False,False,True,True,False,False,True,True,False,False,69.42278064538193,69.42278064538193,66.28959151039794,66.28959151039793,1.0,1.0,1.0,1.4210854715202004e-14,Q3,T2,HIGH,DWARF,0.3042771743431747,3.517102220252053,61.0,1276.2332754342433,False
UGC 02487,3,70.33,80.38,-162.4088961449395,-160.19720037428831,2.2116957706511755,162.4088961449395,160.19720037428831,-2.2116957706511755,under_predicted_negative,under_predicted_negative,False,False,False,51.09613268225056,49.77480201483754,-1.3213306674130223,-163.09832320269717,-160.81765280400256,2.211695770651147,3.0673724018299424,1.154024386278816,0.6250137194547706,17,10.8,10902.5277611796,2.5238414674141483,1.0,-0.147140121003935,0.2518021593974977,35.0279509390472,34.78120767986656,34.78120767986656,-0.24674325918064,0.0,False,False,True,True,False,False,True,True,False,False,132.23895974312262,132.2389597431226,-119.17373377100826,-118.76522375236516,1.2238960234746583,1.2238960234746583,1.0,3.0673724018299424,Q3,T3,HIGHEST,BULGE-DOM,0.0333743067449947,39.40305733014719,383.0,363.86430579746207,False
UGC 02487,5,60.28,80.38,-154.4140867730451,-153.0251527096586,1.3889340633865004,154.4140867730451,153.0251527096586,-1.3889340633865004,under_predicted_negative,under_predicted_negative,False,False,False,51.48563714611648,50.64671006490234,-0.8389270812141447,-154.25709591824443,-152.97005140681554,1.3889340633865004,3.0673724018299424,1.0965524197316578,0.6205185102437853,17,10.8,10902.5277611796,2.5238414674141483,1.0,-0.147140121003935,0.2518021593974977,35.0279509390472,34.78120767986656,34.78120767986656,-0.24674325918064,0.0,False,False,True,True,False,False,True,True,False,False,132.23895974312262,132.2389597431226,-119.17373377100826,-118.76522375236516,1.2238960234746583,1.2238960234746583,1.0,3.0673724018299424,Q3,T3,HIGHEST,BULGE-DOM,0.0333743067449947,39.40305733014719,383.0,363.86430579746207,False
UGC 02885,3,66.21,74.07,-137.63685643225588,-137.62691993446734,0.0099364977885443,137.63685643225588,137.62691993446734,-0.0099364977885443,under_predicted_negative,under_predicted_negative,False,False,False,38.98276504448933,38.977114097797504,-0.0056509466918299,-137.6389604874965,-137.6288769630318,0.0099364977885727,0.0151026930014666,1.069610425013084,0.6772194684254491,19,9.0,38177.93558980163,7.364886618686815,1.0,-0.3969533469397829,0.0019889334616498,19.28697992092293,19.28608766618212,19.28608766618212,-0.0008922547408189,0.0,False,False,True,True,False,False,True,True,False,False,80.90319944913395,80.90319944913392,-90.92813977544644,-90.926570854743,1.1130011079564324,1.1130011079564324,1.0,0.0151026930014666,Q4_high_g98,T3,PLATINUM,BULGE-DOM,0.0119080446919819,34.758155399353754,305.0,454.6245632509789,True
UGC 02885,5,58.46,74.07,-133.77876961212374,-133.7728077134506,0.0059618986731493,133.77876961212374,133.7728077134506,-0.0059618986731493,under_predicted_negative,under_predicted_negative,False,False,False,36.87722412628317,36.87383355826806,-0.0033905680151065,-136.0297716271674,-136.02514835126786,0.0059618986731493,0.0151026930014666,1.0417662550078504,0.6825205585785461,19,9.0,38177.93558980163,7.364886618686815,1.0,-0.3969533469397829,0.0019889334616498,19.28697992092293,19.28608766618212,19.28608766618212,-0.0008922547408189,0.0,False,False,True,True,False,False,True,True,False,False,80.90319944913395,80.90319944913392,-90.92813977544644,-90.926570854743,1.1130011079564324,1.1130011079564324,1.0,0.0151026930014666,Q4_high_g98,T3,PLATINUM,BULGE-DOM,0.0119080446919819,34.758155399353754,305.0,454.6245632509789,True
UGC 02916,3,31.72,38.0,-48.93752199728704,-48.93634679984388,0.0011751974431604,48.93752199728704,48.93634679984388,-0.0011751974431604,under_predicted_negative,under_predicted_negative,False,False,False,4.76477964277409,4.764535256833927,-0.0002443859401628,-48.92335983093179,-48.92335983093179,0.0011751974431604,0.0035255923294812,1.013714952006218,0.4740908062703674,43,7.4,44933.172032432405,7.127051764907614,1.0,-0.39641931892668,0.0025229614747527,2.589680655270941,2.589663605089069,2.589663605089069,-1.7050181872146908e-05,0.0,False,False,False,False,False,False,False,False,False,False,32.75775647372879,32.75775647372879,-26.67413816145796,-26.67405617093867,1.0411448560186536,1.0411448560186536,1.0,0.0035255923294812,Q4_high_g98,T2,HIGH,BULGE-DOM,0.0119197626277139,20.589911206100563,218.0,535.5927447368422,True
UGC 02916,5,25.34,38.0,-49.87400000917236,-49.87329489070646,0.0007051184659019,49.87400000917236,49.87329489070646,-0.0007051184659019,under_predicted_negative,under_predicted_negative,False,False,False,4.886080898169047,4.885934266604949,-0.0001466315640987,-48.92335983093179,-48.92335983093179,0.0007051184659019,0.0035255923294812,1.008228971203731,0.4582969973493955,43,7.4,44933.172032432405,7.127051764907614,1.0,-0.39641931892668,0.0025229614747527,2.589680655270941,2.589663605089069,2.589663605089069,-1.7050181872146908e-05,0.0,False,False,False,False,False,False,False,False,False,False,32.75775647372879,32.75775647372879,-26.67413816145796,-26.67405617093867,1.0411448560186536,1.0411448560186536,1.0,0.0035255923294812,Q4_high_g98,T2,HIGH,BULGE-DOM,0.0119197626277139,20.589911206100563,218.0,535.5927447368422,True
UGC 02953,3,57.59,62.39,-137.70137011205273,-137.70137011198062,7.210587682493497e-11,137.70137011205273,137.70137011198062,-7.210587682493497e-11,under_predicted_negative,under_predicted_negative,False,False,False,46.15344177974787,46.15344177969976,-4.811795406567399e-11,-135.3025603512283,-135.30256035114468,7.20964029217915e-11,8.364509085367901e-11,1.2740563075188394,0.4449443920589126,115,8.8,141664.65773515732,26.72115977342532,1.0,-0.398942280393629,7.803702128938994e-12,9.712724815554042,9.712724815550894,9.712724815550894,-3.147704319417244e-12,0.0,False,False,True,True,False,False,False,False,False,False,41.10231468116916,41.10231468116916,-40.86167180999357,-40.86167180998873,1.3204586819121755,1.3204586819121755,1.0,8.364509085367901e-11,Q4_high_g98,T3,MEDIUM,BULGE-DOM,0.0021621958161072,28.026651090739723,319.0,306.3067302452316,True
UGC 02953,5,53.98,62.39,-138.31341449396487,-138.31341449389032,7.455014383594971e-11,138.31341449396487,138.31341449389032,-7.455014383594971e-11,under_predicted_negative,under_predicted_negative,False,False,False,46.748694900688335,46.74869490063803,-5.0306425691815087e-11,-138.38649746306464,-138.38649746299154,7.455298600689275e-11,8.364509085367901e-11,1.232946123103752,0.5369230010792747,115,8.8,141664.65773515732,26.72115977342532,1.0,-0.398942280393629,7.803702128938994e-12,9.712724815554042,9.712724815550894,9.712724815550894,-3.147704319417244e-12,0.0,False,False,True,True,False,False,False,False,False,False,41.10231468116916,41.10231468116916,-40.86167180999357,-40.86167180998873,1.3204586819121755,1.3204586819121755,1.0,8.364509085367901e-11,Q4_high_g98,T3,MEDIUM,BULGE-DOM,0.0021621958161072,28.026651090739723,319.0,306.3067302452316,True
UGC 03205,3,31.52,40.04,-99.08743043796731,-99.05813312617772,0.0292973117896195,99.08743043796731,99.05813312617772,-0.0292973117896195,under_predicted_negative,under_predicted_negative,False,False,False,24.203384571768584,24.188474270829857,-0.0149103009387268,-103.48949888357473,-103.45181560903264,0.0292973117896101,0.0502086608267404,1.1164959907627778,0.429074367422469,48,7.9,33628.32597612268,5.694340789886595,1.0,-0.3883709635609979,0.0105713168404348,6.727635030377443,6.72670313656877,6.72670313656877,-0.0009318938086728,0.0,False,False,True,True,False,False,False,False,False,False,41.56574044235214,41.56574044235214,-45.84030769693701,-45.83847661495017,1.2285866143975384,1.2285866143975384,1.0,0.0502086608267546,Q4_high_g98,T2,HIGH,BULGE-DOM,0.0107255965224062,19.508788837548902,237.0,360.6838561438561,True
UGC 03205,5,26.69,40.04,-90.96840445325527,-90.9508260661815,0.0175783870737689,90.96840445325527,90.9508260661815,-0.0175783870737689,under_predicted_negative,under_predicted_negative,False,False,False,20.890734570157555,20.88178838959432,-0.0089461805632389,-86.14621646870741,-86.1462164687074,0.017578387073766,0.0502086608267404,1.0698975944576667,0.4800507982266679,48,7.9,33628.32597612268,5.694340789886595,1.0,-0.3883709635609979,0.0105713168404348,6.727635030377443,6.72670313656877,6.72670313656877,-0.0009318938086728,0.0,False,False,True,True,False,False,False,False,False,False,41.56574044235214,41.56574044235214,-45.84030769693701,-45.83847661495017,1.2285866143975384,1.2285866143975384,1.0,0.0502086608267546,Q4_high_g98,T2,HIGH,BULGE-DOM,0.0107255965224062,19.508788837548902,237.0,360.6838561438561,True
UGC 03546,3,22.92,29.23,-64.2815047926568,-64.28150479265679,1.4210854715202004e-14,64.2815047926568,64.28150479265679,-1.4210854715202004e-14,under_predicted_negative,under_predicted_negative,False,False,False,7.312889297930089,7.312889297930088,-8.881784197001252e-16,-62.7679925711345,-62.7679925711345,1.4210854715202004e-14,4.263256414560601e-14,1.0096128667146107,0.3575344736433045,30,7.9,211180.4720793248,35.75954322087422,1.0,-0.3989422804014317,9.992007221626409e-16,1.7495639586507266,1.7495639586507266,1.7495639586507266,0.0,0.0,False,False,False,False,False,False,False,False,False,False,24.21136250664206,24.211362506642075,1.2484186413781837,1.24841864137819,1.028838600143832,1.028838600143832,1.0,8.526512829121202e-14,Q4_high_g98,T2,HIGH,BULGE-DOM,0.0026137359077734,18.06599474113369,262.0,551.9699828942867,True
UGC 03546,5,19.45,29.23,-56.27424455485652,-56.27424455485652,0.0,56.27424455485652,56.27424455485652,0.0,under_predicted_negative,under_predicted_negative,False,False,False,6.313531968071072,6.313531968071071,-8.881784197001252e-16,-55.28384665248015,-55.28384665248015,8.526512829121202e-15,4.263256414560601e-14,1.0057677200287665,0.334475572533096,30,7.9,211180.4720793248,35.75954322087422,1.0,-0.3989422804014317,9.992007221626409e-16,1.7495639586507266,1.7495639586507266,1.7495639586507266,0.0,0.0,False,False,False,False,False,False,False,False,False,False,24.21136250664206,24.211362506642075,1.2484186413781837,1.24841864137819,1.028838600143832,1.028838600143832,1.0,8.526512829121202e-14,Q4_high_g98,T2,HIGH,BULGE-DOM,0.0026137359077734,18.06599474113369,262.0,551.9699828942867,True
UGC 03580,3,21.02,27.06,-70.9339481817951,-70.1405487326977,0.7933994490974072,70.9339481817951,70.1405487326977,-0.7933994490974072,under_predicted_negative,under_predicted_negative,False,False,False,12.92066421199889,12.632790546615832,-0.2878736653830582,-70.68894909381112,-69.86435253335861,0.7933994490974096,0.8854915082547947,1.7842922802666397,0.5150656291416712,47,7.0,26258.132284910487,3.939789214094685,1.0,-0.3378310317995441,0.0611112486018886,3.3061760585266886,3.2696460085729098,3.2696460085729098,-0.0365300499537788,0.0,False,False,False,False,False,False,False,False,False,False,30.72167338924952,30.72167338924952,-4.392256238355533,-4.2827780907583,2.0025195743997566,2.0025195743997566,1.0,0.8854915082548018,Q4_high_g98,T2,HIGH,BULGE-DOM,0.0047543357795781,6.008691537682365,131.0,124.839977827051,True
UGC 03580,5,18.11,27.06,-68.9931428203657,-68.21761312386673,0.7755296964989782,68.9931428203657,68.21761312386673,-0.7755296964989782,under_predicted_negative,under_predicted_negative,False,False,False,12.245306261858014,11.971108199366569,-0.2741980624914468,-69.47704259940369,-68.80693232081877,0.775529696498974,0.8854915082547947,1.6446822193890505,0.593872568037349,47,7.0,26258.132284910487,3.939789214094685,1.0,-0.3378310317995441,0.0611112486018886,3.3061760585266886,3.2696460085729098,3.2696460085729098,-0.0365300499537788,0.0,False,False,False,False,False,False,False,False,False,False,30.72167338924952,30.72167338924952,-4.392256238355533,-4.2827780907583,2.0025195743997566,2.0025195743997566,1.0,0.8854915082548018,Q4_high_g98,T2,HIGH,BULGE-DOM,0.0047543357795781,6.008691537682365,131.0,124.839977827051,True
UGC 04278,3,6.36,6.69,3.554175760608004,8.591648597338297,5.037472836730293,3.554175760608004,8.591648597338297,5.037472836730293,over_predicted_positive,over_predicted_positive,False,False,False,0.0387975224050204,0.1789096342902187,0.1401121118851983,4.340359555034141,9.4339143816467,5.037472836730278,5.267049745997554,1.1330549973016428,0.9635014948798118,25,6.0,623.0601019381443,0.08012947682147,0.7943732144939979,2.50073778615065,2.8996800665520825,0.2848750424874823,0.202963656447854,0.20764329846868,-0.0772317440188023,0.0046796420208259,False,False,False,False,False,False,False,False,False,False,7.131232305735008,7.607423086596952,-2.619292065599184,1.1040547442449868,1.1797061436546616,1.1427537469992737,1.2060150793403883,8.436143122447092,Q2,T2,HIGH,SPIRAL,0.635853405890323,1.25,92.8,396.1748878923767,False
UGC 04278,5,5.68,6.69,0.4692078987629827,6.322016530871895,5.852808632108912,0.4692078987629827,6.322016530871895,5.852808632108912,over_predicted_positive,over_predicted_positive,False,False,False,0.0350091632859994,0.1130579078743407,0.0780487445883412,0.9109435030310352,6.177993249028617,5.852808632108904,7.3356252856187325,1.1678703479953008,0.973812664319779,25,6.0,623.0601019381443,0.08012947682147,0.7943732144939979,2.50073778615065,2.8996800665520825,0.2848750424874823,0.202963656447854,0.20764329846868,-0.0772317440188023,0.0046796420208259,False,False,False,False,False,False,False,False,False,False,7.131232305735008,7.607423086596952,-2.619292065599184,1.1040547442449868,1.1797061436546616,1.1427537469992737,1.2060150793403883,8.436143122447092,Q2,T2,HIGH,SPIRAL,0.635853405890323,1.25,92.8,396.1748878923767,False
UGC 04305,3,5.02,5.52,12.517044029338049,15.201426811993706,2.6843827826556588,12.517044029338049,15.201426811993706,2.6843827826556588,over_predicted_positive,over_predicted_positive,False,False,False,0.4163512915174638,0.6155229281772966,0.1991716366598327,11.504079021540242,14.059867555025996,2.6843827826556628,3.593762766267844,1.3457962695666892,0.1982078985937334,22,11.5,709.8628396825396,0.1749779795162088,0.9683787802745948,2.238347802815605,2.637290083217038,1.1734577493873994,1.4148608354120422,1.406961138390314,0.2335033890029145,-0.0078996970217282,False,False,False,False,False,False,False,False,False,False,19.415955774877,20.336230173837443,20.23012240627616,22.344642504995644,1.4090719541091214,1.3961365999647362,1.1155039288255022,4.124941872818063,Q2,T3,HIGH,DWARF,0.3734978527612587,1.26,37.3,265.1322463768117,False
UGC 04305,5,4.52,5.52,15.447191587808254,18.64809166829209,3.200900080483832,15.447191587808254,18.64809166829209,3.200900080483832,over_predicted_positive,over_predicted_positive,False,False,False,0.6477886959215519,0.94273143655772,0.2949427406361681,16.394891428989,19.98865419525684,3.200900080483829,4.124941872818063,1.311869168219475,0.2885283280267028,22,11.5,709.8628396825396,0.1749779795162088,0.9683787802745948,2.238347802815605,2.637290083217038,1.1734577493873994,1.4148608354120422,1.406961138390314,0.2335033890029145,-0.0078996970217282,False,False,False,False,False,False,False,False,False,False,19.415955774877,20.336230173837443,20.23012240627616,22.344642504995644,1.4090719541091214,1.3961365999647362,1.1155039288255022,4.124941872818063,Q2,T3,HIGH,DWARF,0.3734978527612587,1.26,37.3,265.1322463768117,False
UGC 04325,3,4.19,5.59,10.035476639320343,10.654849268586284,0.6193726292659392,10.035476639320343,10.654849268586284,0.6193726292659392,over_predicted_positive,over_predicted_positive,False,False,False,0.2604783054586545,0.2893834950544586,0.0289051895958041,9.850462080284316,10.153145681262004,0.6193726292659344,1.8581178877978035,1.0152121283214008,1.0,8,5.7,924.714907458284,0.1129779862929699,0.8924818987089476,2.40703504125072,2.805977321652153,0.2506475642299201,0.262925209059712,0.2614870103283466,0.0108394460984265,-0.0014381987313654,False,False,False,False,False,False,False,False,False,False,9.072744936874258,10.00180388077316,0.5481464119757833,0.7804111479505105,1.0511342415237992,1.0456363849642023,1.0,1.8581178877978035,Q2,T2,HIGH,SPIRAL,0.5654855864021935,2.79,92.7,522.9129516994633,False
UGC 04325,5,2.79,5.59,7.507441348922444,7.879064926482007,0.3716235775595633,7.507441348922444,7.879064926482007,0.3716235775595633,over_predicted_positive,over_predicted_positive,False,False,False,0.191098807239147,0.2084419209966294,0.0173431137574824,8.2950277934642,9.850462080284316,0.3716235775595606,1.8581178877978035,1.0091272769928403,0.9414250967914004,8,5.7,924.714907458284,0.1129779862929699,0.8924818987089476,2.40703504125072,2.805977321652153,0.2506475642299201,0.262925209059712,0.2614870103283466,0.0108394460984265,-0.0014381987313654,False,False,False,False,False,False,False,False,False,False,9.072744936874258,10.00180388077316,0.5481464119757833,0.7804111479505105,1.0511342415237992,1.0456363849642023,1.0,1.8581178877978035,Q2,T2,HIGH,SPIRAL,0.5654855864021935,2.79,92.7,522.9129516994633,False
UGC 04483,3,0.89,1.21,-1.0551514295142443,1.625311011795784,2.680462441310028,1.0551514295142443,1.625311011795784,0.5701595822815395,under_predicted_negative,over_predicted_positive,True,True,False,0.0112124181740681,0.0149371806975713,0.0037247625235031,-1.581288065468133,1.1409852697121572,2.680462441310027,2.7222733351802937,1.3634466507137315,0.5991135724367859,8,5.0,409.59148166666665,0.0438967164301739,0.5795738550852706,2.6077277657989626,3.0066700462003952,0.0448815218868555,0.0970809689441128,0.0690444269023471,0.0241629050154916,-0.0280365420417656,False,False,False,False,False,False,False,False,False,False,3.612551578040639,4.993950680960392,2.591119528036552,4.412748211200256,1.7334739890379454,1.4251023474314934,1.2666627640365546,2.72227333518029,Q1_low_g98,T2,HIGH,DWARF,0.413429472197962,0.24,24.3,169.33719008264464,False
UGC 04483,5,0.57,1.21,1.1410836761647167,3.542116659282626,2.401032983117909,1.1410836761647167,3.542116659282626,2.401032983117909,over_predicted_positive,over_predicted_positive,False,False,False,0.0270284940084669,0.0515973507090537,0.0245688567005867,1.3653839212355656,4.00817910519898,2.4010329831179065,2.7222733351802937,1.2987384511402125,0.7228444744450779,8,5.0,409.59148166666665,0.0438967164301739,0.5795738550852706,2.6077277657989626,3.0066700462003952,0.0448815218868555,0.0970809689441128,0.0690444269023471,0.0241629050154916,-0.0280365420417656,False,False,False,False,False,False,False,False,False,False,3.612551578040639,4.993950680960392,2.591119528036552,4.412748211200256,1.7334739890379454,1.4251023474314934,1.2666627640365546,2.72227333518029,Q1_low_g98,T2,HIGH,DWARF,0.413429472197962,0.24,24.3,169.33719008264464,False
UGC 04499,3,6.37,8.18,-4.79489993307395,2.05878365325879,6.853683586332741,4.79489993307395,2.05878365325879,-2.736116279815159,under_predicted_negative,over_predicted_positive,True,True,False,0.0774698478040863,0.0554266785357347,-0.0220431692683516,-4.058671557080729,2.7227270098987333,6.85368358633274,8.704394716582186,1.3183991813673257,0.5247882786807588,9,5.4,942.117010989011,0.1090459951845642,0.8838045588345738,2.4180898385694545,2.817032118970887,0.3798333642750158,0.4098344928754226,0.4003250721309156,0.0204917078558998,-0.0095094207445069,False,False,False,False,False,False,False,False,False,False,8.446971717847958,11.393193897494044,6.644743335574284,9.837829206055698,1.4179508142157513,1.369386834972503,1.1073668685435394,8.704394716582186,Q2,T2,HIGH,DWARF,0.2775530318554121,0.91,74.3,261.4874327628362,False
UGC 04499,5,4.55,8.18,-1.661035938182991,3.8230915117240927,5.484127449907083,1.661035938182991,3.8230915117240927,2.162055573541102,under_predicted_negative,over_predicted_positive,True,True,False,0.0853666304358373,0.1004326166257973,0.0150659861899599,-2.3475484929087003,2.7227270098987333,5.484127449907083,8.704394716582186,1.2486090198786572,0.5676655293817919,9,5.4,942.117010989011,0.1090459951845642,0.8838045588345738,2.4180898385694545,2.817032118970887,0.3798333642750158,0.4098344928754226,0.4003250721309156,0.0204917078558998,-0.0095094207445069,False,False,False,False,False,False,False,False,False,False,8.446971717847958,11.393193897494044,6.644743335574284,9.837829206055698,1.4179508142157513,1.369386834972503,1.1073668685435394,8.704394716582186,Q2,T2,HIGH,DWARF,0.2775530318554121,0.91,74.3,261.4874327628362,False
UGC 05005,3,21.07,28.61,-17.703598988189498,5.90265494929685,23.606253937486347,17.703598988189498,5.90265494929685,-11.800944038892649,under_predicted_negative,over_predicted_positive,True,True,False,0.66714874907867,0.0878512682917437,-0.5792974807869262,-15.521602068625327,6.412411421781286,23.606253937486343,24.59576601872793,1.8701541903222807,0.7708559707629918,11,6.0,434.24644029044737,0.05584684360918,0.6679177191693848,2.5720115083101747,2.970953788711608,0.6763903535823386,0.8892225385791033,0.6516246988212738,-0.0247656547610647,-0.2375978397578294,False,False,False,False,False,False,False,False,False,False,18.35346970213621,15.485696845897614,4.088456639325517,15.015679466885349,2.534035183976924,2.0246092812074545,1.2562583390576183,24.59576601872793,Q1_low_g98,T2,HIGH,SPIRAL,0.17621294985461,3.91,100.0,76.51984620761972,False
UGC 05005,5,10.17,28.61,-14.0336096420065,5.074684292723271,19.10829393472977,14.0336096420065,5.074684292723271,-8.958925349283229,under_predicted_negative,over_predicted_positive,True,True,False,0.5391923643410133,0.0720031428267416,-0.4671892215142716,-15.521602068625327,6.412411421781286,19.108293934729765,24.59576601872793,1.712356365075911,0.714210349219519,11,6.0,434.24644029044737,0.05584684360918,0.6679177191693848,2.5720115083101747,2.970953788711608,0.6763903535823386,0.8892225385791033,0.6516246988212738,-0.0247656547610647,-0.2375978397578294,False,False,False,False,False,False,False,False,False,False,18.35346970213621,15.485696845897614,4.088456639325517,15.015679466885349,2.534035183976924,2.0246092812074545,1.2562583390576183,24.59576601872793,Q1_low_g98,T2,HIGH,SPIRAL,0.17621294985461,3.91,100.0,76.51984620761972,False
UGC 05253,3,46.67,53.29,-94.14867339758928,-94.14867339758564,3.623767952376511e-12,94.14867339758928,94.14867339758564,-3.623767952376511e-12,under_predicted_negative,under_predicted_negative,False,False,False,21.298785436076155,21.298785436074528,-1.6271428648906294e-12,-92.48562045833668,-92.48562045833292,3.619031000804777e-12,3.765876499528531e-12,1.2325439437520969,0.4838536084027403,73,8.0,172480.7521902834,29.57615676088368,1.0,-0.3989422804009835,4.4919623576333844e-13,3.381824121429592,3.3818241214295046,3.3818241214295046,-8.704148513061227e-14,0.0,False,False,False,False,False,False,False,False,False,False,19.02131775639313,19.02131775639313,-26.98158714982178,-26.981587149821586,1.3018210383168245,1.3018210383168245,1.0,3.765876499528531e-12,Q4_high_g98,T2,HIGH,BULGE-DOM,0.0018334963077168,22.31087617092425,248.0,316.2428222931132,True
UGC 05253,5,39.94,53.29,-90.31661352140972,-90.31661352140692,2.8137492336099967e-12,90.31661352140972,90.31661352140692,-2.8137492336099967e-12,under_predicted_negative,under_predicted_negative,False,False,False,19.63099974237592,19.630999742374662,-1.2541079286165768e-12,-91.66879762922758,-91.6687976292241,2.83364443021128e-12,3.765876499528531e-12,1.1687485391568235,0.5314668464191247,73,8.0,172480.7521902834,29.57615676088368,1.0,-0.3989422804009835,4.4919623576333844e-13,3.381824121429592,3.3818241214295046,3.3818241214295046,-8.704148513061227e-14,0.0,False,False,False,False,False,False,False,False,False,False,19.02131775639313,19.02131775639313,-26.98158714982178,-26.981587149821586,1.3018210383168245,1.3018210383168245,1.0,3.765876499528531e-12,Q4_high_g98,T2,HIGH,BULGE-DOM,0.0018334963077168,22.31087617092425,248.0,316.2428222931132,True
UGC 05716,3,10.34,12.37,-20.760588342489797,-6.989454078604481,13.771134263885312,20.760588342489797,6.989454078604481,-13.771134263885312,under_predicted_negative,under_predicted_negative,False,False,False,1.117362823260068,0.1321626780158298,-0.9852001452442384,-20.09976020478768,-7.6574780656271315,13.77113426388531,15.415198846989234,1.8309866487869444,0.6243399985414283,12,5.3,452.171925435017,0.0513677542076904,0.6372200496835452,2.5853485224793884,2.984290802880821,0.8252392967630433,0.1045609561160235,0.2388067120034416,-0.5864325847596017,0.134245755887418,False,True,False,False,False,False,False,False,False,False,19.256137879563667,8.636363047813717,-16.689896553842793,-8.782573724224916,2.482384026277096,1.944604822874385,1.5406425744900814,15.415198846989234,Q1_low_g98,T2,HIGH,DWARF,0.1765786063846895,1.03,74.7,79.84388843977364,False
UGC 05716,5,8.26,12.37,-20.981926534819596,-8.729155312435399,12.252771222384194,20.981926534819596,8.729155312435399,-12.252771222384194,under_predicted_negative,under_predicted_negative,False,False,False,1.1436818754699225,0.2188577835199208,-0.9248240919500016,-20.09976020478768,-8.47816220633969,12.252771222384194,15.415198846989234,1.7485669104118338,0.5949940106098632,12,5.3,452.171925435017,0.0513677542076904,0.6372200496835452,2.5853485224793884,2.984290802880821,0.8252392967630433,0.1045609561160235,0.2388067120034416,-0.5864325847596017,0.134245755887418,False,True,False,False,False,False,False,False,False,False,19.256137879563667,8.636363047813717,-16.689896553842793,-8.782573724224916,2.482384026277096,1.944604822874385,1.5406425744900814,15.415198846989234,Q1_low_g98,T2,HIGH,DWARF,0.1765786063846895,1.03,74.7,79.84388843977364,False
UGC 05721,3,5.86,6.74,-43.8109626883711,-40.31449926737813,3.496463420992967,43.8109626883711,40.31449926737813,-3.496463420992967,under_predicted_negative,under_predicted_negative,False,False,False,4.724153099280006,4.005294848575548,-0.7188582507044581,-43.98755712349141,-40.60002374284329,3.496463420992974,4.0797620412164335,1.805002873270329,0.1739370107022005,23,6.0,3801.809185185185,0.4889367494986734,0.9999356532795458,1.5277277431660587,1.926670023567492,1.6633343553026705,1.3431444252077618,1.3431624187910802,-0.32017193651159,1.799358331844303e-05,False,False,False,False,False,False,False,False,False,False,21.85155593927892,21.85155593927891,-19.158776293217592,-17.173082004596846,1.891405778973408,1.8913484199349373,1.0,6.501329913551167,Q3,T2,HIGH,SPIRAL,0.0370263588935008,1.3172673333837908,82.6,140.76715133531158,False
UGC 05721,5,4.93,6.74,-40.891740434408696,-36.3839251341956,4.507815300213096,40.891740434408696,36.3839251341956,-4.507815300213096,under_predicted_negative,under_predicted_negative,False,False,False,4.145957927473261,3.318427294461918,-0.8275306330113428,-41.684093578725935,-37.6043315375095,4.507815300213094,6.321851598024352,1.7245355739227044,0.2855885626370308,23,6.0,3801.809185185185,0.4889367494986734,0.9999356532795458,1.5277277431660587,1.926670023567492,1.6633343553026705,1.3431444252077618,1.3431624187910802,-0.32017193651159,1.799358331844303e-05,False,False,False,False,False,False,False,False,False,False,21.85155593927892,21.85155593927891,-19.158776293217592,-17.173082004596846,1.891405778973408,1.8913484199349373,1.0,6.501329913551167,Q3,T2,HIGH,SPIRAL,0.0370263588935008,1.3172673333837908,82.6,140.76715133531158,False
UGC 05750,3,9.43,22.85,10.61182305213075,22.57634895031131,11.96452589818056,10.61182305213075,22.57634895031131,11.96452589818056,over_predicted_positive,over_predicted_positive,False,False,False,0.2467721200579396,0.9965814110916704,0.7498092910337308,9.352474723594511,23.59554375761654,11.96452589818056,18.422273887712507,1.3616976489882922,0.9657599814551512,11,5.7,237.981842838216,0.0290756742010938,0.4366931677142952,2.6526216145454464,3.051563894946879,0.2068834901601536,1.302186504053945,0.5764653262135936,0.3695818360534399,-0.7257211778403517,False,False,False,False,False,False,False,False,False,False,9.416283227163298,16.03777904408723,9.235492886441888,15.86901140970695,2.3346547628868413,1.5828346162100262,1.257280088655748,18.42227388771252,Q1_low_g98,T2,HIGH,DWARF,0.3809339768173471,9.43,78.9,90.65536980306344,False
UGC 05750,5,6.6,22.85,10.81238924563019,20.60176612909717,9.789376883466986,10.81238924563019,20.60176612909717,9.789376883466986,over_predicted_positive,over_predicted_positive,False,False,False,0.2530951054072915,0.8630298801699017,0.6099347747626102,9.81940716054163,19.4070469420881,9.789376883466986,18.422273887712507,1.3048099627754597,0.950645964267005,11,5.7,237.981842838216,0.0290756742010938,0.4366931677142952,2.6526216145454464,3.051563894946879,0.2068834901601536,1.302186504053945,0.5764653262135936,0.3695818360534399,-0.7257211778403517,False,False,False,False,False,False,False,False,False,False,9.416283227163298,16.03777904408723,9.235492886441888,15.86901140970695,2.3346547628868413,1.5828346162100262,1.257280088655748,18.42227388771252,Q1_low_g98,T2,HIGH,DWARF,0.3809339768173471,9.43,78.9,90.65536980306344,False
UGC 05764,3,2.9,3.62,-7.418459112268249,-0.9072539075858516,6.511205204682398,7.418459112268249,0.9072539075858516,-6.511205204682398,under_predicted_negative,under_predicted_negative,False,False,False,0.1471816152925719,0.01362292019994,-0.1335586950926319,-6.855385042320393,0.5366742137236074,6.511205204682398,7.392059256044,1.38170672740272,0.9998230681787058,10,7.6,216.74919259108387,0.0353087380222968,0.5019060436400815,2.63366017734719,3.032602457748623,0.4508290851360537,0.1708912024085163,0.2565431030908092,-0.1942859820452445,0.0856519006822928,False,False,False,False,False,False,False,False,False,False,11.74165103761958,8.12893651484304,-12.452670139188632,-8.218541872929162,1.8904761135687955,1.44693534311731,1.3092984199760958,7.392059256044,Q1_low_g98,T2,MEDIUM,DWARF,0.6501210119157598,2.17,55.8,140.91320441988947,False
UGC 05764,5,2.17,3.62,-10.291927349328294,-4.676216677672964,5.6157106716553296,10.291927349328294,4.676216677672964,-5.6157106716553296,under_predicted_negative,under_predicted_negative,False,False,False,0.3107668207468373,0.1216822825592228,-0.1890845381876145,-9.504836784181578,-3.8887595436226894,5.61571067165533,7.392059256044,1.3408862895888334,0.9405690616175676,10,7.6,216.74919259108387,0.0353087380222968,0.5019060436400815,2.63366017734719,3.032602457748623,0.4508290851360537,0.1708912024085163,0.2565431030908092,-0.1942859820452445,0.0856519006822928,False,False,False,False,False,False,False,False,False,False,11.74165103761958,8.12893651484304,-12.452670139188632,-8.218541872929162,1.8904761135687955,1.44693534311731,1.3092984199760958,7.392059256044,Q1_low_g98,T2,MEDIUM,DWARF,0.6501210119157598,2.17,55.8,140.91320441988947,False
UGC 05829,3,5.65,6.91,9.544081486055669,14.84074544834616,5.296663962290491,9.544081486055669,14.84074544834616,5.296663962290491,over_predicted_positive,over_predicted_positive,False,False,False,0.2238866294807214,0.5361349624806663,0.3122483329999448,9.849963930666576,15.09052083567768,5.2966639622904905,5.788514088431995,1.1762108131702942,0.9931026906655004,11,4.5,248.6846049270509,0.0239868118954801,0.3771693883045898,2.668190182575485,3.0671324629769177,0.0747465977078064,0.4411834104926966,0.1549750945348297,0.0802284968270232,-0.2862083159578669,False,False,False,False,False,False,False,False,False,False,3.215884343777361,2.2438874657681964,0.9529786042922092,5.142327085031375,1.4962953594539954,1.18718741714367,1.2297056041712733,5.788514088431995,Q1_low_g98,T2,HIGH,DWARF,0.9346576896449932,5.65,68.6,232.43497829233,False
UGC 05829,5,4.4,6.91,4.82638419914738,9.53159384801117,4.70520964886379,4.82638419914738,9.53159384801117,4.70520964886379,over_predicted_positive,over_predicted_positive,False,False,False,0.1453442159107502,0.3316677697802249,0.1863235538694747,8.156472754641044,13.94498684307304,4.705209648863791,5.788514088431995,1.1895169351903576,0.8536664136757544,11,4.5,248.6846049270509,0.0239868118954801,0.3771693883045898,2.668190182575485,3.0671324629769177,0.0747465977078064,0.4411834104926966,0.1549750945348297,0.0802284968270232,-0.2862083159578669,False,False,False,False,False,False,False,False,False,False,3.215884343777361,2.2438874657681964,0.9529786042922092,5.142327085031375,1.4962953594539954,1.18718741714367,1.2297056041712733,5.788514088431995,Q1_low_g98,T2,HIGH,DWARF,0.9346576896449932,5.65,68.6,232.43497829233,False
UGC 05918,3,3.34,4.46,-7.195737116467524,-2.710425981961739,4.4853111345057854,7.195737116467524,2.710425981961739,-4.4853111345057854,under_predicted_negative,under_predicted_negative,False,False,False,0.129334716698637,0.0186099911059102,-0.1107247255927268,-7.352697448960548,-2.789337469968864,4.485311134505783,4.769187237939356,1.3770031437957282,0.6082650711263602,8,7.3,152.02122125785556,0.0237869189176136,0.3747070126166276,2.668803342098119,3.067745622499552,0.1127806044330285,0.0261610798510092,0.0273889361405965,-0.0853916682924319,0.0012278562895872,False,False,False,False,False,False,False,False,False,False,6.480465202294399,2.516820045681144,-6.422297617637647,-2.787985623112895,2.046140336675479,1.3919961203334217,1.3742972612542887,4.769187237939356,Q1_low_g98,T2,HIGH,DWARF,0.7849376152866641,2.23,44.5,119.32717488789238,False
UGC 05918,5,2.23,4.46,-6.550385295758036,-2.4259384428434645,4.124446852914572,6.550385295758036,2.4259384428434645,-4.124446852914572,under_predicted_negative,under_predicted_negative,False,False,False,0.1086527380809988,0.0152005873180481,-0.0934521507629507,-6.675989192533805,-2.244302621393423,4.124446852914571,4.769187237939356,1.3514363969968932,0.6376155572004881,8,7.3,152.02122125785556,0.0237869189176136,0.3747070126166276,2.668803342098119,3.067745622499552,0.1127806044330285,0.0261610798510092,0.0273889361405965,-0.0853916682924319,0.0012278562895872,False,False,False,False,False,False,False,False,False,False,6.480465202294399,2.516820045681144,-6.422297617637647,-2.787985623112895,2.046140336675479,1.3919961203334217,1.3742972612542887,4.769187237939356,Q1_low_g98,T2,HIGH,DWARF,0.7849376152866641,2.23,44.5,119.32717488789238,False
UGC 05986,3,8.16,9.41,-21.208054268162524,-15.12619234905659,6.081861919105934,21.208054268162524,15.12619234905659,-6.081861919105934,under_predicted_negative,under_predicted_negative,False,False,False,1.1071521018996722,0.5658676332137477,-0.5412844686859245,-21.226514926261373,-14.667460167851203,6.081861919105942,6.68079798843597,1.2132240016320763,0.6511836989021319,15,5.8,1721.731466489597,0.2140447229742286,0.9853757399174876,2.1373040438579425,2.536246324259375,0.6600748876492519,0.5408006468604385,0.5422172782740107,-0.1178576093752412,0.0014166314135721,False,False,False,False,False,False,False,False,False,False,14.366653841893196,13.800852112974423,-4.766388258001098,-3.4013216539401943,1.2731355375528572,1.2691411324139077,1.0,6.68079798843597,Q2,T2,HIGH,SPIRAL,0.1931542099698503,0.851241647644961,116.0,332.5596811902231,False
UGC 05986,5,6.9,9.41,-17.93084182863979,-13.83564201645708,4.095199812182708,17.93084182863979,13.83564201645708,-4.095199812182708,under_predicted_negative,under_predicted_negative,False,False,False,0.8372306767511224,0.4836578486253985,-0.3535728281257238,-17.19850851902531,-12.192775508553652,4.095199812182713,6.68079798843597,1.1402397704983072,0.6780478734817038,15,5.8,1721.731466489597,0.2140447229742286,0.9853757399174876,2.1373040438579425,2.536246324259375,0.6600748876492519,0.5408006468604385,0.5422172782740107,-0.1178576093752412,0.0014166314135721,False,False,False,False,False,False,False,False,False,False,14.366653841893196,13.800852112974423,-4.766388258001098,-3.4013216539401943,1.2731355375528572,1.2691411324139077,1.0,6.68079798843597,Q2,T2,HIGH,SPIRAL,0.1931542099698503,0.851241647644961,116.0,332.5596811902231,False
UGC 06399,3,6.11,7.85,-13.68853357353143,-9.073628925837436,4.614904647693995,13.68853357353143,9.073628925837436,-4.614904647693995,under_predicted_negative,under_predicted_negative,False,False,False,0.518026599602949,0.2461216436094635,-0.2719049559934854,-12.88661287705331,-8.249867161515823,4.6149046476939946,5.45967355071835,1.2188519141083336,0.4760692816869095,9,7.6,620.8034546600985,0.1011297263989529,0.8641522880189185,2.440478723294764,2.8394210036961964,0.2794272393140245,0.2027163874726016,0.2094532987181595,-0.0699739405958649,0.0067369112455578,False,False,False,False,False,False,False,False,False,False,9.543356927185052,8.249867161515823,0.3761110323093706,2.6585608450703893,1.3420847375559624,1.295613308655336,1.0715978313339658,5.45967355071835,Q2,T2,HIGH,SPIRAL,0.4758009178032592,1.74,87.6,295.3788535031847,False
UGC 06399,5,4.37,7.85,-6.770683225900333,-3.042048976752117,3.728634249148216,6.770683225900333,3.042048976752117,-3.728634249148216,under_predicted_negative,under_predicted_negative,False,False,False,0.332001169425273,0.1884439786985294,-0.1435571907267436,-8.002795764174536,-4.254501087348388,3.728634249148217,5.45967355071835,1.1612678609467777,0.6208440342411932,9,7.6,620.8034546600985,0.1011297263989529,0.8641522880189185,2.440478723294764,2.8394210036961964,0.2794272393140245,0.2027163874726016,0.2094532987181595,-0.0699739405958649,0.0067369112455578,False,False,False,False,False,False,False,False,False,False,9.543356927185052,8.249867161515823,0.3761110323093706,2.6585608450703893,1.3420847375559624,1.295613308655336,1.0715978313339658,5.45967355071835,Q2,T2,HIGH,SPIRAL,0.4758009178032592,1.74,87.6,295.3788535031847,False
UGC 06446,3,8.9,10.22,-18.00706639756794,-5.553090089295121,12.453976308272818,18.00706639756794,5.553090089295121,-12.453976308272818,under_predicted_negative,under_predicted_negative,False,False,False,0.7203651557623992,0.0836269738486546,-0.6367381819137445,-17.913420844900998,-4.945755416497633,12.453976308272816,13.24411632206575,1.5915224805829962,0.665134120481935,17,4.6,774.2945448275863,0.0763440413728061,0.778419865405704,2.511735139617957,2.9106774200193897,0.5936966364035283,0.2028435388233727,0.2503477486489975,-0.3433488877545307,0.0475042098256248,False,False,False,False,False,False,False,False,False,False,15.337490459997213,9.620140713456266,-14.482909490533329,-8.455993888056053,1.81935681870786,1.6378036245378178,1.301799074378446,13.24411632206575,Q2,T2,HIGH,SPIRAL,0.1973529026520248,0.58,84.9,152.8092759295499,False
UGC 06446,5,7.62,10.22,-16.853414113284366,-5.650131220996096,11.20328289228827,16.853414113284366,5.650131220996096,-11.20328289228827,under_predicted_negative,under_predicted_negative,False,False,False,0.6555639523527124,0.0873177336588897,-0.5682462186938226,-16.040956980321724,-4.945755416497633,11.20328289228827,13.24411632206575,1.5157397330778275,0.6595702323226282,17,4.6,774.2945448275863,0.0763440413728061,0.778419865405704,2.511735139617957,2.9106774200193897,0.5936966364035283,0.2028435388233727,0.2503477486489975,-0.3433488877545307,0.0475042098256248,False,False,False,False,False,False,False,False,False,False,15.337490459997213,9.620140713456266,-14.482909490533329,-8.455993888056053,1.81935681870786,1.6378036245378178,1.301799074378446,13.24411632206575,Q2,T2,HIGH,SPIRAL,0.1973529026520248,0.58,84.9,152.8092759295499,False
UGC 06614,3,36.84,64.59,-87.53797984878317,-86.12061090117747,1.417368947605695,87.53797984878317,86.12061090117747,-1.417368947605695,under_predicted_negative,under_predicted_negative,False,False,False,11.853041311549818,11.462334223633365,-0.3907070879164553,-88.25647700906673,-86.72554399924469,1.417368947605714,1.937646055851232,1.3549631718408834,0.3866037156865562,13,8.0,15832.132091503265,2.714816665924168,1.0,-0.1909151514375434,0.2080271289638893,4.2847799162501765,4.183380507528739,4.183380507528739,-0.1013994087214378,0.0,False,False,False,False,False,False,False,False,False,False,39.98489112102686,39.98489112102689,-28.03347272839772,-27.672878360792154,1.6473602729953434,1.6473602729953434,1.0,1.937646055851232,Q4_high_g98,T3,MEDIUM,BULGE-DOM,0.0119262994990851,20.52281798428261,205.0,188.818749032358,True
UGC 06614,5,26.3,64.59,-77.13321984542715,-76.1956744896527,0.9375453557744464,77.13321984542715,76.1956744896527,-0.9375453557744464,under_predicted_negative,under_predicted_negative,False,False,False,10.121931395931778,9.858292933256042,-0.2636384626757362,-78.05519900621158,-77.2716712290677,0.937545355774455,1.937646055851232,1.2246374165614122,0.4332252150860619,13,8.0,15832.132091503265,2.714816665924168,1.0,-0.1909151514375434,0.2080271289638893,4.2847799162501765,4.183380507528739,4.183380507528739,-0.1013994087214378,0.0,False,False,False,False,False,False,False,False,False,False,39.98489112102686,39.98489112102689,-28.03347272839772,-27.672878360792154,1.6473602729953434,1.6473602729953434,1.0,1.937646055851232,Q4_high_g98,T3,MEDIUM,BULGE-DOM,0.0119262994990851,20.52281798428261,205.0,188.818749032358,True
UGC 06667,3,6.11,7.85,-27.568280617583053,-22.102260170689068,5.466020446893985,27.568280617583053,22.102260170689068,-5.466020446893985,under_predicted_negative,under_predicted_negative,False,False,False,1.9263527650644896,1.2418664179601435,-0.6844863471043461,-27.882912993037863,-22.05801477544278,5.466020446893976,5.824898217595077,1.2635543332025778,0.7260887888309876,9,5.7,171.62940641090134,0.0209689976538375,0.3389404967003332,2.677460199161972,3.076402479563405,1.9045676754438303,0.6172988284775925,1.3400765440659097,-0.5644911313779211,0.7227777155883169,False,True,False,False,False,False,False,False,False,False,28.45091910173223,24.27055679783433,-26.99776171132466,-22.52262082823235,1.8377423812286573,1.283944818800561,1.2751933387570422,5.824898217595084,Q1_low_g98,T2,HIGH,SPIRAL,0.8715947328116536,5.24,85.7,149.59128662420383,False
UGC 06667,5,4.37,7.85,-29.160448798288712,-24.132489534710864,5.0279592635778485,29.160448798288712,24.132489534710864,-5.0279592635778485,under_predicted_negative,under_predicted_negative,False,False,False,2.155861020543685,1.488232940247019,-0.6676280802966665,-29.35460915421448,-24.27055679783433,5.02795926357785,5.824898217595077,1.2616267960328478,0.7143056394173004,9,5.7,171.62940641090134,0.0209689976538375,0.3389404967003332,2.677460199161972,3.076402479563405,1.9045676754438303,0.6172988284775925,1.3400765440659097,-0.5644911313779211,0.7227777155883169,False,True,False,False,False,False,False,False,False,False,28.45091910173223,24.27055679783433,-26.99776171132466,-22.52262082823235,1.8377423812286573,1.283944818800561,1.2751933387570422,5.824898217595084,Q1_low_g98,T2,HIGH,SPIRAL,0.8715947328116536,5.24,85.7,149.59128662420383,False
UGC 06786,3,29.87,34.05,-119.12058974208809,-119.12058883835226,9.037358239538662e-07,119.12058974208809,119.12058883835226,-9.037358239538662e-07,under_predicted_negative,under_predicted_negative,False,False,False,32.869516284692686,32.86951578504525,-4.996474345375645e-07,-117.6319843945484,-117.6319835777702,9.037358144799632e-07,9.60975299335587e-07,1.2423209225858518,0.4609733320092792,45,8.6,91687.30508749996,16.901247990579577,1.0,-0.3989421368421985,1.4355923422249006e-07,11.679600278481082,11.679600238659184,11.679600238659184,-3.982189866746921e-08,0.0,False,False,True,True,False,False,True,True,False,False,55.9506921736614,55.9506921736614,-61.6027181021155,-61.60271802906388,1.3149936903097983,1.3149936903097983,1.0,9.60975299335587e-07,Q4_high_g98,T3,HIGH,BULGE-DOM,0.0033719913408972,15.197387938219194,229.0,309.168798825257,True
UGC 06786,5,25.57,34.05,-118.17545235727523,-118.17545169981058,6.574646675971962e-07,118.17545235727523,118.17545169981058,-6.574646675971962e-07,under_predicted_negative,under_predicted_negative,False,False,False,32.39146040160597,32.39146004320888,-3.583970880072229e-07,-116.78542241454475,-116.78542231951256,6.574646477019997e-07,9.60975299335587e-07,1.1679074770836395,0.48984274815188,45,8.6,91687.30508749996,16.901247990579577,1.0,-0.3989421368421985,1.4355923422249006e-07,11.679600278481082,11.679600238659184,11.679600238659184,-3.982189866746921e-08,0.0,False,False,True,True,False,False,True,True,False,False,55.9506921736614,55.9506921736614,-61.6027181021155,-61.60271802906388,1.3149936903097983,1.3149936903097983,1.0,9.60975299335587e-07,Q4_high_g98,T3,HIGH,BULGE-DOM,0.0033719913408972,15.197387938219194,229.0,309.168798825257,True
UGC 06787,3,32.57,37.19,-146.50154389161463,-146.5015438916146,2.8421709430404014e-14,146.50154389161463,146.5015438916146,-2.8421709430404014e-14,under_predicted_negative,under_predicted_negative,False,False,False,53.77459912663232,53.77459912663232,-7.105427357601002e-15,-146.25715843594537,-146.25715843594537,9.473903143468002e-15,2.8421709430404014e-14,1.1663215569500056,0.5280020995440469,71,9.0,272010.3591714285,52.47338347286099,1.0,-0.3989422804014327,0.0,11.702763461271315,11.702763461271315,11.702763461271315,-1.7763568394002505e-15,0.0,False,False,True,True,False,False,True,True,False,False,35.70790405186256,35.70790405186256,-47.90997327040758,-47.909973270407576,1.244869821631418,1.244869821631418,1.0,8.526512829121202e-14,Q4_high_g98,T3,HIGH,BULGE-DOM,0.0012866424907886,16.771270466485078,276.0,349.9800860446357,True
UGC 06787,5,29.41,37.19,-142.20404612304378,-142.20404612304375,2.8421709430404014e-14,142.20404612304378,142.20404612304375,-2.8421709430404014e-14,under_predicted_negative,under_predicted_negative,False,False,False,50.88305067352373,50.88305067352373,-7.105427357601002e-15,-142.69749798588202,-142.69749798588202,5.684341886080802e-15,2.8421709430404014e-14,1.1149411679985632,0.5592870118272816,71,9.0,272010.3591714285,52.47338347286099,1.0,-0.3989422804014327,0.0,11.702763461271315,11.702763461271315,11.702763461271315,-1.7763568394002505e-15,0.0,False,False,True,True,False,False,True,True,False,False,35.70790405186256,35.70790405186256,-47.90997327040758,-47.909973270407576,1.244869821631418,1.244869821631418,1.0,8.526512829121202e-14,Q4_high_g98,T3,HIGH,BULGE-DOM,0.0012866424907886,16.771270466485078,276.0,349.9800860446357,True
UGC 06917,3,8.72,10.47,-9.467792565274236,-7.368642149090046,2.099150416184192,9.467792565274236,7.368642149090046,-2.099150416184192,under_predicted_negative,under_predicted_negative,False,False,False,0.2324961841280589,0.1576610951730915,-0.0748350889549674,-8.857661332531265,-6.523103114875653,2.0991504161841923,2.988350663819716,1.0679595948576508,0.4951713232789845,11,6.0,1722.2990881226056,0.22149857522904,0.9873766452081756,2.118469520555723,2.517411800957156,0.4121959154789203,0.3915710135847831,0.3917863457639294,-0.0204095697149909,0.0002153321791463,False,False,False,False,False,False,False,False,False,False,11.53682340224951,11.519022835220682,3.941204194290058,4.513699762340292,1.092228344550643,1.0910641134355177,1.0,2.988350663819716,Q2,T2,HIGH,SPIRAL,0.276251411964209,2.1625241739381225,111.0,475.7875549188156,False
UGC 06917,5,6.98,10.47,-7.873421884764215,-6.6139316350537,1.259490249710515,7.873421884764215,6.6139316350537,-1.259490249710515,under_predicted_negative,under_predicted_negative,False,False,False,0.2065026895257554,0.1616016361527751,-0.0449010533729803,-8.857661332531265,-6.523103114875653,1.2594902497105154,2.988350663819716,1.0407757569145903,0.481003870511028,11,6.0,1722.2990881226056,0.22149857522904,0.9873766452081756,2.118469520555723,2.517411800957156,0.4121959154789203,0.3915710135847831,0.3917863457639294,-0.0204095697149909,0.0002153321791463,False,False,False,False,False,False,False,False,False,False,11.53682340224951,11.519022835220682,3.941204194290058,4.513699762340292,1.092228344550643,1.0910641134355177,1.0,2.988350663819716,Q2,T2,HIGH,SPIRAL,0.276251411964209,2.1625241739381225,111.0,475.7875549188156,False
UGC 06973,3,6.81,7.85,-21.96408529318744,-21.964085293187438,7.105427357601002e-15,21.96408529318744,21.964085293187438,-7.105427357601002e-15,under_predicted_negative,under_predicted_negative,False,False,False,1.423200681115885,1.4232006811158848,-2.220446049250313e-16,-23.6404591253004,-23.6404591253004,9.473903143468002e-15,2.8421709430404014e-14,1.0,0.735718760395899,9,8.2,67302.68240153255,11.829253562236184,1.0,-0.3989193838368386,2.2896564594088176e-05,7.886325052988123,7.886325052988121,7.886325052988121,-1.7763568394002505e-15,0.0,False,False,True,True,False,False,False,False,False,False,35.749537980408775,35.749537980408775,29.74688414533298,29.746884145332988,1.0,1.0,1.0,2.8421709430404014e-14,Q4_high_g98,T2,HIGH,SPIRAL,0.0605353820528237,7.85,180.0,4074.193592356688,False
UGC 06973,5,5.32,7.85,-7.071843821733137,-7.071843821733131,6.217248937900877e-15,7.071843821733137,7.071843821733131,-6.217248937900877e-15,under_predicted_negative,under_predicted_negative,False,False,False,1.1167957372128547,1.1167957372128547,0.0,-6.502258773853157,-6.502258773853129,5.684341886080802e-15,2.8421709430404014e-14,1.0,0.6462221690918541,9,8.2,67302.68240153255,11.829253562236184,1.0,-0.3989193838368386,2.2896564594088176e-05,7.886325052988123,7.886325052988121,7.886325052988121,-1.7763568394002505e-15,0.0,False,False,True,True,False,False,False,False,False,False,35.749537980408775,35.749537980408775,29.74688414533298,29.746884145332988,1.0,1.0,1.0,2.8421709430404014e-14,Q4_high_g98,T2,HIGH,SPIRAL,0.0605353820528237,7.85,180.0,4074.193592356688,False
UGC 06983,3,13.94,15.68,-5.231246128553295,13.767944674481283,18.99919080303458,5.231246128553295,13.767944674481283,8.53669854592799,under_predicted_negative,over_predicted_positive,True,True,False,0.0664466367261868,0.3846083058847016,0.3181616691585147,-4.8781785511454245,14.30088776050046,18.99919080303458,21.024458500445192,1.5007289078627508,0.982873515549414,17,5.1,1782.6967685823756,0.194876184673771,0.9786499607274928,2.1863891203011607,2.5853314007025934,0.5044649241635316,0.465130820364073,0.4622685985209583,-0.0421963256425732,-0.0028622218431146,False,False,False,False,False,False,False,False,False,False,8.692156419247638,11.568406145975333,-7.8885115962219645,-1.6679094921290225,1.5873993577423209,1.5748583583858768,1.12268628799826,21.024458500445206,Q2,T2,HIGH,SPIRAL,0.1147084139497542,2.479244803767818,113.0,204.49031887755103,False
UGC 06983,5,12.19,15.68,-5.070431838758961,11.26586489310196,16.33629673186092,5.070431838758961,11.26586489310196,6.195433054342998,under_predicted_negative,over_predicted_positive,True,True,False,0.0669253980455273,0.2946678325235501,0.2277424344780227,-4.8781785511454245,12.332302081197568,16.336296731860916,21.024458500445192,1.431580039300179,0.9273756251884068,17,5.1,1782.6967685823756,0.194876184673771,0.9786499607274928,2.1863891203011607,2.5853314007025934,0.5044649241635316,0.465130820364073,0.4622685985209583,-0.0421963256425732,-0.0028622218431146,False,False,False,False,False,False,False,False,False,False,8.692156419247638,11.568406145975333,-7.8885115962219645,-1.6679094921290225,1.5873993577423209,1.5748583583858768,1.12268628799826,21.024458500445206,Q2,T2,HIGH,SPIRAL,0.1147084139497542,2.479244803767818,113.0,204.49031887755103,False
UGC 07089,3,7.85,9.16,6.803783206096128,13.301248179911326,6.497464973815198,6.803783206096128,13.301248179911326,6.497464973815198,over_predicted_positive,over_predicted_positive,False,False,False,0.1107090840974788,0.4129510092173623,0.3022419251198834,6.619460764629096,13.395426550550011,6.497464973815194,7.972357872932079,1.232193390438533,0.5962733759225469,12,5.9,729.0814076912973,0.0922017470180189,0.8379725536707217,2.4659425164391227,2.864884796840556,1.3225930256600442,1.528360316246764,1.4899487539376668,0.1673557282776225,-0.0384115623090972,False,False,False,False,False,False,False,False,False,False,19.054169404542407,20.672828454769327,20.420909491107043,23.00923705530929,1.3286439818099074,1.2753946366857625,1.0878333997266352,7.972357872932079,Q2,T2,HIGH,DWARF,0.4143531276270729,2.61,79.1,302.0971615720524,False
UGC 07089,5,6.55,9.16,9.63223441491884,14.84485417015748,5.212619755238638,9.63223441491884,14.84485417015748,5.212619755238638,over_predicted_positive,over_predicted_positive,False,False,False,0.2489264370410896,0.524437830493035,0.2755113934519454,8.084742055811546,13.67950467077982,5.212619755238632,7.972357872932079,1.1849506303621515,0.6005784408678629,12,5.9,729.0814076912973,0.0922017470180189,0.8379725536707217,2.4659425164391227,2.864884796840556,1.3225930256600442,1.528360316246764,1.4899487539376668,0.1673557282776225,-0.0384115623090972,False,False,False,False,False,False,False,False,False,False,19.054169404542407,20.672828454769327,20.420909491107043,23.00923705530929,1.3286439818099074,1.2753946366857625,1.0878333997266352,7.972357872932079,Q2,T2,HIGH,DWARF,0.4143531276270729,2.61,79.1,302.0971615720524,False
UGC 07151,3,4.49,5.5,9.963764066243924,10.1631183310079,0.1993542647639739,9.963764066243924,10.1631183310079,0.1993542647639739,over_predicted_positive,over_predicted_positive,False,False,False,0.2544221817144522,0.262929426975155,0.0085072452607027,10.650989351645308,10.650989351645308,0.1993542647639733,0.5980627942919199,1.007096522724955,0.6310753206030245,11,6.0,1477.7548800000002,0.1900486406310284,0.9765153861015674,2.1989000958483373,2.59784237624977,0.4263991356810242,0.4287769053117066,0.4287192934793977,0.0023201577983734,-5.761183230890144e-05,False,False,False,False,False,False,False,False,False,False,11.088837507880598,11.088837507880598,11.185260705376814,11.239630050312442,1.0218015696197655,1.0212895681748655,1.0,0.5980627942919199,Q2,T2,MEDIUM,DWARF,0.3801289303255771,1.0,76.2,561.7373818181818,False
UGC 07151,5,3.49,5.5,6.498304600347891,6.617917159206272,0.1196125588583809,6.498304600347891,6.617917159206272,0.1196125588583809,over_predicted_positive,over_predicted_positive,False,False,False,0.164851787014563,0.1699561341709846,0.0051043471564216,8.15146533920587,8.74952813349779,0.1196125588583811,0.5980627942919199,1.0042579136349732,0.5446468557569979,11,6.0,1477.7548800000002,0.1900486406310284,0.9765153861015674,2.1989000958483373,2.59784237624977,0.4263991356810242,0.4287769053117066,0.4287192934793977,0.0023201577983734,-5.761183230890144e-05,False,False,False,False,False,False,False,False,False,False,11.088837507880598,11.088837507880598,11.185260705376814,11.239630050312442,1.0218015696197655,1.0212895681748655,1.0,0.5980627942919199,Q2,T2,MEDIUM,DWARF,0.3801289303255771,1.0,76.2,561.7373818181818,False
UGC 07323,3,4.65,5.82,13.927578263399344,13.92757826339934,-5.3290705182007506e-15,13.927578263399344,13.92757826339934,-5.3290705182007506e-15,over_predicted_positive,over_predicted_positive,False,False,False,0.6525631792120369,0.6525631792120367,-2.220446049250313e-16,15.315977021816124,15.315977021816124,-4.736951571734001e-15,0.0,1.0,0.4721708339087002,10,6.4,1057.262786285714,0.145035406015102,0.9428961742129904,2.3185091849957464,2.717451465397179,1.305419598526158,1.305419598526158,1.305419598526158,0.0,0.0,False,False,False,False,False,False,False,False,False,False,23.552595518796643,23.552595518796643,21.5459077196224,21.5459077196224,1.0,1.0,1.0,1.4210854715202004e-14,Q2,T2,HIGH,SPIRAL,0.7361932321835293,1.75,85.6,778.34970790378,False
UGC 07323,5,3.5,5.82,17.67430145688109,17.674301456881086,-3.552713678800501e-15,17.67430145688109,17.674301456881086,-3.552713678800501e-15,over_predicted_positive,over_predicted_positive,False,False,False,0.9331722210870936,0.9331722210870936,0.0,22.721071906702846,22.721071906702846,-2.842170943040401e-15,0.0,1.0,0.546873122995324,10,6.4,1057.262786285714,0.145035406015102,0.9428961742129904,2.3185091849957464,2.717451465397179,1.305419598526158,1.305419598526158,1.305419598526158,0.0,0.0,False,False,False,False,False,False,False,False,False,False,23.552595518796643,23.552595518796643,21.5459077196224,21.5459077196224,1.0,1.0,1.0,1.4210854715202004e-14,Q2,T2,HIGH,SPIRAL,0.7361932321835293,1.75,85.6,778.34970790378,False
UGC 07399,3,4.91,6.13,-40.44994723442105,-33.65081422761692,6.799133006804134,40.44994723442105,33.65081422761692,-6.799133006804134,under_predicted_negative,under_predicted_negative,False,False,False,4.038496970953177,2.791520744350056,-1.2469762266031212,-40.16552626759448,-33.434586509884994,6.799133006804138,7.878459400301203,1.3339894375679773,0.6369821943783902,10,5.4,1613.760936065574,0.1867858930585609,0.9749531133444866,2.207390042499856,2.6063323229012885,1.9709239871609296,1.4722089826108429,1.4830906879472383,-0.4878332992136913,0.0108817053363958,False,False,False,False,False,False,False,False,False,False,27.12229792946908,24.50605300487497,-23.82823308316848,-20.94774939312981,1.4123701220605211,1.4020415343531512,1.0695556535216824,7.878459400301203,Q2,T2,HIGH,SPIRAL,0.1634499646949067,0.7662647278909867,106.0,263.7691680261012,False
UGC 07399,5,3.68,6.13,-35.64285471259255,-29.992909738520144,5.649944974072408,35.64285471259255,29.992909738520144,-5.649944974072408,under_predicted_negative,under_predicted_negative,False,False,False,3.2406268857662903,2.2805095168544804,-0.96011736891181,-36.759915900338726,-30.971916037936992,5.6499449740724135,7.878459400301203,1.264031667440454,0.707425097742408,10,5.4,1613.760936065574,0.1867858930585609,0.9749531133444866,2.207390042499856,2.6063323229012885,1.9709239871609296,1.4722089826108429,1.4830906879472383,-0.4878332992136913,0.0108817053363958,False,False,False,False,False,False,False,False,False,False,27.12229792946908,24.50605300487497,-23.82823308316848,-20.94774939312981,1.4123701220605211,1.4020415343531512,1.0695556535216824,7.878459400301203,Q2,T2,HIGH,SPIRAL,0.1634499646949067,0.7662647278909867,106.0,263.7691680261012,False
UGC 07524,3,9.99,10.69,-6.840917570073444,-0.6341588033704255,6.206758766703018,6.840917570073444,0.6341588033704255,-6.206758766703018,under_predicted_negative,under_predicted_negative,False,False,False,0.1441509415729291,0.0430369180687471,-0.101114023504182,-8.408580220404033,-2.210510336735851,6.206758766703018,7.297672523803016,1.2865172540509953,0.4360131456821396,31,4.7,551.2594260869562,0.0555347730657327,0.6658657702718438,2.5729388001562845,2.971881080557717,0.1141563511036339,0.1479610444330305,0.1032692053149437,-0.0108871457886902,-0.0446918391180867,False,False,False,False,False,False,False,False,False,False,3.2803661816687395,4.666375560180043,-3.3090682702598424,1.5311062997240608,1.4496375667140131,1.299398264703184,1.2440421253321532,8.03782307032904,Q1_low_g98,T2,HIGH,SPIRAL,0.4518636686349868,0.35,83.8,249.09410664172125,False
UGC 07524,5,9.3,10.69,-3.329593716048265,3.544051507405212,6.873645223453477,3.329593716048265,3.544051507405212,0.2144577913569465,under_predicted_negative,over_predicted_positive,True,True,False,0.0910083628588165,0.1234074607295542,0.0323990978707377,-2.323263036998398,4.974409486804618,6.873645223453477,7.961978920818055,1.2810999732642223,0.5298141642671106,31,4.7,551.2594260869562,0.0555347730657327,0.6658657702718438,2.5729388001562845,2.971881080557717,0.1141563511036339,0.1479610444330305,0.1032692053149437,-0.0108871457886902,-0.0446918391180867,False,False,False,False,False,False,False,False,False,False,3.2803661816687395,4.666375560180043,-3.3090682702598424,1.5311062997240608,1.4496375667140131,1.299398264703184,1.2440421253321532,8.03782307032904,Q1_low_g98,T2,HIGH,SPIRAL,0.4518636686349868,0.35,83.8,249.09410664172125,False
UGC 07577,3,1.32,1.69,12.359388270223045,15.589210986829892,3.229822716606849,12.359388270223045,15.589210986829892,3.229822716606849,over_predicted_positive,over_predicted_positive,False,False,False,0.392822643612162,0.61853503015814,0.225712386545978,13.431759487340456,16.097164081735997,3.2298227166068494,3.6969448670996776,1.296581400248903,0.9096093895903996,9,6.0,180.5909016118633,0.0232251341722291,0.3677344334670157,2.6705272389757053,3.069469519377138,0.2694769495994056,0.6696606034377134,0.405859520194927,0.1363825705955214,-0.2638010832427864,False,False,False,False,False,False,False,False,False,False,10.738581213004029,13.684048074794706,9.547535364586835,11.877830065137902,1.9459411406308595,1.347855129443032,1.286209776027375,3.6969448670996776,Q1_low_g98,T2,HIGH,DWARF,0.7341818821612953,0.94,17.8,132.58656804733727,False
UGC 07577,5,0.94,1.69,12.318256102460705,15.154373555302035,2.8361174528413304,12.318256102460705,15.154373555302035,2.8361174528413304,over_predicted_positive,over_predicted_positive,False,False,False,0.3874812712266494,0.5837036728454261,0.1962224016187767,12.511810476324458,14.916130833959215,2.83611745284133,3.6969448670996776,1.279691278526537,0.8567523770877272,9,6.0,180.5909016118633,0.0232251341722291,0.3677344334670157,2.6705272389757053,3.069469519377138,0.2694769495994056,0.6696606034377134,0.405859520194927,0.1363825705955214,-0.2638010832427864,False,False,False,False,False,False,False,False,False,False,10.738581213004029,13.684048074794706,9.547535364586835,11.877830065137902,1.9459411406308595,1.347855129443032,1.286209776027375,3.6969448670996776,Q1_low_g98,T2,HIGH,DWARF,0.7341818821612953,0.94,17.8,132.58656804733727,False
UGC 07603,3,3.42,4.11,-18.83828505306085,-11.004039474500347,7.834245578560504,18.83828505306085,11.004039474500347,-7.834245578560504,under_predicted_negative,under_predicted_negative,False,False,False,0.9309684118172122,0.3343233191071595,-0.5966450927100526,-18.677724193821184,-10.667950829905005,7.834245578560503,8.025098946176499,1.557561019011864,0.6575160257220943,12,5.7,1206.7523852941176,0.1474362026016305,0.9455391937909234,2.3119929619864066,2.7109352423878392,0.41284762699122,0.2147648396710099,0.2219583913112709,-0.1908892356799491,0.007193551640261,False,False,False,False,False,False,False,False,False,False,11.059926291715882,7.916527397366696,-4.895407646571079,-1.8363233579934004,1.6945850276590948,1.6567573670720268,1.0571076338422478,8.025098946176499,Q2,T2,HIGH,DWARF,0.1472835043546909,0.68,64.0,177.7347201946472,False
UGC 07603,5,2.74,4.11,-15.414471597843336,-8.511224137270789,6.903247460572546,15.414471597843336,8.511224137270789,-6.903247460572546,under_predicted_negative,under_predicted_negative,False,False,False,0.670475014501649,0.2253086219049283,-0.4451663925967207,-14.634500602456528,-7.166636176867698,6.903247460572547,8.025098946176499,1.456264091404199,0.7158557575251708,12,5.7,1206.7523852941176,0.1474362026016305,0.9455391937909234,2.3119929619864066,2.7109352423878392,0.41284762699122,0.2147648396710099,0.2219583913112709,-0.1908892356799491,0.007193551640261,False,False,False,False,False,False,False,False,False,False,11.059926291715882,7.916527397366696,-4.895407646571079,-1.8363233579934004,1.6945850276590948,1.6567573670720268,1.0571076338422478,8.025098946176499,Q2,T2,HIGH,DWARF,0.1472835043546909,0.68,64.0,177.7347201946472,False
UGC 07608,3,3.59,4.78,-22.008322040512315,-17.9126192537571,4.095702786755215,22.008322040512315,17.9126192537571,-4.095702786755215,under_predicted_negative,under_predicted_negative,False,False,False,1.1263352977831709,0.7466615352419463,-0.3796737625412245,-21.84593792707092,-17.63876401898723,4.095702786755216,4.207173908083689,1.2760418536037428,0.6175501646495256,8,6.0,190.33639803921568,0.0244784667603055,0.3831846475371826,2.666682582618793,3.0656248630202256,0.6943898294599161,0.215852779854488,0.4633155438101455,-0.2310742856497706,0.2474627639556575,False,False,False,False,False,False,False,False,False,False,17.54340728411276,14.325258574075203,-15.300244123658992,-12.17869866897066,1.6977786865640376,1.267378080069999,1.2697099105301035,4.207173908083689,Q1_low_g98,T2,HIGH,DWARF,0.9300445985887132,0.6,69.3,177.0213389121339,False
UGC 07608,5,2.38,4.78,-20.22235613795249,-16.47767498188434,3.744681156068154,20.22235613795249,16.47767498188434,-3.744681156068154,under_predicted_negative,under_predicted_negative,False,False,False,0.9637497707162408,0.6401177695057888,-0.3236320012104519,-20.99655241466944,-17.0034225482542,3.744681156068153,4.207173908083689,1.2713578511866284,0.6176218311153181,8,6.0,190.33639803921568,0.0244784667603055,0.3831846475371826,2.666682582618793,3.0656248630202256,0.6943898294599161,0.215852779854488,0.4633155438101455,-0.2310742856497706,0.2474627639556575,False,False,False,False,False,False,False,False,False,False,17.54340728411276,14.325258574075203,-15.300244123658992,-12.17869866897066,1.6977786865640376,1.267378080069999,1.2697099105301035,4.207173908083689,Q1_low_g98,T2,HIGH,DWARF,0.9300445985887132,0.6,69.3,177.0213389121339,False
UGC 08286,3,7.1,8.04,-23.12971124467191,-13.479587988609527,9.65012325606238,23.12971124467191,13.479587988609527,-9.65012325606238,under_predicted_negative,under_predicted_negative,False,False,False,1.3765559653212045,0.4881941619415653,-0.888361803379639,-23.9663470730738,-14.4636189325702,9.650123256062384,11.706064714039094,1.4932837224890514,0.5949213533793869,17,5.6,677.7704239840107,0.0813545328227045,0.7992859680127902,2.4971876906603403,2.896129971061773,0.4363503439833231,0.147955518474511,0.1821055342680015,-0.2542448097153216,0.0341500157934904,False,False,False,False,False,False,False,False,False,False,8.115648372080642,5.851259773666456,-10.522988800418702,-6.425030054889763,1.6859662512133575,1.548283199125173,1.091377749434708,11.706064714039094,Q2,T2,HIGH,SPIRAL,0.2651075252657658,2.37,84.3,179.68203980099506,False
UGC 08286,5,6.15,8.04,-20.35859546154838,-10.800520764540872,9.558074697007507,20.35859546154838,10.800520764540872,-9.558074697007507,under_predicted_negative,under_predicted_negative,False,False,False,1.1054696349872308,0.3503377047484427,-0.7551319302387881,-21.179882832751098,-9.942812124981929,9.558074697007507,11.706064714039094,1.453388334938358,0.6763001900669761,17,5.6,677.7704239840107,0.0813545328227045,0.7992859680127902,2.4971876906603403,2.896129971061773,0.4363503439833231,0.147955518474511,0.1821055342680015,-0.2542448097153216,0.0341500157934904,False,False,False,False,False,False,False,False,False,False,8.115648372080642,5.851259773666456,-10.522988800418702,-6.425030054889763,1.6859662512133575,1.548283199125173,1.091377749434708,11.706064714039094,Q2,T2,HIGH,SPIRAL,0.2651075252657658,2.37,84.3,179.68203980099506,False
UGC 08490,3,9.47,10.15,-30.81080038158608,-14.545464300159631,16.265336081426447,30.81080038158608,14.545464300159631,-16.265336081426447,under_predicted_negative,under_predicted_negative,False,False,False,2.3908300895887358,0.5683447551851476,-1.822485334403588,-29.9016307430579,-13.29569679837173,16.265336081426447,17.878784823432653,2.2441125596652483,0.6153399176352274,30,5.0,2322.229952941176,0.2488779046749663,0.9926470444183082,2.050479481559489,2.449421761960921,1.0414619085028805,0.3311414233171416,0.3342034692045128,-0.7072584392983676,0.0030620458873712,False,True,False,False,False,False,False,False,False,False,16.368268967097375,10.691825009685829,-15.38081778665884,-7.991441817608501,2.302219694168116,2.292644530599293,1.3766339933737162,17.878784823432653,Q2,T2,MEDIUM,SPIRAL,0.0401877182896853,1.4611726333982686,80.1,93.32512315270937,False
UGC 08490,5,8.8,10.15,-28.82154585443277,-12.130150154876976,16.691395699555795,28.82154585443277,12.130150154876976,-16.691395699555795,under_predicted_negative,under_predicted_negative,False,False,False,2.102728289073979,0.4136342911091581,-1.6890939979648207,-28.342506150749387,-10.463721327316732,16.69139569955579,17.878784823432653,2.1744518799310035,0.6775845024310867,30,5.0,2322.229952941176,0.2488779046749663,0.9926470444183082,2.050479481559489,2.449421761960921,1.0414619085028805,0.3311414233171416,0.3342034692045128,-0.7072584392983676,0.0030620458873712,False,True,False,False,False,False,False,False,False,False,16.368268967097375,10.691825009685829,-15.38081778665884,-7.991441817608501,2.302219694168116,2.292644530599293,1.3766339933737162,17.878784823432653,Q2,T2,MEDIUM,SPIRAL,0.0401877182896853,1.4611726333982686,80.1,93.32512315270937,False
UGC 08550,3,4.39,5.36,-12.89662723274748,-1.913824214434823,10.982803018312657,12.89662723274748,1.913824214434823,-10.982803018312657,under_predicted_negative,under_predicted_negative,False,False,False,0.4303387853842246,0.0155656693897539,-0.4147731159944706,-12.670122889445942,-1.3300962147472075,10.982803018312651,11.340026674698734,1.7314342029667904,0.7556712114934646,11,5.8,729.7099704046568,0.0907171481190682,0.8331541136153012,2.4701988799686734,2.869141160370106,0.2472569562051514,0.0378899045445975,0.0451158747155198,-0.2021410814896315,0.0072259701709222,False,False,False,False,False,False,False,False,False,False,7.273669164066625,4.043500211316633,-5.419951863622082,0.3455723184204842,1.9235489607041627,1.7694586157358092,1.4523702335450304,11.340026674698734,Q2,T2,HIGH,DWARF,0.1861776538738853,0.97,57.8,135.85569029850743,False
UGC 08550,5,3.41,5.36,-13.522530797559597,-3.505425680515265,10.017105117044332,13.522530797559597,3.505425680515265,-10.017105117044332,under_predicted_negative,under_predicted_negative,False,False,False,0.4754955548406671,0.0466079083755698,-0.4288876464650972,-12.78931344291206,-4.043500211316633,10.017105117044329,11.340026674698734,1.7005455410282373,0.7309988935610405,11,5.8,729.7099704046568,0.0907171481190682,0.8331541136153012,2.4701988799686734,2.869141160370106,0.2472569562051514,0.0378899045445975,0.0451158747155198,-0.2021410814896315,0.0072259701709222,False,False,False,False,False,False,False,False,False,False,7.273669164066625,4.043500211316633,-5.419951863622082,0.3455723184204842,1.9235489607041627,1.7694586157358092,1.4523702335450304,11.340026674698734,Q2,T2,HIGH,DWARF,0.1861776538738853,0.97,57.8,135.85569029850743,False
UGC 08699,3,20.99,25.7,-85.20053802314958,-85.20053802224375,9.058283012564059e-10,85.20053802314958,85.20053802224375,-9.058283012564059e-10,under_predicted_negative,under_predicted_negative,False,False,False,16.961879016023552,16.96187901566189,-3.6166269978821214e-10,-84.88884218730907,-84.88884218634749,9.058140904016907e-10,1.7558363651914986e-09,1.0843223075516966,0.4310370035844034,41,8.8,119376.01181395352,22.517016846632465,1.0,-0.3989422798788756,5.225571086953096e-10,4.730787577036856,4.730787577010393,4.730787577010393,-2.6463276014965228e-11,0.0,False,False,False,False,False,False,False,False,False,False,45.175665358099735,45.17566535809971,-33.73881323447509,-33.738813234408795,1.18303579421801,1.18303579421801,1.0,1.7558363651914984e-09,Q4_high_g98,T3,MEDIUM-LOW,BULGE-DOM,0.0032969939140636,12.86363326135738,202.0,393.5819844357976,True
UGC 08699,5,17.13,25.7,-79.25477136735424,-79.25477136681076,5.434799277281853e-10,79.25477136735424,79.25477136681076,-5.434799277281853e-10,under_predicted_negative,under_predicted_negative,False,False,False,15.020150237861788,15.020150237644788,-2.1699975150113457e-10,-81.22914075851536,-81.22914075851536,5.434884542410144e-10,1.7558363651914986e-09,1.050593384531018,0.4478228451752918,41,8.8,119376.01181395352,22.517016846632465,1.0,-0.3989422798788756,5.225571086953096e-10,4.730787577036856,4.730787577010393,4.730787577010393,-2.6463276014965228e-11,0.0,False,False,False,False,False,False,False,False,False,False,45.175665358099735,45.17566535809971,-33.73881323447509,-33.738813234408795,1.18303579421801,1.18303579421801,1.0,1.7558363651914984e-09,Q4_high_g98,T3,MEDIUM-LOW,BULGE-DOM,0.0032969939140636,12.86363326135738,202.0,393.5819844357976,True
UGC 08837,3,3.15,4.2,12.641308451820857,16.319509360455868,3.678200908635013,12.641308451820857,16.319509360455868,3.678200908635013,over_predicted_positive,over_predicted_positive,False,False,False,0.4071671557566436,0.6737198738051863,0.2665527180485427,12.027796469536796,15.778367802444665,3.678200908635013,4.26549254237338,1.1678884995797327,0.7747626349607325,8,5.0,357.9872864191242,0.038366194369092,0.5310777589406076,2.624402287724058,3.0233445681254905,0.5033493120356388,0.9391591804861752,0.7227129605697424,0.2193636485341036,-0.2164462199164327,False,False,False,False,False,False,False,False,False,False,13.335722795307396,15.983112761028815,13.89085296735638,16.745676176723677,1.365946124326868,1.194345847600514,1.1821165865151604,4.26549254237338,Q1_low_g98,T2,MEDIUM,DWARF,0.7933632370609981,2.63,48.0,284.0139523809524,False
UGC 08837,5,2.09,4.2,14.490722156803036,17.609063334543144,3.118341177740108,14.490722156803036,17.609063334543144,3.118341177740108,over_predicted_positive,over_predicted_positive,False,False,False,0.5492294274588317,0.7950457301524271,0.2458163026935953,14.383253625854492,17.417483540162785,3.118341177740105,4.26549254237338,1.1515990564423937,0.7505477871380366,8,5.0,357.9872864191242,0.038366194369092,0.5310777589406076,2.624402287724058,3.0233445681254905,0.5033493120356388,0.9391591804861752,0.7227129605697424,0.2193636485341036,-0.2164462199164327,False,False,False,False,False,False,False,False,False,False,13.335722795307396,15.983112761028815,13.89085296735638,16.745676176723677,1.365946124326868,1.194345847600514,1.1821165865151604,4.26549254237338,Q1_low_g98,T2,MEDIUM,DWARF,0.7933632370609981,2.63,48.0,284.0139523809524,False
UGC 09037,3,25.51,27.96,5.854703621086013,6.534573856443615,0.679870235357602,5.854703621086013,6.534573856443615,0.679870235357602,over_predicted_positive,over_predicted_positive,False,False,False,0.0945296924417384,0.1006247028811418,0.0060950104394034,5.891037763302023,5.891037763302023,0.6798702353576024,1.4040317062475367,1.0190872463805816,0.5154851620073337,22,5.0,7024.82957680365,0.7528646607797455,0.9999996484636576,1.0807959859392853,1.479738266340718,9.1357686263712,9.136599764507096,9.136599764158392,0.000831137787193,-3.4870417664478737e-10,False,False,True,True,False,False,False,False,False,False,34.70021923103481,34.70021923103481,45.90923489010947,46.00194446765823,1.0404970588488918,1.0404970446127038,1.0,1.4040317062475367,Q3,T2,MEDIUM,SPIRAL,0.0763624922729505,14.656200973680392,160.0,536.4334942775394,False
UGC 09037,5,23.14,27.96,6.023602086377804,6.431524227592371,0.4079221412145672,6.023602086377804,6.431524227592371,0.4079221412145672,over_predicted_positive,over_predicted_positive,False,False,False,0.0910760744653183,0.0947330807289605,0.0036570062636422,6.213195143617526,6.213195143617526,0.4079221412145671,1.4040317062475367,1.011452347828349,0.5248243436815727,22,5.0,7024.82957680365,0.7528646607797455,0.9999996484636576,1.0807959859392853,1.479738266340718,9.1357686263712,9.136599764507096,9.136599764158392,0.000831137787193,-3.4870417664478737e-10,False,False,True,True,False,False,False,False,False,False,34.70021923103481,34.70021923103481,45.90923489010947,46.00194446765823,1.0404970588488918,1.0404970446127038,1.0,1.4040317062475367,Q3,T2,MEDIUM,SPIRAL,0.0763624922729505,14.656200973680392,160.0,536.4334942775394,False
UGC 09133,3,94.12,108.31,-117.2774121985716,-117.27741218747444,1.1097142760263525e-08,117.2774121985716,117.27741218747444,-1.1097142760263525e-08,under_predicted_negative,under_predicted_negative,False,False,False,34.8420969285847,34.842096921981174,-6.603528390769497e-09,-117.0038171827899,-117.0038171716238,1.1097152234166666e-08,1.4155745020616452e-08,1.8409588248303437,0.5067243129601179,68,9.3,114469.35728519736,22.818301169296,1.0,-0.3989422800148098,3.866229003612887e-10,10.418061036863625,10.418061035701369,10.418061035701369,-1.1622560691648687e-09,0.0,False,False,True,True,False,False,True,True,False,False,33.56729847726717,33.56729847726716,-50.495537878738574,-50.49553787667884,1.968857059557012,1.968857059557012,1.0,1.4533910075442693e-08,Q4_high_g98,T3,MEDIUM-HIGH,BULGE-DOM,0.0011301124698542,29.8722658281417,289.0,129.36324808420275,True
UGC 09133,5,88.54,108.31,-115.43144993583152,-115.43144992361802,1.2213490663270932e-08,115.43144993583152,115.43144992361802,-1.2213490663270932e-08,under_predicted_negative,under_predicted_negative,False,False,False,33.998908864541946,33.99890885735037,-7.191573558884556e-09,-116.01393824826492,-116.01393823410918,1.221347929458716e-08,1.4533895864587976e-08,1.768923303839926,0.5887351350250994,68,9.3,114469.35728519736,22.818301169296,1.0,-0.3989422800148098,3.866229003612887e-10,10.418061036863625,10.418061035701369,10.418061035701369,-1.1622560691648687e-09,0.0,False,False,True,True,False,False,True,True,False,False,33.56729847726717,33.56729847726716,-50.495537878738574,-50.49553787667884,1.968857059557012,1.968857059557012,1.0,1.4533910075442693e-08,Q4_high_g98,T3,MEDIUM-HIGH,BULGE-DOM,0.0011301124698542,29.8722658281417,289.0,129.36324808420275,True
UGC 11455,3,37.7,41.93,-58.65528180984965,-58.65528180984964,7.105427357601002e-15,58.65528180984965,58.65528180984964,-7.105427357601002e-15,under_predicted_negative,under_predicted_negative,False,False,False,7.912029366346353,7.91202936634635,-2.664535259100376e-15,-60.187752480603024,-60.187752480603024,3.7895612573872014e-14,5.684341886080803e-14,1.0,0.6172930254724842,36,10.3,10456.117287540985,2.3084410353168465,1.0,-0.0866173374954376,0.3123249429059951,2.7613005961678514,2.7613005961678527,2.7613005961678527,1.3322676295501878e-15,0.0,False,False,False,False,False,False,False,False,False,False,31.935358488063148,31.935358488063155,15.34769365149253,15.347693651492545,1.0,1.0,1.0,8.526512829121202e-14,Q3,T3,MEDIUM,GIANT,0.1017910685229114,35.24513568961006,291.0,1064.3393512997852,False
UGC 11455,5,33.46,41.93,-47.01296843097737,-47.01296843097736,7.105427357601002e-15,47.01296843097737,47.01296843097736,-7.105427357601002e-15,under_predicted_negative,under_predicted_negative,False,False,False,5.699462550841899,5.699462550841899,0.0,-54.63077424585859,-54.63077424585859,1.7053025658242404e-14,5.684341886080803e-14,1.0,0.5245799663479808,36,10.3,10456.117287540985,2.3084410353168465,1.0,-0.0866173374954376,0.3123249429059951,2.7613005961678514,2.7613005961678527,2.7613005961678527,1.3322676295501878e-15,0.0,False,False,False,False,False,False,False,False,False,False,31.935358488063148,31.935358488063155,15.34769365149253,15.347693651492545,1.0,1.0,1.0,8.526512829121202e-14,Q3,T3,MEDIUM,GIANT,0.1017910685229114,35.24513568961006,291.0,1064.3393512997852,False
UGC 11557,3,7.04,10.56,69.24904438970529,69.2490443897053,1.4210854715202004e-14,69.24904438970529,69.2490443897053,1.4210854715202004e-14,over_predicted_positive,over_predicted_positive,False,False,False,11.498661631878493,11.498661631878496,3.552713678800501e-15,72.98798402585527,72.9879840258553,9.473903143468002e-15,2.8421709430404014e-14,1.0,0.9425846317970308,12,7.8,2223.4532904911184,0.3717352352602289,0.9993494936041986,1.7673014126607565,2.166243693062189,7.962175365047602,7.962175365047602,7.962175365047602,0.0,0.0,False,False,True,True,False,False,False,False,False,False,56.36899242890114,56.36899242890114,58.24940757165283,58.249407571652846,1.0,1.0,1.0,2.8421709430404014e-14,Q2,T2,MEDIUM,SPIRAL,0.3138474058944744,5.454875728983585,85.0,697.8250473484848,False
UGC 11557,5,5.28,10.56,63.49821391233472,63.49821391233472,0.0,63.49821391233472,63.49821391233472,0.0,over_predicted_positive,over_predicted_positive,False,False,False,9.600293618088408,9.60029361808841,1.7763568394002505e-15,59.00282355058087,59.00282355058087,5.684341886080802e-15,2.8421709430404014e-14,1.0,0.8129138184928977,12,7.8,2223.4532904911184,0.3717352352602289,0.9993494936041986,1.7673014126607565,2.166243693062189,7.962175365047602,7.962175365047602,7.962175365047602,0.0,0.0,False,False,True,True,False,False,False,False,False,False,56.36899242890114,56.36899242890114,58.24940757165283,58.249407571652846,1.0,1.0,1.0,2.8421709430404014e-14,Q2,T2,MEDIUM,SPIRAL,0.3138474058944744,5.454875728983585,85.0,697.8250473484848,False
UGC 11820,3,10.52,15.82,-14.557268955072924,2.096410954336425,16.653679909409348,14.557268955072924,2.096410954336425,-12.460858000736495,under_predicted_negative,over_predicted_positive,True,True,False,0.6520435355447002,0.0658160381244167,-0.5862274974202835,-16.447697898553102,-0.1280190583484142,16.653679909409348,19.171848388432323,1.78908913652578,0.6774241794592113,10,6.0,599.1023862890086,0.0770483627927734,0.7814791227667333,2.5096858089428853,2.908628089344318,0.2212262898919897,0.1499509673062072,0.0913406930320825,-0.1298855968599072,-0.0586102742741246,False,False,False,False,False,False,False,False,False,False,4.689277589380982,4.686269943495644,-3.859934822263326,3.798160635618031,2.255437977447694,1.9810985693038656,1.3955702342696217,19.171848388432323,Q1_low_g98,T2,MEDIUM-HIGH,SPIRAL,0.1625606512545164,1.01,84.45,97.39047408343868,False
UGC 11820,5,5.26,15.82,-9.804824830832532,4.877089279566367,14.6819141103989,9.804824830832532,4.877089279566367,-4.927735551266166,under_predicted_negative,over_predicted_positive,True,True,False,0.3991592554249495,0.1292966016363718,-0.2698626537885777,-5.984461714202396,6.789287565221152,14.6819141103989,19.171848388432323,1.6819422030541389,0.7542717037993787,10,6.0,599.1023862890086,0.0770483627927734,0.7814791227667333,2.5096858089428853,2.908628089344318,0.2212262898919897,0.1499509673062072,0.0913406930320825,-0.1298855968599072,-0.0586102742741246,False,False,False,False,False,False,False,False,False,False,4.689277589380982,4.686269943495644,-3.859934822263326,3.798160635618031,2.255437977447694,1.9810985693038656,1.3955702342696217,19.171848388432323,Q1_low_g98,T2,MEDIUM-HIGH,SPIRAL,0.1625606512545164,1.01,84.45,97.39047408343868,False
UGC 11914,3,7.37,9.83,-82.90128489742987,-82.90128489742989,-1.4210854715202004e-14,82.90128489742987,82.90128489742989,1.4210854715202004e-14,under_predicted_negative,under_predicted_negative,False,False,False,17.713531879636125,17.713531879636133,7.105427357601002e-15,-84.03067886185033,-84.03067886185033,-9.473903143468002e-15,0.0,1.0,0.968887150411429,65,10.5,134011.73487521562,30.16082685707044,1.0,-0.3989422804011824,2.502997809017416e-13,3.0967951430439618,3.096795143043962,3.096795143043962,4.440892098500626e-16,0.0,False,False,False,False,False,False,False,False,False,False,31.86902884808751,31.86902884808751,-32.16761379087306,-32.16761379087306,1.0,1.0,1.0,8.526512829121202e-14,Q4_high_g98,T3,HIGH,BULGE-DOM,0.0504444828016887,9.83,305.0,6760.152655137335,False
UGC 11914,5,6.83,9.83,-72.85480040872874,-72.85480040872874,0.0,72.85480040872874,72.85480040872874,0.0,under_predicted_negative,under_predicted_negative,False,False,False,13.241506364657386,13.241506364657388,1.7763568394002505e-15,-64.8191950394098,-64.81919503940983,1.1368683772161604e-14,5.684341886080803e-14,1.0,0.9813130077206892,65,10.5,134011.73487521562,30.16082685707044,1.0,-0.3989422804011824,2.502997809017416e-13,3.0967951430439618,3.096795143043962,3.096795143043962,4.440892098500626e-16,0.0,False,False,False,False,False,False,False,False,False,False,31.86902884808751,31.86902884808751,-32.16761379087306,-32.16761379087306,1.0,1.0,1.0,8.526512829121202e-14,Q4_high_g98,T3,HIGH,BULGE-DOM,0.0504444828016887,9.83,305.0,6760.152655137335,False
UGC 12506,3,46.71,49.99,-45.56447604939469,-39.16889045948866,6.395585589906034,45.56447604939469,39.16889045948866,-6.395585589906034,under_predicted_negative,under_predicted_negative,False,False,False,4.0412372560382535,3.014996573652136,-1.0262406823861174,-44.93079436816109,-38.35427266710136,6.395585589906034,7.136841355581311,1.1533729567187692,0.3629319613540443,31,6.0,2963.70907456446,0.3811517650659485,0.9994598341176034,1.746998655141231,2.145940935542664,1.6205899594943405,1.468324391572898,1.4683992887332595,-0.1521906707610807,7.489716036146454e-05,False,False,False,False,False,False,False,False,False,False,28.04030380634416,25.92188060413085,-16.637921365935785,-15.445545622206962,1.165474154535188,1.1653847710424898,1.0,7.136841355581311,Q3,T2,MEDIUM-HIGH,GIANT,0.1375222719054498,20.236529470397244,255.0,407.5760052010402,False
UGC 12506,5,43.44,49.99,-41.893429450485385,-36.04025392765861,5.853175522826774,41.893429450485385,36.04025392765861,-5.853175522826774,under_predicted_negative,under_predicted_negative,False,False,False,3.2783539530378336,2.4416487123740445,-0.8367052406637892,-39.472235975694105,-32.35151617629299,5.853175522826774,7.136841355581311,1.129099515924245,0.4096272305047639,31,6.0,2963.70907456446,0.3811517650659485,0.9994598341176034,1.746998655141231,2.145940935542664,1.6205899594943405,1.468324391572898,1.4683992887332595,-0.1521906707610807,7.489716036146454e-05,False,False,False,False,False,False,False,False,False,False,28.04030380634416,25.92188060413085,-16.637921365935785,-15.445545622206962,1.165474154535188,1.1653847710424898,1.0,7.136841355581311,Q3,T2,MEDIUM-HIGH,GIANT,0.1375222719054498,20.236529470397244,255.0,407.5760052010402,False
UGC 12632,3,9.25,10.66,-10.404349546296814,-1.9528150422940345,8.45153450400278,10.404349546296814,1.9528150422940345,-8.45153450400278,under_predicted_negative,under_predicted_negative,False,False,False,0.2773423008360853,0.0134303252458372,-0.2639119755902481,-9.860111955243347,-1.3137122044839489,8.45153450400278,8.612989885926595,1.4324383633391438,0.5281589941345002,15,7.0,292.02967628791606,0.0438163444509669,0.5789063283491821,2.607969427532684,3.0069117079341168,0.1247254442481935,0.0903682499555715,0.0276843442150689,-0.0970411000331245,-0.0626839057405025,False,False,False,False,False,False,False,False,False,False,5.519753909439913,2.8400122640449865,-5.550161409227025,0.8034730567346976,1.7825556053203937,1.4530263922051008,1.3460015449622065,8.656577255132433,Q1_low_g98,T2,HIGH,DWARF,0.5464378854475559,2.14,73.2,159.57607879924953,False
UGC 12632,5,7.82,10.66,-8.127365039730673,0.3983220047486895,8.525687044479362,8.127365039730673,0.3983220047486895,-7.729043034981983,under_predicted_negative,over_predicted_positive,True,True,False,0.1907578405260122,0.0255925106094461,-0.165165329916566,-9.504099263015632,-0.8911093770890375,8.525687044479364,8.656577255132433,1.4089229626494917,0.597934185099645,15,7.0,292.02967628791606,0.0438163444509669,0.5789063283491821,2.607969427532684,3.0069117079341168,0.1247254442481935,0.0903682499555715,0.0276843442150689,-0.0970411000331245,-0.0626839057405025,False,False,False,False,False,False,False,False,False,False,5.519753909439913,2.8400122640449865,-5.550161409227025,0.8034730567346976,1.7825556053203937,1.4530263922051008,1.3460015449622065,8.656577255132433,Q1_low_g98,T2,HIGH,DWARF,0.5464378854475559,2.14,73.2,159.57607879924953,False
UGC 12732,3,13.4,15.4,-9.275184133939154,8.961215243365695,18.23639937730485,9.275184133939154,8.961215243365695,-0.3139688905734594,under_predicted_negative,over_predicted_positive,True,True,False,0.2248251637514659,0.2105049021328204,-0.0143202616186454,-9.013680340036103,9.332700920943369,18.23639937730485,18.34638126097947,1.5894841374706008,0.888071094551726,16,7.0,450.72003125,0.067626360413898,0.7368130989301999,2.5372204216165377,2.9361627020179704,0.7375488396118194,0.4390179240042781,0.4168207425333597,-0.3207280970784596,-0.0221971814709183,False,False,False,False,False,False,False,False,False,False,12.119228506030591,8.565379853428745,-13.992330643722353,-4.982875977618232,1.8018306165741755,1.5907993014151312,1.4966998978942507,18.34638126097947,Q1_low_g98,T2,HIGH,SPIRAL,0.3460599740924345,1.92,98.0,155.97616233766234,False
UGC 12732,5,11.5,15.4,-10.133025197486054,7.447802586720729,17.580827784206782,10.133025197486054,7.447802586720729,-2.685222610765325,under_predicted_negative,over_predicted_positive,True,True,False,0.2714041251202997,0.1637510723656305,-0.1076530527546691,-9.023573726639242,8.408559083152625,17.580827784206786,18.34638126097947,1.6010778855378085,0.8741768118998692,16,7.0,450.72003125,0.067626360413898,0.7368130989301999,2.5372204216165377,2.9361627020179704,0.7375488396118194,0.4390179240042781,0.4168207425333597,-0.3207280970784596,-0.0221971814709183,False,False,False,False,False,False,False,False,False,False,12.119228506030591,8.565379853428745,-13.992330643722353,-4.982875977618232,1.8018306165741755,1.5907993014151312,1.4966998978942507,18.34638126097947,Q1_low_g98,T2,HIGH,SPIRAL,0.3460599740924345,1.92,98.0,155.97616233766234,False
UGCA 444,3,2.48,2.62,-8.427876887523547,-3.333934661070226,5.093942226453322,8.427876887523547,3.333934661070226,-5.093942226453322,under_predicted_negative,under_predicted_negative,False,False,False,0.1701914211020221,0.031867218826208,-0.138324202275814,-7.655684934631566,-2.671577712417843,5.093942226453319,5.160268259653304,1.4686583427903357,0.9546697904722112,36,5.1,201.1672531185032,0.0219906758456802,0.3521386309824597,2.6743187109075555,3.073260991308988,0.0535703611897199,0.0476849624489243,0.0189498265310982,-0.0346205346586216,-0.0287351359178261,False,False,False,False,False,False,False,False,False,False,3.9507463515244265,2.1066644423747167,-3.657274260943281,-1.0018273276526282,2.431841929959755,1.504206856999311,1.3136300465920825,5.160268259653304,Q1_low_g98,T2,HIGH,DWARF,0.4141451526337636,1.11,38.3,83.3124427480916,False
UGCA 444,5,2.33,2.62,-7.3144274373732,-2.406397174646294,4.908030262726906,7.3144274373732,2.406397174646294,-4.908030262726906,under_predicted_negative,under_predicted_negative,False,False,False,0.1333791446204477,0.0205250820193938,-0.1128540626010538,-6.768942013971049,-1.6688023609807914,4.908030262726905,5.160268259653304,1.436013105488912,0.9605919179931206,36,5.1,201.1672531185032,0.0219906758456802,0.3521386309824597,2.6743187109075555,3.073260991308988,0.0535703611897199,0.0476849624489243,0.0189498265310982,-0.0346205346586216,-0.0287351359178261,False,False,False,False,False,False,False,False,False,False,3.9507463515244265,2.1066644423747167,-3.657274260943281,-1.0018273276526282,2.431841929959755,1.504206856999311,1.3136300465920825,5.160268259653304,Q1_low_g98,T2,HIGH,DWARF,0.4141451526337636,1.11,38.3,83.3124427480916,False
