galaxy,R_kpc,Vobs_kms,errV_kms,gbar_kms2_per_kpc,V_baseline_kms,residual_baseline_kms,chi2_contribution_baseline,V_wear_activated_kms,residual_wear_activated_kms,chi2_contribution_wear_activated,V_mond_kms,residual_mond_kms,chi2_contribution_mond
CamB,0.16,1.99,1.5,109.513125,7.757279451666479,5.767279451666479,0.0856703471310094,9.15295648355271,7.16295648355271,0.1321518237869151,10.536796132161674,8.546796132161674,0.18814610205984222
CamB,0.41,4.84,1.5,262.5817073170732,18.6049323523673,13.7649323523673,0.4880189637224674,19.863445233272884,15.023445233272884,0.5813365271787502,21.486667877847044,16.646667877847044,0.7137451421386855
CamB,0.57,6.79,1.5,297.8415789473685,23.34340146354035,16.55340146354035,0.7057697360286924,24.63199942696553,17.841999426965533,0.8199277361283667,26.257741093901874,19.467741093901875,0.9761569692187914
CamB,0.73,8.87,1.5,320.64561643835617,27.996790896391875,19.126790896391874,0.942264339972438,29.37332161153879,20.503321611538787,1.082771917852398,30.348452401837562,21.478452401837565,1.188213567490024
CamB,0.9,10.9,1.5,310.4587777777778,30.70050215025524,19.80050215025524,1.0098129694842553,32.30849897798166,21.40849897798165,1.1804863579916076,33.3875674724088,22.4875674724088,1.3024872912456877
CamB,1.06,12.9,1.5,286.31245283018865,31.967562010284063,19.067562010284064,0.9364376587663312,33.89263534864597,20.99263534864597,1.1350695141821514,35.40711811242676,22.50711811242676,1.3047530347114713
CamB,1.22,14.7,1.5,248.329262295082,31.64097642774932,16.94097642774932,0.7392058784946763,33.98987735598586,19.289877355985865,0.9584014640282706,36.48455673909954,21.78455673909954,1.222323019495292
CamB,1.47,16.8,1.5,216.39210884353744,31.22673317731571,14.426733177315713,0.5360737415826449,33.92044832143149,17.120448321431493,0.7549510643317615,38.528796447037415,21.728796447037414,1.2160736510928158
CamB,1.79,20.1,1.5,150.86938547486034,27.418546036584853,7.318546036584852,0.1379552249571457,30.77855007024536,10.67855007024536,0.2937061985904371,38.467024175505216,18.367024175505215,0.8688926646840773
D631-7,0.45,8.41,1.58,378.578,21.38249156477456,12.972491564774554,0.4331714203739004,22.212966291818507,13.802966291818509,0.4904083498665056,24.99472392967104,16.58472392967104,0.7079938651256568
D631-7,0.9,17.8,2.22,470.4338888888889,31.252932463651195,13.452932463651194,0.4629527859105662,31.78412117504208,13.984121175042077,0.5002339176132002,37.659675598417834,19.859675598417834,1.0088975752961225
D631-7,1.35,26.0,2.35,525.8278518518518,42.67999010696563,16.679990106965633,0.7106157882841252,43.07330356998758,17.07330356998758,0.7445234815188161,47.663639804052224,21.663639804052224,1.1986879159172612
D631-7,1.8,30.9,2.22,448.3973888888888,51.12475851049969,20.22475851049969,1.0463319032539709,52.420140359089935,21.520140359089936,1.184657960575214,52.514510140391145,21.614510140391147,1.195070628301939
D631-7,2.25,34.7,1.82,352.3628444444444,50.47345262243672,15.773452622436714,0.639080100280021,53.01575060841817,18.31575060841817,0.8616903041099399,54.74359206223256,20.043592062232555,1.031936261873991
D631-7,2.69,38.8,1.81,288.7396654275093,46.78974991644907,7.989749916449071,0.1639867017969969,50.0177459859643,11.2177459859643,0.3232611121145587,56.54013230690134,17.740132306901344,0.8084552179452189
D631-7,3.14,42.5,1.57,232.8351910828025,43.361473276173854,0.8614732761738537,0.0019104331062129,47.264365659805065,4.764365659805065,0.0584330273863346,57.479770450230546,14.979770450230546,0.5776416936037214
D631-7,3.59,45.6,1.59,192.5110027855153,41.76184808555213,-3.838151914447877,0.0379159451230938,46.455601839313154,0.8556018393131524,0.0018841739051462,58.27698432088558,12.67698432088558,0.413627563802924
D631-7,4.04,48.8,1.83,161.28249999999997,41.08188020334024,-7.718119796659757,0.1529974097668986,46.75540677289221,-2.0445932271077893,0.0107368005003611,58.86255485664185,10.062554856641853,0.26006240223852317
D631-7,4.49,51.8,1.91,134.95993318485523,40.598524893386376,-11.20147510661362,0.3220163130888734,47.4403618738989,-4.359638126101096,0.048778486512713,59.0886606399829,7.288660639982901,0.1363398767370762
D631-7,4.94,54.8,2.19,114.52698380566802,40.10914582243059,-14.690854177569406,0.5522603640788853,48.09739233302208,-6.702607666977919,0.1149575175838018,59.26435104191594,4.46435104191594,0.050999562752688514
D631-7,5.39,56.6,2.73,97.40022263450837,39.3395297160438,-17.260470283956202,0.7572033003781015,48.432047266169015,-8.167952733830987,0.1695640109962262,59.24575319161762,2.645753191617615,0.017791227236995322
D631-7,5.84,58.4,3.27,83.57277397260273,38.461942550977895,-19.938057449022104,1.0021004531225686,48.57398799533814,-9.826012004661855,0.2433885555192918,59.17682493153083,0.7768249315308324,0.0015212194981253319
D631-7,6.29,58.5,3.95,72.15379968203496,37.69939761924377,-20.80060238075623,1.077346528974102,48.86593628298365,-9.634063717016351,0.2311120665422425,59.04279567297876,0.5427956729787624,0.0007336287563062171
D631-7,6.74,57.7,4.07,62.73501483679525,36.07076561426648,-21.629234385733525,1.1621077250227168,47.73715652715178,-9.96284347284822,0.2465645913602363,58.879316329456294,1.1793163294562916,0.003454814378805158
D631-7,7.19,57.3,3.94,54.80212795549373,33.60925440897453,-23.69074559102547,1.397804329953937,45.11528947507283,-12.18471052492717,0.3697595124577258,58.6674520847438,1.3674520847438032,0.004657074214492432
DDO 154,0.49,13.8,1.6,337.8034693877552,20.394953748372256,6.594953748372255,0.1119348747765319,21.299868296284032,7.499868296284031,0.1447602029586327,25.238719986856815,11.438719986856814,0.33674159701903833
DDO 154,0.99,21.6,0.8,270.0546464646465,26.07327135131864,4.47327135131864,0.0517539741944136,27.806778542578577,6.206778542578576,0.0996381643818897,33.654756158903076,12.054756158903075,0.3758461257257698
DDO 154,1.48,28.9,0.7,193.1482432432432,26.53209070337788,-2.36790929662212,0.014507476097776,29.22436715490245,0.3243671549024469,0.0002722296855792,37.452445512447234,8.552445512447235,0.189252824764881
DDO 154,1.97,34.3,0.5,157.66192893401015,26.298179524319263,-8.001820475680734,0.1657712127508697,29.38888833694811,-4.911111663051887,0.0624440589435968,40.84717442632537,6.54717442632537,0.110978622572761
DDO 154,2.47,38.2,0.4,130.27744939271255,27.369726209106148,-10.830273790893855,0.3037467122066561,31.359595369589428,-6.840404630410575,0.121170332265751,43.40446460033579,5.20446460033579,0.07014308000867094
DDO 154,2.96,42.0,0.2,117.00864864864865,29.507743242701,-12.492256757299003,0.4042495049484059,34.4828120375286,-7.517187962471404,0.1463789111571986,46.143275588643995,4.143275588643995,0.044468792362069326
DDO 154,3.46,44.6,0.2,109.77367052023122,29.97450358743232,-14.625496412567683,0.5541009877578236,35.10408176987682,-9.49591823012318,0.2335832116702563,49.030548938950915,4.430548938950913,0.05084904129219528
DDO 154,3.95,46.3,0.2,96.4913924050633,28.82932774874496,-17.470672251255035,0.7906548256936398,33.99484031381359,-12.305159686186409,0.3922312581663743,50.58962584088264,4.289625840882643,0.04766575964865848
DDO 154,4.44,47.4,0.3,80.78704954954955,30.809428581610792,-16.590571418389207,0.7129090626244473,37.991228162735695,-9.408771837264304,0.2292858853782742,51.1307960402602,3.730796040260202,0.03605076301904013
DDO 154,4.94,48.2,0.6,67.63097165991901,31.850345515811235,-16.34965448418877,0.6918707986136088,40.864034796276805,-7.335965203723198,0.1392907792479489,51.42746309990363,3.2274630999036305,0.026960653435240584
DDO 154,5.43,47.4,0.7,56.71103130755065,30.83573865515604,-16.564261344843956,0.7099142381440443,40.72413207593735,-6.675867924062651,0.1153127184132281,51.449111114608236,4.0491111146082375,0.04242102206640266
DDO 154,5.92,45.5,1.3,47.93871621621622,28.900141026383785,-16.599858973616215,0.7107619952641202,38.835224243567495,-6.664775756432505,0.1145741078787961,51.38218597498117,5.882185974981169,0.08924685146448237
DDO 161,0.6,16.0,3.53,341.7008333333333,25.04178215616827,9.04178215616827,0.2051740197334367,26.59247325900088,10.59247325900088,0.2815846918547057,28.02056581344902,12.020565813449021,0.36263031699084985
DDO 161,0.73,16.6,4.83,367.318904109589,28.408561436338843,11.808561436338842,0.3406603423207813,29.89597662102636,13.295976621026352,0.4318849568327067,31.558167860823957,14.958167860823956,0.5466185889942946
DDO 161,0.85,18.6,2.5,376.07400000000007,30.9744673224196,12.374467322419598,0.3903822600729903,32.50447029556193,13.904470295561929,0.4928853899303098,34.28605125290186,15.686051252901862,0.6272841399838472
DDO 161,0.98,20.0,7.58,406.8670408163265,33.430700381531935,13.430700381531937,0.4067676387993995,34.720753679080154,14.720753679080154,0.4886626709641621,37.66487895876593,17.664878958765932,0.7036722181207699
DDO 161,1.07,21.4,4.03,422.517570093458,33.82682207542084,12.426822075420844,0.3839139851123215,34.92071479971655,13.52071479971655,0.4544782211238941,39.79144948508688,18.39144948508688,0.840902588877716
DDO 161,1.54,28.9,2.74,477.40389610389616,44.27693800289792,15.376938002897925,0.6008784133901515,45.19025181320513,16.29025181320513,0.6743765663932109,49.475898858345545,20.575898858345546,1.0758816699572398
DDO 161,2.02,32.9,2.65,481.2841584158416,48.90664961031827,16.00664961031827,0.6519037249712218,49.82728607586376,16.927286075863762,0.7290498989094294,56.79937200131323,23.899372001313232,1.4533009740082434
DDO 161,2.49,35.2,2.88,454.350562248996,53.78418122006235,18.584181220062348,0.8759236540516885,55.13113805085709,19.931138050857086,1.0074965913853284,62.00418416875539,26.804184168755384,1.8221518970407817
DDO 161,2.96,37.6,3.05,411.648141891892,57.38145190815211,19.781451908152107,0.989889615154305,59.47658047957792,21.87658047957792,1.210679855248701,65.6819133385841,28.081913338584094,1.9949123943201656
DDO 161,3.43,40.6,3.68,363.789416909621,56.99792099332721,16.39792099332721,0.6729994436220068,59.81903448803831,19.21903448803831,0.924485828418726,68.21602563822688,27.61602563822688,1.9087958425719134
DDO 161,3.9,42.7,3.25,328.6883333333334,54.06585566447782,11.36585566447782,0.325756154416372,57.102320695383845,14.402320695383844,0.5230621690469516,70.64657180429646,27.946571804296454,1.9694521686056992
DDO 161,4.37,45.5,2.99,296.0166819221968,49.59230661916437,4.092306619164368,0.0424038315310511,52.45475288363776,6.95475288363776,0.1224706928277673,72.5771350196168,27.077135019616804,1.8564112402629123
DDO 161,4.86,48.9,1.96,266.4642798353909,46.57271728939721,-2.327282710602788,0.0138934500963228,49.29332991948127,0.3933299194812747,0.0003968494525959,74.28480775171961,25.384807751719613,1.65294946612102
DDO 161,5.34,51.5,1.53,241.24198501872647,44.53574954601584,-6.964250453984164,0.1248922902167107,47.16124507579668,-4.338754924203322,0.0484749205975949,75.71034060078459,24.21034060078459,1.509345505472122
DDO 161,5.81,53.0,1.86,219.05130808950085,41.94405318683724,-11.055946813162764,0.3138553008719873,44.17780225212182,-8.822197747878178,0.1998440225960967,76.86003186162621,23.86003186162621,1.4617719538504583
DDO 161,6.28,55.0,1.48,203.02229299363057,41.15358525788255,-13.846414742117451,0.4938895995643568,43.31343374073544,-11.686566259264566,0.3518269151740512,78.22835194495586,23.22835194495586,1.389927041160046
DDO 161,6.75,57.6,0.99,189.4514074074074,45.691120098324326,-11.908879901675675,0.3664824638593427,49.71066203388587,-7.889337966114134,0.1608394166613991,79.55473769283543,21.95473769283543,1.245569235113663
DDO 161,7.22,59.7,1.19,179.17927977839335,51.42613275478568,-8.27386724521432,0.1767011726963087,57.690592837138986,-2.0094071628610166,0.0104221717841802,81.01386220564456,21.313862205644554,1.172591232324117
DDO 161,7.69,60.5,1.26,171.89628088426525,56.11601500743163,-4.383984992568372,0.0495870466832909,64.17165695271132,3.671656952711317,0.0347819816175578,82.65345881385976,22.153458813859757,1.2662317819697548
DDO 161,8.16,61.8,1.33,165.9322549019608,58.50479988852425,-3.295200111475744,0.0280021006704502,67.55553996942399,5.755539969423992,0.0854277904691096,84.3144354362042,22.51443543620421,1.307221396587008
DDO 161,8.64,62.9,1.35,158.63084490740738,57.71555213331806,-5.184447866681936,0.0693061895128386,66.83036140377003,3.930361403770029,0.0398319869637401,85.6878706316752,22.787870631675197,1.338981229624287
DDO 161,9.11,63.0,2.09,152.7109220636663,52.2138507542466,-10.7861492457534,0.2980290027583366,59.42319980171924,-3.5768001982807576,0.03277291269041,87.07052810835098,24.070528108350985,1.4842153429414822
DDO 161,9.58,64.5,2.38,144.519624217119,55.03954527235911,-9.460454727640888,0.2285124807200828,63.86740538823113,-0.632594611768873,0.0010217317245044,87.9452541945834,23.4452541945834,1.4034462776004928
DDO 161,10.05,65.6,1.08,136.27709452736318,62.0355137784625,-3.564486221537493,0.0328167992458297,74.34003865134221,8.740038651342218,0.1973008908494019,88.6377971854868,23.03779718548681,1.3708320225092465
DDO 161,10.52,67.5,3.22,125.24800380228136,65.2297416786607,-2.2702583213392984,0.0130032385165172,80.08283623739128,12.582836237391277,0.399445989581932,88.6184011617988,21.1184011617988,1.1251827028357075
DDO 161,10.99,66.8,2.37,114.49281164695178,65.93416784638329,-0.865832153616708,0.0019142823464374,82.55944081706049,15.759440817060494,0.6341911568842722,88.38807311839452,21.58807311839452,1.190053087507582
DDO 161,11.46,66.8,0.95,103.9728184991274,64.90145448569224,-1.898545514307756,0.0093162361832712,82.73702078827372,15.937020788273728,0.6564667625716271,87.928077740318,21.128077740318005,1.1537678588298634
DDO 161,11.94,66.6,0.96,94.4280485762144,63.29689162813585,-3.303108371864141,0.0281982833635521,82.07003811958313,15.470038119583135,0.6185286099854734,87.44407555914687,20.844075559146873,1.1229031563898837
DDO 161,12.41,66.8,0.99,85.90185334407737,61.46527777300125,-5.33472222699875,0.0735419243502043,81.00473996613759,14.204739966137597,0.5214083036972358,86.904175039784,20.104175039783996,1.044440926110345
DDO 161,12.9,66.3,0.74,78.69889147286823,59.34999549271368,-6.950004507286316,0.1249588993730658,79.29153830899111,12.99153830899111,0.4366346282682485,86.543525112091,20.243525112091007,1.0601548398279002
DDO 161,13.37,66.1,1.31,71.65925205684367,56.08207759551563,-10.017922404484366,0.258846019812615,75.78774660027237,9.687746600272376,0.242064836077452,85.92284649158022,19.822846491580222,1.0134870412364985
DDO 168,0.41,15.0,4.1,431.5280487804878,23.1426104586266,8.142610458626596,0.1645989550431598,24.17105290683636,9.171052906836362,0.2088036826791581,24.783599383622413,9.783599383622413,0.2376277076021371
DDO 168,0.82,23.4,1.3,594.0999999999999,37.89586754613792,14.495867546137925,0.5420056641006337,37.89586754613792,14.495867546137925,0.5420056641006337,38.522017764701985,15.122017764701987,0.5898409071060963
DDO 168,1.24,29.2,1.5,509.613064516129,45.1356030126338,15.935603012633802,0.6540719726368667,46.07863471869021,16.87863471869021,0.7337754281184149,45.25905215198034,16.059052151980342,0.6642450895557618
DDO 168,1.64,36.2,1.1,404.7073780487805,46.27309411127093,10.073094111270926,0.2620470157654012,48.86113799923571,12.661137999235706,0.4139986452717914,48.64892559260841,12.448925592608404,0.40023694741948945
DDO 168,2.06,44.0,1.1,373.4330582524272,49.85266200930014,5.85266200930014,0.088462727189652,53.30034872620367,9.300348726203666,0.2233839168125775,53.26676040978283,9.266760409782833,0.22177332324144133
DDO 168,2.47,52.1,1.2,324.7521457489878,49.74226172525139,-2.3577382747486126,0.0143478468207065,54.284700717880526,2.184700717880524,0.012319113221938,56.02824674921446,3.928246749214459,0.03982841865247255
DDO 168,2.89,52.9,1.7,282.13238754325255,46.18741709661051,-6.712582903389489,0.115865075560896,51.129014610466754,-1.7709853895332444,0.0080649778856237,58.219790363642026,5.319790363642028,0.0727716565432348
DDO 168,3.3,54.8,2.2,246.24354545454543,43.30061477447684,-11.499385225523156,0.3383375820411939,48.51768461655772,-6.282315383442281,0.1009811855926607,59.862247270897505,5.062247270897508,0.06556736114959899
DDO 168,3.71,55.0,2.5,218.75288409703504,42.46852415745267,-12.53147584254733,0.4003515278326254,48.27519460321422,-6.724805396785783,0.1152912877619864,61.395080063769434,6.395080063769434,0.1042627126119089
DDO 168,4.12,52.0,2.7,190.5544902912621,39.27576215501841,-12.724237844981587,0.4116713588844407,44.95445016730557,-7.045549832694427,0.1262167165322801,62.25353926296129,10.25353926296129,0.2673219950089978
DDO 64,0.1,6.29,4.62,25.647,2.9926472710055045,-3.2973527289944955,0.026691259335853,4.345783353744869,-1.9442166462551311,0.0092795638471415,5.667943275184634,-0.6220567248153657,0.0009499444914132109
DDO 64,0.3,13.9,4.62,112.712,10.601605229810728,-3.2983947701892724,0.0267081321358829,13.23847251185262,-0.6615274881473816,0.0010743209372083,14.54135715490387,0.6413571549038704,0.0010098064442432182
DDO 64,0.49,15.6,4.62,189.99857142857144,16.507506411433358,0.9075064114333582,0.0020217974932088,18.871393696706804,3.271393696706804,0.0262726496764237,21.451642022778213,5.851642022778213,0.08406084473665011
DDO 64,0.69,18.4,4.62,289.80652173913046,24.55106237810739,6.15106237810739,0.092883487239221,26.572195740338035,8.172195740338037,0.1639516419481872,28.66560247752349,10.26560247752349,0.25870637776421235
DDO 64,0.89,22.5,4.62,262.16011235955057,25.32763280586902,2.827632805869019,0.0196283716796565,27.65431099963888,5.154310999638874,0.0652198038833927,31.642782446514914,9.142782446514914,0.20520834670686827
DDO 64,1.09,26.5,4.62,269.7146788990825,28.2144445418324,1.7144445418323926,0.0072158107169728,30.67710316433542,4.177103164335421,0.0428340020029758,35.30100228103175,8.80100228103175,0.19015270898710296
DDO 64,1.29,35.3,4.62,299.98426356589147,31.704023555394528,-3.595976444605469,0.0317447511004383,33.976506078585565,-1.323493921414432,0.004300135610115,39.58243810244803,4.282438102448033,0.045021549581383005
DDO 64,1.48,40.5,4.62,352.60810810810807,37.36580064156886,-3.13419935843114,0.0241152342302733,39.35664388788474,-1.1433561121152565,0.0032092332657852,44.40787116813343,3.9078711681334326,0.03749028357018915
DDO 64,1.68,44.2,4.89,374.97738095238105,43.267047965645695,-0.932952034354308,0.0021233808380036,45.38141311309784,1.1814131130978396,0.003404966439877,48.16102611172332,3.9610261117233136,0.038275834886927984
DDO 64,1.88,46.3,4.62,378.5091489361702,47.63262038791258,1.3326203879125842,0.0043596452983772,49.98338810465806,3.683388104658064,0.0333068232422896,51.085558618528644,4.785558618528647,0.056221642647778666
DDO 64,2.08,46.4,4.62,360.8363461538462,49.3602975196451,2.9602975196451027,0.0215133960472193,52.11277705813406,5.712777058134058,0.0801184985381972,52.9967611620552,6.596761162055202,0.10683160939293605
DDO 64,2.27,46.3,4.62,334.4237004405287,46.45427633889461,0.1542763388946113,5.843013612737764e-05,49.31537019942347,3.0153701994234723,0.0223213021697883,54.166131452151525,7.866131452151528,0.15190100569082945
DDO 64,2.37,46.4,6.73,325.01274261603373,43.56712385928687,-2.8328761407131324,0.0186072787857665,46.17573693025064,-0.2242630697493552,0.0001166119925772,54.894973274299105,8.494973274299106,0.16732149064140883
DDO 64,2.98,46.9,8.65,264.32651006711416,51.04709630946101,4.147096309461006,0.0373211112737444,56.1064871641045,9.206487164104502,0.1839307019575236,58.036257292309834,11.136257292309836,0.26911929534804396
ESO 079-G014,0.41,33.2,11.6,2056.0648780487804,42.955456950977855,9.755456950977852,0.1828203095174083,42.955456950977855,9.755456950977852,0.1828203095174083,40.35762518459638,7.157625184596377,0.09841631758715291
ESO 079-G014,0.98,50.4,11.8,2331.8450000000003,67.65444315447905,17.254443154479056,0.5668186135312412,67.65444315447905,17.254443154479056,0.5668186135312412,65.12042182056071,14.72042182056071,0.41255581938778435
ESO 079-G014,1.78,53.9,9.75,2191.4216853932585,83.43989859519642,29.539898595196423,1.813913179710511,83.43989859519642,29.539898595196423,1.813913179710511,85.92446512712907,32.02446512712907,2.1318775973573203
ESO 079-G014,2.69,67.6,5.1,2145.105167286245,106.685863898666,39.08586389866599,3.707931255806999,106.68586389866596,39.08586389866598,3.707931255806996,104.8660325327891,37.26603253278911,3.370688043336075
ESO 079-G014,3.36,81.7,5.06,2036.534672619048,119.3623420767761,37.6623420767761,3.446160360862003,119.36234207677612,37.66234207677611,3.446160360862005,115.1611585476595,33.461158547659494,2.720212192875879
ESO 079-G014,4.39,102.0,5.35,1738.6562642369024,127.06895162376478,25.06895162376477,1.5157217360723514,127.06895162376478,25.06895162376477,1.5157217360723514,124.86297074254873,22.862970742548725,1.2607020390225783
ESO 079-G014,5.65,116.0,6.44,1521.5261769911504,139.9225494386893,23.922549438689288,1.3387689243184446,139.9225494386893,23.922549438689288,1.3387689243184446,135.57686102755062,19.57686102755062,0.8965547526023369
ESO 079-G014,6.34,132.0,9.1,1475.86190851735,147.08327709690576,15.08327709690576,0.4852824128795074,147.08327709690576,15.08327709690576,0.4852824128795074,142.19840127983264,10.198401279832638,0.22185403183484137
ESO 079-G014,6.89,137.0,5.25,1487.253671988389,153.63351936134927,16.633519361349272,0.6690015810050018,153.63351936134927,16.633519361349272,0.6690015810050018,148.60939667518056,11.609396675180562,0.3258953390640919
ESO 079-G014,8.34,154.0,4.2,1588.6797362110312,176.25086512464767,22.250865124647675,1.2265905232267915,176.25086512464767,22.250865124647675,1.2265905232267915,167.06248264007777,13.062482640077775,0.422724340309021
ESO 079-G014,10.04,163.0,3.28,1708.758097609562,201.5638672101149,38.56386721011489,3.748305906565241,201.5638672101149,38.56386721011489,3.748305906565241,187.74869318358594,24.748693183585942,1.5437551272897394
ESO 079-G014,11.65,170.0,2.41,1608.9090643776824,202.3679353722057,32.36793537220578,2.673970344817501,202.3679353722057,32.36793537220578,2.673970344817501,198.2720313206313,28.2720313206313,2.040049082688074
ESO 079-G014,13.36,175.0,2.18,1421.9146781437123,192.0357614330796,17.035761433079614,0.7427137174456325,192.0357614330796,17.035761433079614,0.7427137174456325,203.94049587141637,28.940495871416374,2.1434348228788056
ESO 079-G014,15.06,177.0,2.23,1199.78462815405,184.2949552026068,7.294955202606758,0.1361126855800987,184.2949552026068,7.294955202606758,0.1361126855800987,205.0307324193998,28.03073241939981,2.0096583675441226
ESO 079-G014,16.67,178.0,2.03,1024.1471505698862,175.53668327873575,-2.463316721264249,0.0155539712670099,175.53668327873572,-2.463316721264277,0.0155539712670102,205.18868985957974,27.18868985957974,1.8948609425447702
F563-1,1.07,22.1,7.17,316.6452336448598,32.431077512684844,10.331077512684844,0.2440077524099359,34.46699885394477,12.366998853944771,0.3496560327269776,36.610537631613816,14.510537631613815,0.48137041189258073
F563-1,1.78,42.7,10.66,346.61853932584273,40.89269131158685,-1.8073086884131515,0.0065374939159933,42.8916278906089,0.191627890608899,7.349606084757808e-05,48.46146111762778,5.761461117627775,0.06643728791530605
F563-1,2.49,60.6,7.69,318.29919678714856,50.97125664726693,-9.628743352733068,0.2082794420690688,54.21746678401005,-6.382533215989952,0.0915152247890365,55.93214544510629,-4.667854554893708,0.048948773522619116
F563-1,2.97,76.8,11.1,289.65885521885525,55.6989560384547,-21.10104396154529,0.874401634427971,60.04858119598374,-16.751418804016254,0.5510693661702428,59.4636758329675,-17.336324167032494,0.5902243389258556
F563-1,3.04,81.6,17.5,282.6974013157895,55.76044625490248,-25.83955374509752,0.964510708191814,60.29665646003134,-21.30334353996865,0.6555903878395436,59.74553280615802,-21.854467193841977,0.6899497816203903
F563-1,3.19,87.0,8.93,271.18047021943573,55.943944850832565,-31.056055149167435,2.070830107700866,60.80239746621504,-26.19760253378496,1.4735843130395547,60.48342640554589,-26.51657359445411,1.509686257842224
F563-1,6.95,90.0,24.8,171.55306474820142,65.67803589752262,-24.32196410247738,0.5909433567112187,75.79774263790553,-14.202257362094471,0.2014945598369361,78.53261037059605,-11.467389629403954,0.13136440593039372
F563-1,8.58,97.8,9.4,159.37494172494172,70.33123087432914,-27.46876912567086,1.5906342804608498,82.01180110624867,-15.788198893751328,0.5254811204752733,85.5000932129745,-12.299906787025492,0.3189301521408124
F563-1,9.26,93.7,25.3,156.14697624190066,72.09891644063936,-21.60108355936065,0.4547425771018923,84.29126281323003,-9.408737186769969,0.0862734608559756,88.32400536688357,-5.375994633116434,0.0281664554720314
F563-1,9.89,103.0,23.8,155.31305358948433,74.23481815356705,-28.765181846432952,0.868753608267561,86.84518339211519,-16.15481660788481,0.2740100159951187,91.14454831861161,-11.855451681388388,0.14757017194756072
F563-1,10.08,97.4,11.0,155.87787698412697,75.10528451276254,-22.294715487237468,0.9803833109602884,87.82111931664572,-9.578880683354283,0.1809762428913961,92.10795373519991,-5.292046264800092,0.055238172916734926
F563-1,11.84,106.5,9.48,145.5669341216216,76.03327211289866,-30.466727887101342,1.950576266451283,89.43816983259413,-17.061830167405873,0.6117338852372434,97.9640400036501,-8.535959996349902,0.15311440480283248
F563-1,14.56,112.0,11.0,109.10896291208792,68.71674393062814,-43.28325606937186,3.695148433859597,83.5450600497387,-28.454939950261306,1.5970090879151415,100.41381727309674,-11.58618272690326,0.26477244611674844
F563-1,15.43,111.5,9.4,101.94440051847052,62.93889680806087,-48.56110319193913,4.971289196429211,76.08831213579916,-35.41168786420084,2.64353579009948,101.48489226080295,-10.015107739197049,0.21144780973885788
F563-1,17.93,111.0,24.3,92.81650864472952,64.36112006014167,-46.63887993985833,2.2275549386522338,78.7364164922935,-32.2635835077065,1.0660004923335116,106.65993259564777,-4.340067404352226,0.019289685582361996
F563-1,19.02,112.5,7.75,89.72791798107255,63.197769675314944,-49.302230324685056,5.449258601627115,77.12158991543515,-35.37841008456485,2.8059563404492414,108.85652471497504,-3.6434752850249623,0.0297602065912013
F563-1,20.1,106.0,10.7,86.368184079602,58.68757170309989,-47.31242829690012,4.472548645026504,70.36073526542955,-35.639264734570446,2.5378273108769336,110.76059737982759,4.760597379827587,0.045282198271336664
F563-V2,0.28,11.9,7.89,141.39607142857142,11.758467093379716,-0.1415329066202844,4.468816466534377e-05,14.813875491684117,2.9138754916841147,0.0189417302920328,14.945290109876398,3.0452901098763974,0.020688786183736787
F563-V2,0.87,34.8,7.89,367.533908045977,33.267073390264365,-1.5329266097356324,0.0052422821685287,35.58341267800499,0.7834126780049928,0.0013691746766137,34.45747074548458,-0.34252925451541927,0.00026174175246226146
F563-V2,1.46,58.5,8.68,528.581712328767,50.38483819364694,-8.115161806353058,0.1427483169621769,51.13711944446808,-7.362880555531923,0.1175092731017788,49.64425855650887,-8.855741443491127,0.1699912180496878
F563-V2,2.05,81.5,14.2,628.3246829268292,63.38836135985691,-18.11163864014309,0.5582183892027845,63.38836135985691,-18.11163864014309,0.5582183892027845,61.93991276163216,-19.560087238367842,0.6510738084074612
F563-V2,2.35,91.8,17.5,634.017744680851,66.62640964225147,-25.173590357748523,0.9154346717222526,66.62640964225147,-25.173590357748523,0.9154346717222526,66.497436210963,-25.302563789036995,0.9248389083398861
F563-V2,4.76,114.0,8.68,484.5857142857144,82.7606700308513,-31.2393299691487,2.115339359489507,84.87239089439312,-29.12760910560688,1.8390193752168296,87.36660968064407,-26.633390319355925,1.537551024798852
F563-V2,7.86,116.0,8.68,365.4827608142493,89.70785465270174,-26.29214534729826,1.498403153413728,95.44876530997465,-20.55123469002536,0.9154876015829057,103.40296484225485,-12.597035157745154,0.3439642546738983
F563-V2,8.7,117.0,16.6,364.7118390804599,89.38407645955026,-27.615923540449742,1.1527892148738832,94.7834363169294,-22.21656368307059,0.7460785142450133,108.72177321657611,-8.27822678342389,0.10358703470251622
F563-V2,10.18,118.0,51.9,296.4790766208252,90.68333808648104,-27.31666191351897,0.2423034144250402,99.31645115917942,-18.683548840820578,0.1133503908895373,110.82205205385014,-7.177947946149857,0.016730344659757874
F563-V2,10.47,118.0,40.3,285.8751957975167,92.94961613090568,-25.05038386909432,0.312185888188579,102.63813462110951,-15.36186537889047,0.1174011650817394,111.23006835538477,-6.769931644615227,0.022800956411286377
F568-1,0.44,15.7,9.1,331.7754545454545,20.802079268321204,5.102079268321205,0.0555261467550458,22.548754166699425,6.848754166699425,0.1000521184187255,23.79304424351576,8.09304424351576,0.13970982941384263
F568-1,1.32,44.5,9.1,592.8999999999999,45.301537823314405,0.8015378233144048,0.0013704120692894,45.31159398361251,0.8115939836125108,0.0014050143858621,48.84571283862681,4.34571283862681,0.04028331323095899
F568-1,2.2,69.4,9.1,566.0536363636364,56.43108836602274,-12.968911633977264,0.3587651052023438,56.74037128238712,-12.65962871761289,0.3418574673488385,62.193323504169456,-7.20667649583055,0.11078301682036752
F568-1,3.08,90.0,11.4,519.3381818181817,61.14804935169538,-28.851950648304623,1.6133713005120658,62.05076167187328,-27.94923832812672,1.5139931838174034,71.72960389798016,-18.270396102019845,0.6469636671926156
F568-1,3.96,105.0,9.88,430.1166161616161,58.78560443958087,-46.21439556041913,4.416267085957092,60.74852395906886,-44.25147604093114,4.049079456279842,76.94927651673946,-28.05072348326054,1.6270050849071993
F568-1,4.84,113.0,16.2,386.7176859504132,65.58402095404412,-47.41597904595588,3.467206015801812,68.9211416463099,-44.078858353690094,2.996338525946386,82.47853891605479,-30.521461083945212,1.4366164744599068
F568-1,5.53,117.0,24.8,370.9630560578661,72.41863736138015,-44.58136263861985,1.9854330443500057,76.8169103125983,-40.1830896874017,1.6130031735253028,87.1067688485849,-29.893231151415094,0.8926768847118334
F568-1,7.48,124.0,9.1,397.2584090909091,90.42869707670644,-33.57130292329357,2.4040280283431232,95.23927322789962,-28.760726772100384,1.7644235499656828,103.33743009531148,-20.662569904688525,0.9106925941557132
F568-1,8.37,127.0,9.1,405.53129032258073,96.21070584443756,-30.789294155562445,2.0220998583600003,101.01447467136724,-25.98552532863276,1.4403436927646909,109.9691579805957,-17.030842019404304,0.6186932443631903
F568-1,9.24,130.0,9.1,401.7174458874459,99.52340772490902,-30.47659227509098,1.9812347789128544,104.56560558192643,-25.434394418073552,1.3798946682326123,115.22617390411405,-14.773826095885951,0.46557440650046017
F568-1,10.13,133.0,9.1,392.3809772951629,102.68059421826288,-30.31940578173713,1.960850593966927,108.2120747294044,-24.787925270595608,1.3106402150564884,119.82685603359482,-13.173143966405178,0.3701536271829465
F568-1,13.23,142.0,23.8,358.557044595616,101.3179215951468,-40.68207840485319,1.7376753426343094,107.22190486520006,-34.77809513479994,1.269912961661832,133.41468688601555,-8.585313113984455,0.07738818326104895
F568-3,0.64,12.4,8.6,289.47812500000003,22.420000282046622,10.020000282046626,0.2182807323511054,24.63312932499102,12.23312932499102,0.3253531895859537,27.598556402346514,15.198556402346513,0.502209141480364
F568-3,1.18,21.9,6.2,381.8401694915255,37.31948758818147,15.419487588181468,0.560174812652159,39.572691962035975,17.672691962035977,0.7358496870818279,40.57532670938875,18.67532670938875,0.821712910428821
F568-3,1.8,32.3,1.88,428.3102222222221,44.87508283044567,12.575082830445671,0.4059531281257048,46.6504614783546,14.350461478354603,0.5286715233410435,51.81548551750151,19.51548551750151,0.9777164096003104
F568-3,2.03,37.9,6.2,437.4528078817735,46.61488096272728,8.714880962727278,0.1789396621301157,48.258845990007366,10.358845990007367,0.2528171007555643,55.36699512352738,17.466995123527383,0.7188199006816732
F568-3,2.78,53.1,9.5,477.3710791366906,55.02576427614032,1.925764276140313,0.007787019521802,56.3093609684166,3.209360968416597,0.0216272920222486,66.47325540242645,13.373255402426445,0.37552537545097764
F568-3,3.0,62.4,11.0,484.2369333333333,60.35830197392783,-2.0416980260721687,0.0082219542991459,61.75961165815574,-0.6403883418442575,0.0008088702729192,69.34426478972372,6.944264789723725,0.09511403051241951
F568-3,3.64,68.0,6.2,496.2971428571428,75.91702786948228,7.917027869482283,0.1476753611491828,77.67124195030082,9.671241950300823,0.2203678278702726,76.93955361024781,8.939553610247813,0.18828484297072545
F568-3,4.19,78.0,7.98,499.2275178997613,80.78123999648174,2.7812399964817445,0.0172017635592518,82.56500080421776,4.56500080421776,0.0463423185500386,82.69141492322846,4.691414923228464,0.048944481418115485
F568-3,4.6,82.3,6.2,478.87054347826097,80.74540938495281,-1.554590615047189,0.0056939779012176,82.92738825809907,0.6273882580990744,0.0009273773122245,85.58628677638788,3.2862867763878825,0.025444540516119735
F568-3,5.14,85.7,6.3,448.72811284046696,84.11756226914412,-1.5824377308558866,0.0058824712162285,87.18770433009317,1.487704330093166,0.0051992392909815,88.76022641430374,3.0602264143037416,0.02199954358054532
F568-3,5.39,85.5,6.51,444.2246011131725,85.1403808377949,-0.3596191622051066,0.0003018953070534,88.34864714254618,2.8486471425461843,0.01894296803875,90.62514516663553,5.125145166635534,0.061317304373119975
F568-3,6.31,89.5,15.6,437.0682725832012,90.02696486168814,0.5269648616881426,0.0004412291303133,93.57329780645682,4.0732978064568215,0.0263629004386773,97.59014523139587,8.090145231395866,0.10399524892760464
F568-3,9.1,95.2,15.5,367.59035164835166,98.34689934649806,3.14689934649806,0.0158131345261316,104.65305417209674,9.453054172096742,0.1426909911067395,111.44580696982004,16.245806969820038,0.42143911233637255
F568-3,10.17,97.5,6.2,353.8888987217305,100.19300271020248,2.6930027102024923,0.0170866638327159,107.0649820494056,9.564982049405586,0.2155519781487397,116.53149467403857,19.03149467403857,0.8533545130712431
F568-3,11.99,101.0,10.2,316.89728106755626,95.03188883629656,-5.9681111637034405,0.0726845785289397,102.40846421096528,1.4084642109652918,0.0040481826658437,122.58087010253313,21.580870102533126,0.950399874260077
F568-3,14.02,107.0,10.7,273.80206847360915,87.08541377224005,-19.914586227759955,0.7924049324120092,94.50908192533728,-12.490918074662716,0.3117405629441861,127.14521724852939,20.14521724852939,0.8108649083706889
F568-3,15.94,117.0,11.7,246.2013174404015,80.72552785665913,-36.27447214334087,2.5164706329782804,87.26153159523976,-29.73846840476024,1.6913241849354992,131.55858788159983,14.558587881599834,0.4053481250478409
F568-3,17.98,120.0,12.0,217.9677919911012,76.10773314228213,-43.89226685771787,3.634964320583242,82.04448676048328,-37.95551323951672,2.718152802405904,135.02184577307048,15.021845773070481,0.42576575552814244
F568-V1,0.39,17.4,30.4,381.61641025641023,21.14997746071137,3.7499774607113694,0.0107332928465556,22.42442014078558,5.02442014078558,0.0192684845752669,23.32274125490198,5.922741254901982,0.026774488591101785
F568-V1,1.18,46.3,37.1,705.7648305084746,47.90713792478489,1.6071379247848938,0.0014655456501505,47.90713792478489,1.6071379247848938,0.0014655456501505,48.671133184974,2.3711331849740063,0.003190104788831756
F568-V1,1.95,69.1,13.1,616.7853846153847,59.00946440048811,-10.09053559951188,0.1825987853248984,59.00946440048811,-10.09053559951188,0.1825987853248984,60.075067178862234,-9.02493282113776,0.14606878001838125
F568-V1,2.74,85.2,6.2,501.79762773722615,63.01156685747771,-22.18843314252229,1.159943844407176,64.32223419049801,-20.877765809501994,1.0269557657063673,66.97103550372569,-18.228964496274315,0.7829025223975815
F568-V1,3.53,93.2,6.2,485.0384135977338,71.56862415001068,-21.631375849989325,1.1024324313530802,73.40869852447658,-19.791301475523422,0.9228527332368668,75.25732726415255,-17.942672735847452,0.7585041581983872
F568-V1,4.3,100.0,12.4,470.3656976744186,77.07609489067967,-22.92390510932033,0.9735909023660936,79.3583233222068,-20.6416766777932,0.7893856826562763,82.31349593694752,-17.68650406305248,0.579539843583022
F568-V1,5.09,108.0,6.2,423.3848526522593,74.85473679117223,-33.14526320882777,2.5883716736935067,77.95325023437775,-30.04674976562225,2.127054875784377,86.83933594599276,-21.160664054007242,1.0549752690758512
F568-V1,5.87,112.0,6.2,369.2037649063032,71.6531781562534,-40.3468218437466,3.835326625414729,75.72430633417144,-36.27569366582856,3.1003815637947274,89.62138861519,-22.37861138481,1.179912938253576
F568-V1,6.4,113.0,24.9,347.208890625,72.8939785001596,-40.1060214998404,1.5988836696908184,77.68054476459943,-35.31945523540057,1.240011449315081,91.93676190205444,-21.063238097945558,0.4410095318841217
F568-V1,7.44,113.0,15.5,320.5673655913978,77.02248403961171,-35.97751596038829,2.066876893700589,83.11514750191262,-29.884852498087383,1.4261148244829378,96.87935309165941,-16.12064690834059,0.41497046984972613
F568-V1,8.21,112.0,13.1,305.93629719853834,77.17384237690085,-34.82615762309915,2.175106713991763,83.60980077417345,-28.39019922582655,1.4454608276073284,100.41865486990284,-11.581345130097162,0.2405400818178032
F568-V1,9.0,111.0,26.4,278.9522777777778,79.64820625141694,-31.351793748583063,0.9076373746525188,87.72677974856083,-23.27322025143917,0.5001503110659657,102.4104819769543,-8.589518023045699,0.06812792704091276
F568-V1,9.72,111.0,19.4,266.4635905349794,82.48725695867901,-28.512743041320988,1.0663945061918234,91.6746726503798,-19.32532734962021,0.4898844078519058,105.05450562900921,-5.945494370990787,0.046367730882369396
F568-V1,11.79,113.0,12.5,240.3635114503817,77.23547836303212,-35.764521636967885,2.358876916405982,85.74569719425142,-27.25430280574858,1.3698423631672385,112.38161972537925,-0.6183802746207476,0.0007051990115998732
F568-V1,17.63,118.0,14.6,135.85339194554737,63.79812843241328,-54.20187156758672,4.903269379513263,74.27982031144569,-43.72017968855431,3.190223165764532,117.29830255909714,-0.701697440902862,0.0008217826600067187
F571-8,0.22,12.4,7.0,6668.047727272727,42.83151790697365,30.431517906973653,2.128913292235536,42.83151790697365,30.431517906973653,2.128913292235536,45.27613462792501,32.87613462792501,2.4846901794791956
F571-8,0.78,37.5,4.0,9422.955128205129,95.03627739105036,57.53627739105036,8.234883621940032,95.03627739105036,57.53627739105036,8.234883621940032,97.81841795371736,60.31841795371736,9.050526229948588
F571-8,1.33,56.5,4.0,8143.766917293232,114.25866824617076,57.75866824617076,8.298666063609986,114.25866824617076,57.75866824617076,8.298666063609986,120.44871179379739,63.948711793797386,10.172730696731744
F571-8,2.33,69.1,4.0,5634.042103004292,128.56555596712528,59.46555596712528,8.796398871839079,128.56555596712528,59.46555596712528,8.796398871839079,138.08399421971566,68.98399421971567,11.837789697775536
F571-8,3.44,85.5,7.5,3362.747238372093,120.6870320065916,35.18703200659161,2.7996093192377662,120.6870320065916,35.18703200659159,2.7996093192377645,138.67286667175546,53.17286667175546,6.393111927851401
F571-8,3.78,87.1,8.4,2858.95082010582,116.57099678860575,29.47099678860577,1.902355992014219,116.57099678860575,29.47099678860577,1.902355992014219,137.24728112900607,50.147281129006075,5.508037946012722
F571-8,4.77,105.0,4.0,1790.4438784067086,103.25303883329796,-1.74696116670205,0.0075917246715546,103.25303883329796,-1.74696116670205,0.0075917246715546,131.42773999949932,26.427739999499323,1.7373767201023294
F571-8,5.44,112.0,6.7,1387.8802389705884,96.19031088765853,-15.809689112341474,0.5800697853950858,96.19031088765853,-15.809689112341474,0.5800697853950858,129.12047105519767,17.12047105519767,0.6802444455704731
F571-8,6.11,116.0,4.0,1099.5939279869067,90.11545542446744,-25.884544575532573,1.666690666374957,90.11545542446744,-25.884544575532573,1.666690666374957,127.03380319449546,11.033803194495462,0.30284779337029416
F571-8,7.22,124.0,4.0,820.0323822714682,83.59425243230903,-40.405747567690966,4.061254817174041,83.59425243230903,-40.405747567690966,4.061254817174041,126.03572544288355,2.035725442883546,0.010308900693540821
F571-8,9.33,135.0,4.0,515.8243193997856,75.03677484984232,-59.96322515015768,8.944249677633092,75.82022725151916,-59.17977274848084,8.712053488959791,124.59233942073095,-10.407660579269049,0.26945124063002723
F571-8,11.1,140.0,4.0,384.32590990990985,70.53792355013992,-69.46207644986008,12.002437971955738,72.98887029544069,-67.01112970455931,11.17037687632157,124.68060139364064,-15.319398606359357,0.5837909792550373
F571-8,15.55,144.0,5.0,205.76998713826367,59.93086814039165,-84.06913185960835,17.196153118316825,64.59001866639545,-79.40998133360455,15.342932202928036,123.56043265058487,-20.439567349415128,1.0164864073753699
F574-1,0.47,15.3,4.4,359.15446808510643,22.66907209612194,7.36907209612194,0.1339629552936722,24.29906123440404,8.999061234404039,0.1997806964193643,25.15829482259282,9.858294822592818,0.23975226171590772
F574-1,1.41,41.0,4.36,767.2828368794328,54.609395191975615,13.609395191975617,0.4573117217255319,54.609395191975615,13.609395191975617,0.4573117217255319,54.57429130065132,13.574291300651318,0.45495559689187137
F574-1,2.35,60.7,4.4,721.3665106382979,70.33717882605535,9.637178826055347,0.2291178599895636,70.33717882605535,9.637178826055347,0.2291178599895636,69.14285731223447,8.442857312234466,0.17584823266911137
F574-1,3.29,74.9,4.4,550.7395136778115,70.01075405048259,-4.8892459495174165,0.0589715955073822,70.63854732723674,-4.261452672763269,0.0447996321348954,75.4370959932967,0.5370959932966883,0.0007116442323252325
F574-1,4.22,83.0,6.28,473.5027962085308,72.5273744198353,-10.472625580164705,0.2577949864006635,74.53939082259785,-8.460609177402148,0.1682544585837607,81.70367591487701,-1.2963240851229898,0.0039499399529284536
F574-1,5.17,86.8,4.4,433.42284332688587,77.91080551108894,-8.889194488911059,0.194932353122377,81.04727366473267,-5.752726335267326,0.0816406657994825,88.11980732372035,1.3198073237203545,0.004297146664066224
F574-1,6.11,89.4,4.4,408.3987070376432,82.15885830690902,-7.241141693090981,0.1293520155403111,86.15419360537173,-3.245806394628275,0.0259898834404228,94.14968526619865,4.7496852661986395,0.05565302478770585
F574-1,7.05,92.5,4.4,369.8380283687944,81.59578471718939,-10.904215282810611,0.2933242326176251,86.57797004456427,-5.9220299554357325,0.0865167722347497,98.26584954179341,5.765849541793415,0.08201357050177455
F574-1,7.99,94.7,4.4,347.0922903629537,81.16471282066665,-13.535287179333352,0.4519538164274368,86.6134330985267,-8.086566901473304,0.1613197262976207,102.71423120209167,8.014231202091665,0.1584465703586432
F574-1,8.92,96.3,4.4,311.4270515695068,81.55338552061178,-14.746614479388214,0.5364679262968771,88.35982748046679,-7.940172519533206,0.1555317239982985,105.20406724582864,8.904067245828642,0.19558519221985013
F574-1,9.87,97.8,4.4,299.8599493414387,88.81250695068402,-8.987493049315972,0.199267395183301,97.28795183663708,-0.5120481633629197,0.0006468159700102,109.47499145128843,11.674991451288435,0.33625771015309364
F574-1,10.79,98.8,4.62,292.6884986098239,94.54132709173513,-4.258672908264884,0.0445232460286413,104.25326006133696,5.453260061336962,0.0730046744145072,113.67653406281894,14.876534062818948,0.5433025855325676
F574-1,11.8,99.5,4.4,283.25549152542374,95.2174808919179,-4.282519108082099,0.0452436597372416,105.30096857106405,5.800968571064047,0.0830156807836808,117.7749964425332,18.274996442533194,0.8238984975690766
F574-1,12.6,99.7,5.14,271.4473412698413,93.04540179576918,-6.654598204230823,0.1073752975361793,103.15517775580528,3.4551777558052805,0.0289468621865003,120.23957608560987,20.539576085609866,1.0229246761709596
F579-V1,0.42,35.7,9.1,557.0526190476191,27.088862619254,-8.611137380746001,0.1581700198163032,27.353258645038423,-8.34674135496158,0.14860623972745,27.04482090195954,-8.655179098040463,0.15979208041457418
F579-V1,1.47,83.3,9.3,1114.2857142857144,68.72977481161745,-14.570225188382553,0.4493036086270129,68.72977481161745,-14.570225188382553,0.4493036086270129,62.57176821898409,-20.728231781015907,0.9093517170046306
F579-V1,2.11,94.2,10.4,1117.18009478673,80.97990344324569,-13.220096556754314,0.353672804293968,80.97990344324568,-13.220096556754328,0.3536728042939688,75.02693280207653,-19.173067197923473,0.7439017843938988
F579-V1,2.84,97.6,9.1,1011.3802816901408,91.20350042883318,-6.396499571166814,0.0872746032805128,91.20350042883318,-6.396499571166814,0.0872746032805128,84.36017423661926,-13.239825763380736,0.37391051011002385
F579-V1,3.9,101.0,9.1,859.9287435897436,96.84719588747504,-4.152804112524947,0.0367862929481114,96.84719588747504,-4.152804112524947,0.0367862929481114,93.99613482980445,-7.003865170195553,0.10463541162150633
F579-V1,4.74,105.0,16.7,863.12888185654,107.27520654315268,2.275206543152692,0.0077855958339045,107.27520654315268,2.275206543152692,0.0077855958339045,103.74441208529804,-1.2555879147019624,0.0023710704199877007
F579-V1,5.69,106.0,9.1,842.5060105448152,116.62472260623802,10.624722606238024,0.2407899372016495,116.62472260623802,10.624722606238024,0.2407899372016495,112.82189280570938,6.821892805709382,0.09926883268827334
F579-V1,6.32,108.0,11.5,807.031155063291,118.9281520829156,10.928152082915602,0.2304380278771493,118.9281520829156,10.928152082915602,0.2304380278771493,117.34173375691353,9.341733756913527,0.16838975317907906
F579-V1,7.37,110.0,23.0,754.2104748982362,119.83262108100534,9.832621081005342,0.1056616801340225,119.83262108100534,9.832621081005342,0.1056616801340225,124.11783405477895,14.117834054778953,0.21782867584511073
F579-V1,8.21,112.0,19.7,693.9575395858708,117.95274339175984,5.952743391759839,0.0457765297163642,117.95274339175984,5.952743391759839,0.0457765297163642,127.7265445616809,15.726544561680896,0.3195031635217287
F579-V1,9.16,113.0,9.1,652.171288209607,114.07831052462409,1.0783105246240865,0.0024802235180885,114.07831052462409,1.0783105246240865,0.0024802235180885,132.4064051576091,19.4064051576091,0.8033287710187008
F579-V1,10.85,114.0,9.1,560.2335299539171,114.64814737909532,0.6481473790953203,0.0008960880207933,115.45231151800236,1.452311518002361,0.0044990694424656,137.6925411253719,23.69254112537189,1.197364614614531
F579-V1,12.21,114.0,9.1,466.537592137592,114.28656358929112,0.2865635892911342,0.0001751641191685,117.95824366467032,3.95824366467032,0.0334201337618709,138.3732204236924,24.373220423692402,1.2671527352699312
F579-V1,15.16,114.0,11.2,338.5743073878628,103.0899095784211,-10.9100904215789,0.2327351654290389,110.82870742186624,-3.171292578133773,0.0196642746287469,140.47638879350873,26.476388793508733,1.370638126750029
F583-1,0.26,14.6,13.0,97.51384615384612,7.837440329252678,-6.762559670747321,0.0824003843250777,9.05307826823706,-5.546921731762939,0.0554384517086557,13.01626359748266,-1.5837364025173404,0.00451931710388931
F583-1,0.44,10.0,7.0,150.02113636363634,14.837999287548833,4.837999287548831,0.053807441623731,16.691617881147064,6.691617881147064,0.102937356016752,19.042100793889187,9.042100793889187,0.18795307302724476
F583-1,0.77,10.7,7.13,221.1131168831169,23.033339095205942,12.333339095205949,0.3482106324748102,24.847119215745792,14.147119215745793,0.4581595146942116,28.054213585860044,17.354213585860045,0.6894306071296846
F583-1,0.89,17.4,9.6,234.3079775280899,23.483999280021948,6.083999280021949,0.0774114255464857,25.057945986789413,7.657945986789414,0.1226454256662709,30.655974090432224,13.255974090432225,0.3674938286059279
F583-1,1.22,23.5,11.2,240.19606557377048,30.497990264699578,6.9979902646995775,0.0957529089332669,32.66767608096789,9.167676080967889,0.1643326386781454,36.143739001108926,12.643739001108926,0.3125765210545967
F583-1,1.55,31.0,5.2,211.98483870967743,31.97388850738693,0.9738885073869348,0.0022962880709382,34.627082498887646,3.6270824988876456,0.0318509767909574,39.336139005012825,8.336139005012825,0.16824330212787192
F583-1,1.8,32.3,2.41,179.41672222222223,29.06196245501425,-3.238037544985751,0.0267602613185826,31.73788526803905,-0.5621147319609463,0.0008064482890668,40.46564791461736,8.16564791461736,0.17017975346986147
F583-1,2.21,40.9,5.9,158.7433031674208,31.414244311090744,-9.485755688909254,0.2138246738187645,34.843133113405386,-6.056866886594612,0.0871786233262667,43.34544661510726,2.445446615107258,0.01421118592081829
F583-1,2.31,43.8,4.26,156.9595238095238,32.58482538322328,-11.215174616776714,0.3112232800214395,36.25672565258196,-7.543274347418041,0.1407925913216237,44.17742593942554,0.37742593942554237,0.0003524710767829703
F583-1,2.54,44.8,4.5,153.45637795275593,33.25288988639783,-11.547110113602166,0.3282110817862238,37.02500496849071,-7.774995031509292,0.1488013482830625,46.03742609829327,1.2374260982932697,0.003769165166122596
F583-1,3.1,51.7,12.7,149.81935483870967,35.51791243510631,-16.182087564893692,0.4784665496498878,39.54913300201668,-12.15086699798332,0.2697720930451501,50.525265926937706,-1.1747340730622966,0.0025215153618986887
F583-1,3.43,55.7,4.5,156.7814868804665,38.11562557255963,-17.584374427440373,0.7611328590878005,42.237593490305166,-13.462406509694835,0.4461203422332896,53.81528435327375,-1.8847156467262494,0.008743761400651678
F583-1,3.86,59.4,9.85,158.69914507772026,42.22408886064,-17.175911139359997,0.6107622801571165,46.915080636648106,-12.484919363351892,0.3227038316215063,57.280616141879754,-2.119383858120244,0.009299334788877645
F583-1,4.09,62.0,4.5,157.41606356968214,44.10022362012263,-17.899776379877373,0.7886818324913623,49.12969696374669,-12.870303036253311,0.4077408006030553,58.83066134244044,-3.169338657559557,0.024725433910895787
F583-1,4.37,63.0,3.2,156.08329519450797,44.43908306538116,-18.56091693461884,0.8694418469963162,49.44678934305065,-13.553210656949346,0.463581463536355,60.668767064514356,-2.3312329354856445,0.013715543608653884
F583-1,4.76,66.6,6.9,153.68172268907563,43.65854810749195,-22.94145189250804,1.2137870781030435,48.37648069001413,-18.22351930998586,0.7658879085847363,63.04826083988766,-3.5517391601123336,0.029092620238175926
F583-1,5.4,71.3,2.95,150.26507407407408,43.28565522082782,-28.014344779172177,1.988341886373488,47.7040432670327,-23.59595673296729,1.4106046304344784,66.73896575983157,-4.561034240168425,0.05270560318211504
F583-1,5.86,72.3,15.5,147.5257337883959,47.49320785760382,-24.806792142396176,0.9826378225885009,52.841518729949975,-19.458481270050022,0.6046027837714771,69.17267209511718,-3.1273279048828186,0.015617053612229556
F583-1,6.08,73.4,6.0,145.59810855263157,50.99941056081967,-22.400589439180337,1.1890673156936438,57.199382156125225,-16.20061784387478,0.6219431718560994,70.20502020664628,-3.194979793353724,0.024189326729712336
F583-1,6.43,72.4,5.81,143.7341368584759,53.54858195156992,-18.851418048430084,0.8466248910657296,60.30996897814038,-12.090031021859623,0.3482232899284324,71.94246712644753,-0.4575328735524806,0.0004987094419382832
F583-1,6.97,77.1,12.1,143.3251793400287,55.47215814730189,-21.627841852698104,0.8785776811204143,62.4727754286489,-14.627224571351093,0.4018626597185199,74.84392671066168,-2.2560732893383175,0.009560050875952398
F583-1,7.96,80.3,13.5,143.82734924623117,57.670447336043615,-22.62955266395638,0.9011819688003084,64.72519454804126,-15.574805451958738,0.4268800085637723,80.05964570793414,-0.24035429206585945,0.00010166332725821465
F583-1,10.29,84.7,6.0,144.8322351797862,61.39175318512616,-23.308246814873847,1.2873800227087129,68.29851925723781,-16.40148074276219,0.6374610676663481,91.20003768451065,6.5000376845106445,0.10011964431293482
F583-1,15.49,86.9,5.6,120.32046481601034,66.91142252997034,-19.988577470029668,0.957310785114476,75.55454063979016,-11.345459360209844,0.3084134754029451,106.3625676108503,19.4625676108503,0.9075894623512535
F583-1,16.26,85.8,8.6,114.16178351783516,66.25632246395342,-19.543677536046573,0.8304098870183743,75.12174483123862,-10.678255168761382,0.2479022816096599,107.42694070358004,21.626940703580047,1.0168809552921285
IC 2574,0.85,10.3,0.2,108.19776470588236,18.071331707508545,7.771331707508544,0.1564438827793173,22.280267821542186,11.98026782154218,0.3717926045898845,24.206612364721316,13.906612364721315,0.5009684681966111
IC 2574,1.14,12.9,2.7,126.105350877193,22.37906576534356,9.47906576534356,0.2284642065237059,26.928023989840728,14.028023989840728,0.5003571335644104,29.226518267019348,16.326518267019345,0.677757376804181
IC 2574,1.42,16.4,1.8,135.318661971831,25.20562013456519,8.805620134565192,0.1992060064594078,29.92116564172856,13.521165641728558,0.4696894468992417,33.25376036541027,16.853760365410274,0.7297534643270842
IC 2574,1.71,18.6,2.1,143.27865497076024,26.74572144943682,8.14572144943682,0.1699566556487157,31.239028048108448,12.639028048108448,0.4091724853381625,37.06803213982859,18.468032139828587,0.8736154584097273
IC 2574,1.99,19.8,2.0,154.43075376884426,27.504886477302847,7.704886477302846,0.1522186554567288,31.41337483694015,11.61337483694015,0.3458217310340375,40.82043477566006,21.02043477566006,1.1329709696353303
IC 2574,2.28,26.1,0.6,153.353201754386,30.068432472865464,3.9684324728654623,0.0407610940358553,34.50300157390209,8.403001573902088,0.1827581412439201,43.609507546597555,17.509507546597554,0.7935160330374694
IC 2574,2.55,27.7,2.7,155.64192156862745,33.61526459865263,5.91526459865263,0.0889683319486207,38.764898272387214,11.064898272387214,0.311302025930681,46.30796592435668,18.60796592435668,0.8804098650919661
IC 2574,2.84,29.7,2.6,152.206338028169,36.15422905707809,6.454229057078091,0.1060624114503288,41.98224725335461,12.282247253354608,0.3840859496703759,48.57083261783594,18.87083261783594,0.9066817488806928
IC 2574,3.13,33.0,3.4,147.92849840255593,36.47020078436495,3.4702007843649483,0.0302905057948664,42.36693359708013,9.366933597080134,0.2206948511221163,50.59217451846047,17.592174518460467,0.7784601174362857
IC 2574,3.41,34.8,1.2,142.14794721407625,37.0149813500921,2.2149813500921027,0.012662973315238,43.18019419122974,8.38019419122974,0.1812607234222607,52.231729126907254,17.431729126907257,0.7842896457615807
IC 2574,3.7,35.0,0.9,129.91137837837834,37.225543045288376,2.225543045288376,0.0128048443588104,44.02538812577545,9.02538812577545,0.2105882237297083,53.08267092721223,18.082670927212227,0.8453323023237411
IC 2574,3.98,39.0,10.2,120.4604271356784,36.39024134007459,-2.6097586599254115,0.0138985394315886,43.34120055137279,4.341200551372793,0.0384581304122917,53.93146260692274,14.931462606922743,0.4549599534363157
IC 2574,4.26,35.9,5.4,121.211103286385,36.54192972297114,0.6419297229711418,0.0009925661654152,43.23691438551007,7.33691438551007,0.1296616068511046,55.890840364312865,19.990840364312866,0.9626016438757119
IC 2574,4.55,40.0,4.1,135.4721978021978,38.85261180609014,-1.1473881939098618,0.0032682894355247,45.086860133880265,5.086860133880265,0.0642390854786632,59.54387956533913,19.543879565339132,0.9482466385255591
IC 2574,4.84,38.7,1.4,151.97859504132234,41.12277799994307,2.422777999943065,0.0151300475229614,46.789099651457015,8.089099651457012,0.1686605144118,63.38114642398265,24.681146423982646,1.5701592659090406
IC 2574,5.12,41.8,0.5,156.76650390625,42.05351873296619,0.2535187329661923,0.0001663993474816,47.49562261063657,5.695622610636576,0.083987357728918,65.74793565513936,23.94793565513936,1.4847990217286604
IC 2574,5.41,42.9,0.4,154.3335489833641,45.24074280842656,2.340742808426562,0.0141886184358832,51.656087905954585,8.756087905954587,0.1985422504060601,67.29370114090509,24.393701140905087,1.540948454919707
IC 2574,5.68,44.4,1.7,157.61184859154932,49.50322338006963,5.103223380069629,0.0669672371798948,56.84062615512019,12.440626155120192,0.3979767521187498,69.35296641182596,24.95296641182596,1.601096795365565
IC 2574,5.97,46.1,1.3,158.6888609715243,51.70113021962005,5.601130219620046,0.0809220246515022,59.43449640991616,13.334496409916165,0.4586365253322682,71.23500080646643,25.13500080646643,1.6295707022132842
IC 2574,6.26,49.0,0.9,160.63458466453676,51.04243542087315,2.0424354208731472,0.0107844741564004,58.23861219853733,9.238612198537332,0.2206560206689661,73.19024975558372,24.19024975558372,1.5128052098899156
IC 2574,6.54,51.9,0.6,161.2985474006116,50.252402750932646,-1.6475972490673527,0.0070260293382708,56.964187062022646,5.064187062022647,0.0663784827600102,74.89437887610309,22.99437887610309,1.3685201881607207
IC 2574,6.83,53.1,2.1,154.22941434846263,50.281720815822375,-2.8182791841776265,0.0203445033681742,57.31819025943812,4.218190259438117,0.0455754951584708,75.59714777440607,22.497147774406066,1.2963849747277574
IC 2574,7.1,54.0,0.5,149.46008450704227,51.439233741469984,-2.560766258530016,0.016977407976248,59.04841139204181,5.048411392041807,0.0659843562027119,76.41351727815749,22.413517278157485,1.3006233185197777
IC 2574,7.39,55.9,1.1,145.12871447902572,52.0308516856368,-3.869148314363201,0.0386619887878402,60.00855119863821,4.10855119863821,0.0435944137595399,77.33096657500168,21.430966575001683,1.1861427347920752
IC 2574,7.68,58.8,3.6,144.55204427083336,50.699300634401794,-8.100699365598203,0.1644809760672827,58.06979484824081,-0.7302051517591863,0.0013364737408653,78.74754289326404,19.947542893264043,0.9973542898501324
IC 2574,7.96,57.3,4.6,143.18706030150753,49.96584994213976,-7.334150057860242,0.1321096302957348,56.99735811708547,-0.3026418829145285,0.0002249536037283,79.96165675655092,22.661656756550926,1.2612994570972842
IC 2574,8.25,54.0,9.0,140.56060606060606,51.643077029512085,-2.356922970487915,0.0118952588625558,59.3156730990596,5.315673099059595,0.060506168085794,80.99279758770432,26.992797587704317,1.5601951212222183
IC 2574,8.52,63.8,12.0,134.92785211267602,51.24080551159221,-12.55919448840779,0.2976101249012314,59.10921516568518,-4.690784834314819,0.0415159667204488,81.39027358402971,17.590273584029717,0.5838070278509693
IC 2574,8.81,60.5,6.2,131.26312145289444,51.749100861415,-8.750899138584998,0.1804218163549327,59.9791061493157,-0.5208938506842955,0.0006392668072771,82.14266911239913,21.642669112399133,1.103583842966722
IC 2574,9.1,61.0,5.7,128.6644945054945,53.3682152372898,-7.631784762710197,0.1391768947031841,62.3030407152062,1.3030407152062011,0.0040572417632084,83.02866900403204,22.02866900403204,1.1595552058333578
IC 2574,9.38,66.0,1.3,128.90586353944565,54.94766458297223,-11.05233541702777,0.3150819421973391,64.28493069915125,-1.7150693008487536,0.0075871513495675,84.33953077418283,18.339530774182833,0.8675446594371771
IC 2574,9.67,65.2,3.4,132.58114788004136,58.45126517462125,-6.7487348253787545,0.1145623849061274,68.5126801251709,3.3126801251709,0.0276030023435513,86.2940352034537,21.0940352034537,1.1192230635993157
IC 2574,9.96,67.1,4.7,128.78168674698793,60.04075131626889,-7.059248683731106,0.1221127495865111,70.95424889960908,3.8542488996090896,0.0364018588550022,86.88505334216725,19.78505334216726,0.9592206026915725
IC 2574,10.23,67.5,9.3,128.3254936461388,61.88840413927255,-5.611595860727448,0.0666469303141514,73.3843160936515,5.884316093651506,0.0732823464835364,87.96951306192074,20.469513061920736,0.8867932971960117
IC4202,0.77,35.1,3.96,23814.060259740258,112.37615624067696,77.27615624067695,14.866511991919758,112.37615624067696,77.27615624067695,14.866511991919758,144.3777476161525,109.27774761615251,29.729084240003836
IC4202,1.59,77.9,3.95,20683.94849056604,151.09204571326316,73.19204571326316,13.339248524828411,151.09204571326316,73.19204571326316,13.339248524828411,194.89709713345462,116.99709713345462,34.08425181032243
IC4202,2.36,115.0,6.7,14707.095084745764,157.084604260124,42.084604260124,4.110362077864993,157.084604260124,42.084604260124,4.110362077864993,204.79398436208274,89.79398436208274,18.71233871200993
IC4202,3.13,156.0,3.16,11292.17677316294,162.02916635871065,6.029166358710654,0.0917984062577232,162.02916635871065,6.029166358710654,0.0917984062577232,211.0480626933663,55.04806269336629,7.652523744027019
IC4202,3.95,192.0,3.14,9737.185468354432,173.5891050813869,-18.41089491861311,0.8562658369386874,173.5891050813869,-18.41089491861311,0.8562658369386874,223.0824702590249,31.082470259024888,2.440562152346859
IC4202,4.73,204.0,2.9,8843.101247357294,175.63384486434342,-28.366155135656584,2.040107393778394,175.63384486434342,-28.366155135656584,2.040107393778394,234.77411812074814,30.774118120748142,2.4011722474322634
IC4202,5.5,209.0,3.36,7756.686909090909,183.37697241851728,-25.62302758148272,1.6525465112638842,183.37697241851728,-25.62302758148272,1.6525465112638842,240.24033731966588,31.240337319665883,2.456542219696939
IC4202,6.27,220.0,3.25,6850.367862838917,183.58665721836363,-36.413342781636345,3.3435625721871025,183.58665721836363,-36.413342781636345,3.3435625721871025,244.26430462238804,24.26430462238804,1.484649907159758
IC4202,7.08,231.0,3.49,6411.148757062147,196.4427489631041,-34.557251036895906,2.9991544008026603,196.4427489631041,-34.557251036895906,2.9991544008026603,252.95791576209047,21.957915762090465,1.210884382758106
IC4202,7.86,235.0,4.65,6307.374452926209,211.54645183664377,-23.45354816335623,1.349456719025251,211.54645183664377,-23.45354816335623,1.349456719025251,264.8500384723332,29.85003847233321,2.1859068054382984
IC4202,8.66,245.0,6.0,6209.685565819862,221.6626336243941,-23.337366375605825,1.2905987425337853,221.6626336243941,-23.337366375605853,1.2905987425337884,276.33081115790526,31.33081115790526,2.326113099081329
IC4202,9.45,246.0,5.57,6029.68817989418,218.4450489667896,-27.55495103321047,1.820695422365971,218.4450489667896,-27.55495103321047,1.820695422365971,285.4077507506983,39.40775075069831,3.723928281570629
IC4202,10.24,239.0,6.95,5765.781494140624,208.89575994346308,-30.104240056536923,2.086714373925092,208.89575994346305,-30.104240056536952,2.086714373925096,292.0436448679647,53.0436448679647,6.478498882412047
IC4202,11.02,240.0,7.16,5443.603711433757,202.95657700020504,-37.04342299979496,3.1381732007771435,202.956577000205,-37.04342299979501,3.138173200777153,296.39791727328264,56.397917273282644,7.274126006628541
IC4202,11.79,240.0,4.85,5097.251340118746,202.4712700031405,-37.52872999685948,3.4391408901273577,202.4712700031405,-37.52872999685948,3.4391408901273577,299.0527188458584,59.05271884585841,8.515340678687986
IC4202,12.47,246.0,7.68,4775.759574979952,201.57537240328,-44.42462759672003,4.435113696872637,201.57537240328,-44.42462759672003,4.435113696872637,300.13373396260545,54.13373396260545,6.585566424052148
IC4202,13.34,241.0,6.21,4378.963823088456,199.90285373721187,-41.09714626278813,3.978140005113481,199.90285373721184,-41.09714626278816,3.9781400051134863,300.5850142595179,59.58501425951789,8.362397867146447
IC4202,14.11,250.0,5.62,4052.419347980156,198.46661243369311,-51.533387566306885,6.359648574178521,198.4666124336931,-51.533387566306914,6.359648574178528,300.45478728889907,50.45478728889907,6.096218058835653
IC4202,14.59,242.0,5.1,3866.239760109664,200.78640053610707,-41.21359946389293,4.12262027807625,200.78640053610707,-41.21359946389293,4.12262027807625,300.3252664812538,58.32526648125378,8.256684813740602
IC4202,14.98,244.0,7.41,3723.905560747664,202.470946123537,-41.529053876463,3.9116140435482274,202.470946123537,-41.529053876463,3.9116140435482274,300.19845783488734,56.198457834887336,7.163095128031465
IC4202,15.75,248.0,5.08,3458.9747492063493,204.8840792339629,-43.11592076603708,4.514214989138555,204.8840792339629,-43.11592076603708,4.514214989138555,299.7375230174306,51.73752301743059,6.500072092078122
IC4202,16.52,249.0,5.22,3216.263765133172,203.0467970963319,-45.953202903668114,5.109994030480678,203.04679709633183,-45.95320290366814,5.109994030480684,299.1027483281151,50.102748328115126,6.0745193206566395
IC4202,17.1,246.0,6.35,3042.986625730994,204.7735187783272,-41.2264812216728,3.986706669061426,204.7735187783272,-41.22648122167283,3.986706669061432,298.39362595948785,52.39362595948785,6.439003433275793
IC4202,17.88,241.0,16.2,2824.224977628636,206.1151033620412,-34.88489663795883,1.876744206774831,206.1151033620412,-34.8848966379588,1.876744206774828,297.2230013512151,56.22300135121509,4.8748162990234
IC4202,18.65,247.0,14.6,2626.195651474531,201.535017642215,-45.46498235778501,3.4499376139824114,201.53501764221497,-45.46498235778503,3.4499376139824163,295.96086198915447,48.960861989154466,4.000877906938098
IC4202,19.62,234.0,20.9,2403.308149847095,196.4827124361504,-37.51728756384958,1.7106584340839104,196.4827124361504,-37.51728756384961,1.7106584340839128,294.40676141138096,60.406761411380955,4.434774521714009
IC4202,20.78,249.0,10.0,2180.5356833493743,193.8842476116833,-55.11575238831668,6.250506504794724,193.8842476116833,-55.11575238831668,6.250506504794724,293.0859618119327,44.08596181193269,3.9991194009942133
IC4202,22.13,236.0,16.1,1964.2972661545407,184.9228702348081,-51.0771297651919,4.043448156492076,184.92287023480807,-51.07712976519193,4.04344815649208,291.9802225418293,55.98022254182928,4.857000536000264
IC4202,23.0,245.0,22.1,1836.075104347826,181.438123564256,-63.56187643574401,4.620386473202261,181.438123564256,-63.56187643574401,4.620386473202261,291.0225117528481,46.02251175284812,2.422286556696564
IC4202,23.58,243.0,4.2,1757.0300975402884,175.14589473927433,-67.85410526072567,11.406648500479736,175.1458947392743,-67.8541052607257,11.406648500479744,290.39256017459627,47.39256017459627,5.56449995020991
IC4202,25.03,238.0,7.76,1561.572345185777,166.1523459287048,-71.84765407129521,11.568538299584112,166.1523459287048,-71.84765407129521,11.568538299584112,287.7918231822611,49.79182318226111,5.556091144350996
IC4202,25.9,247.0,6.14,1456.4487606177606,166.13594283032097,-80.86405716967903,15.433093970211722,166.13594283032094,-80.86405716967906,15.433093970211733,286.1744644339342,39.17446443393419,3.6219969612564538
KK98-251,0.25,4.25,2.0,47.1652,6.5940986172313405,2.3440986172313405,0.0140892264802714,8.062147528686964,3.812147528686964,0.0372627404627541,10.513701318002049,6.263701318002049,0.10059988256702719
KK98-251,0.41,6.84,2.0,64.55439024390245,9.857213753406183,3.017213753406184,0.0233425098301113,11.680549793643909,4.840549793643909,0.0600792879608874,14.63294392424147,7.79294392424147,0.1557178846317232
KK98-251,0.57,9.56,2.0,80.8421052631579,12.827177770249328,3.267177770249328,0.0273703861087471,14.82047607622169,5.260476076221689,0.0709554065346172,18.323478065692335,8.763478065692334,0.19691935335351451
KK98-251,0.74,12.3,2.0,110.70702702702704,16.329460917253662,4.029460917253662,0.0416321930350633,18.228880702710324,5.928880702710323,0.0901323753512073,22.72703753431472,10.42703753431472,0.27877720959489233
KK98-251,0.9,15.1,2.0,132.9842222222222,18.90775436800105,3.807754368001051,0.0371769059667463,20.70296251283761,5.602962512837609,0.0804953562058039,26.34810881284291,11.24810881284291,0.32441013298860083
KK98-251,1.07,17.5,2.0,158.05392523364483,22.39405912564973,4.894059125649726,0.0614149095521932,24.182700500677644,6.682700500677644,0.1145089384147621,30.124378464291564,12.624378464291564,0.4086536707940221
KK98-251,1.24,19.7,2.0,181.0445967741936,26.45781707281146,6.757817072811459,0.117097670742518,28.32896532950343,8.62896532950343,0.1909206221994159,33.670477546179804,13.970477546179804,0.5004467765854207
KK98-251,1.4,21.8,2.0,195.3417857142857,29.87279077820179,8.072790778201789,0.1671024383297944,31.84851951150503,10.048519511505033,0.2589044727515315,36.540874611797314,14.740874611797313,0.5571625238993092
KK98-251,1.57,24.4,2.0,203.70452229299363,32.62403290434927,8.224032904349272,0.1734223518251782,34.693515113522665,10.293515113522666,0.2716832138264604,39.15081530938984,14.750815309389843,0.5579142366454609
KK98-251,1.72,27.3,2.0,210.1128488372093,35.026954800574366,7.726954800574365,0.1530918730515877,37.18361424792763,9.883614247927628,0.2504764887226616,41.33452094776332,14.034520947763323,0.5050455852133525
KK98-251,1.89,30.3,2.0,212.8521164021164,37.284791957447815,6.984791957447815,0.125095688945712,39.55977625239256,9.25977625239256,0.2198550160112132,43.48633294101868,13.18633294101868,0.4458445549522932
KK98-251,2.06,32.6,2.0,210.2693689320388,38.96807982477898,6.368079824778981,0.1039806170634797,41.3958972101919,8.795897210191896,0.1983789941852861,45.24522051855623,12.64522051855623,0.4100041075972191
KK98-251,2.46,33.3,2.0,193.53569105691057,41.31529306371406,8.015293063714061,0.1647305715313403,44.183857916107165,10.883857916107168,0.3037393926615607,48.3124599260224,15.012459926022402,0.5778819308472527
KK98-251,2.79,34.6,2.0,177.04964157706092,42.58476491906119,7.984764919061192,0.1634781302888981,45.88352691170956,11.283526911709558,0.3264563578648047,50.1941547082766,15.594154708276598,0.6235324642709363
KK98-251,3.13,34.2,2.0,146.361214057508,40.79949930584262,6.59949930584262,0.1116753617636339,44.63539519770429,10.435395197704288,0.2792242895699223,50.44431003631622,16.244310036316215,0.6766092527075993
NGC 0024,0.21,17.4,6.51,1649.4409523809525,30.923904406247846,13.523904406247848,0.4269479146891509,30.923904406247846,13.523904406247848,0.4269479146891509,26.838596050937,9.438596050937,0.20796273079156466
NGC 0024,0.32,31.0,8.86,2072.110625,42.63376296546049,11.633762965460493,0.2913768725237225,42.6337629654605,11.633762965460498,0.2913768725237228,35.747681471852026,4.747681471852026,0.04852636979271246
NGC 0024,0.43,36.1,8.16,2056.1797674418603,48.70162952206071,12.601629522060712,0.3508752081623279,48.70162952206071,12.601629522060712,0.3508752081623279,41.33101653637941,5.231016536379407,0.060460460968874856
NGC 0024,0.54,46.0,8.52,2163.0133333333333,54.33062496614466,8.330624966144661,0.1513318035583665,54.33062496614466,8.330624966144661,0.1513318035583665,47.11724259792155,1.1172425979215532,0.002721886508331839
NGC 0024,0.64,58.0,6.9,2151.5153125,54.34823769212325,-3.651762307876752,0.030754290614214,54.348237692123256,-3.651762307876744,0.0307542906142138,51.2021207338238,-6.797879266176203,0.10657310144486593
NGC 0024,0.74,63.4,9.55,2158.9497297297294,58.18709010337424,-5.21290989662576,0.0569452791851232,58.18709010337424,-5.21290989662576,0.0569452791851232,55.12160163964064,-8.278398360359361,0.14361173592510634
NGC 0024,0.85,71.9,8.52,2229.357294117647,61.21996325020967,-10.68003674979034,0.2487256274376267,61.21996325020967,-10.68003674979034,0.2487256274376267,59.72432105849192,-12.175678941508089,0.32326703238158394
NGC 0024,0.96,76.4,6.82,2324.794270833333,61.03966065876683,-15.360339341233178,0.5455104285514951,61.03966065876683,-15.360339341233178,0.5455104285514951,64.38575814347142,-12.014241856528585,0.33372917721471895
NGC 0024,1.07,78.1,6.65,2394.4542056074765,61.034267567190966,-17.06573243280903,0.6769502373033255,61.034267567190966,-17.06573243280903,0.6769502373033255,68.66569574404923,-9.434304255950764,0.20688387240056177
NGC 0024,1.17,80.5,6.14,2438.182649572649,62.709557615955845,-17.790442384044155,0.7469911234752044,62.709557615955845,-17.790442384044155,0.7469911234752044,72.25063482402047,-8.249365175979534,0.16061385426529515
NGC 0024,1.28,82.8,5.8,2489.830703125,66.91055654717795,-15.88944345282205,0.6016452512640108,66.91055654717795,-15.88944345282205,0.6016452512640108,76.1183083935447,-6.681691606455303,0.1063888159464666
NGC 0024,1.38,85.6,6.48,2533.68731884058,72.78305563826089,-12.816944361739104,0.3838265128655124,72.78305563826089,-12.816944361739104,0.3838265128655124,79.51359031678213,-6.086409683217866,0.08655423773983763
NGC 0024,1.48,88.0,7.5,2596.2779054054054,81.39280557215855,-6.607194427841449,0.0987111774048594,81.39280557215855,-6.607194427841449,0.0987111774048594,83.04245094388484,-4.957549056115155,0.05557330162529851
NGC 0024,1.59,92.0,8.52,2612.362893081761,87.13723592724257,-4.862764072757429,0.0515633873436958,87.13723592724259,-4.862764072757415,0.0515633873436955,86.25767767562625,-5.742322324373745,0.07190352366076808
NGC 0024,1.7,92.4,8.52,2614.196764705883,92.57355575148196,0.1735557514819419,6.568301227514047e-05,92.57355575148196,0.1735557514819419,6.568301227514047e-05,89.21324946748423,-3.1867505325157737,0.02214477005294827
NGC 0024,1.8,95.1,9.2,2568.6113888888885,98.97331733186968,3.8733173318696856,0.0318769912318589,98.97331733186968,3.8733173318696856,0.0318769912318589,91.24186692442865,-3.858133075571345,0.031627551480574556
NGC 0024,1.91,96.5,8.52,2515.135340314136,104.43038366834573,7.930383668345726,0.1371397768622383,104.43038366834573,7.930383668345712,0.1371397768622378,93.30740370264472,-3.19259629735528,0.022226089159054885
NGC 0024,2.02,101.0,8.86,2424.377475247525,106.33572174103112,5.335721741031108,0.0612916060588901,106.33572174103112,5.335721741031108,0.0612916060588901,94.74939016377722,-6.250609836222779,0.08411228626393856
NGC 0024,2.13,99.9,9.55,2335.423521126761,105.76249036081548,5.862490360815485,0.0720214022991381,105.76249036081548,5.862490360815485,0.0720214022991381,96.05542247949029,-3.8445775205097164,0.03097380317833339
NGC 0024,2.23,103.0,8.18,2249.5254708520183,104.73423731827852,1.734237318278531,0.0066405315379086,104.73423731827856,1.734237318278545,0.0066405315379087,97.03454300645198,-5.965456993548017,0.07857298043036787
NGC 0024,2.34,104.0,8.52,2176.6304273504275,114.28728008624768,10.287280086247677,0.2307683099622408,114.28728008624768,10.287280086247677,0.2307683099622408,98.29147566105885,-5.708524338941146,0.07105959943401224
NGC 0024,2.44,107.0,9.2,2106.5405327868853,119.62076950818884,12.620769508188827,0.338440895331525,119.6207695081888,12.620769508188816,0.3384408953315241,99.26270607364935,-7.737293926350645,0.12720065719603643
NGC 0024,2.54,107.0,9.55,2029.9157874015748,119.77565318778052,12.77565318778052,0.3420294620720691,119.77565318778052,12.775653187780534,0.3420294620720699,100.01773173571895,-6.982268264281046,0.10216222696734878
NGC 0024,2.65,106.0,11.2,1951.792037735849,119.5207543981574,13.520754398157392,0.3574432963696474,119.52075439815738,13.52075439815738,0.3574432963696467,100.82199867142157,-5.178001328578432,0.05242393586493041
NGC 0024,2.76,107.0,11.2,1875.7727898550725,117.58739850928824,10.587398509288237,0.2191713733663357,117.58739850928824,10.58739850928825,0.2191713733663363,101.53473171180605,-5.465268288193954,0.05840207543785874
NGC 0024,7.07,104.0,3.11,483.5398161244696,92.43121667885374,-11.568783321146256,0.3382516673064181,95.26894661509156,-8.731053384908435,0.1926627963157398,106.40827151830216,2.4082715183021577,0.014658025435367771
NGC 0024,8.49,106.0,2.55,334.50573616018846,82.61359293145907,-23.386407068540933,1.3934281579747934,90.2214995275502,-15.778500472449808,0.634291697910456,104.76092480475621,-1.2390751952437853,0.003911586141409099
NGC 0024,9.91,109.0,4.95,239.0292835519677,73.42726768797239,-35.57273231202761,3.08261042050456,84.58943220367398,-24.41056779632602,1.4515765924422603,102.87138485942285,-6.128615140577153,0.09149742947073775
NGC 0024,11.27,110.0,2.83,179.6870363797693,64.9260378182485,-45.0739621817515,5.15638623077287,77.79731043586328,-32.20268956413672,2.6319537836941245,101.2962924051485,-8.703707594851494,0.1922660272310488
NGC 0055,1.23,28.7,3.4,766.319105691057,48.29367972087184,19.593679720871844,0.9656713074859256,48.29367972087184,19.593679720871844,0.9656713074859256,50.95236789266063,22.252367892660633,1.2455173478979622
NGC 0055,1.84,37.6,2.6,767.6844565217392,58.19126478360824,20.59126478360824,1.0795401400057665,58.19126478360824,20.59126478360824,1.0795401400057665,62.35293293468172,24.752932934681716,1.5600053184358154
NGC 0055,2.46,43.1,1.2,732.0841056910571,66.8900319905964,23.7900319905964,1.4607826298616555,66.89003199059638,23.790031990596383,1.460782629861654,71.0605373763222,27.9605373763222,2.0178392793018554
NGC 0055,3.07,50.1,2.8,692.0819543973942,77.05339352983427,26.953393529834266,1.84462071596108,77.05339352983427,26.953393529834266,1.84462071596108,78.04099620818006,27.94099620818006,1.9822752110134383
NGC 0055,3.68,58.1,4.5,652.1508967391304,84.79258240065174,26.692582400651737,1.7538312743768194,84.79258240065174,26.692582400651737,1.7538312743768194,83.92301447088111,25.823014470881112,1.6414229572020562
NGC 0055,4.3,64.6,4.1,614.0462325581395,88.89587508833444,24.29587508833444,1.4654292254610115,88.89587508833442,24.295875088334427,1.46542922546101,89.09050399952548,24.490503999525487,1.4890017282360761
NGC 0055,4.91,68.5,2.7,569.3825254582486,89.68653055919025,21.18653055919025,1.1413183074461648,90.2349391518783,21.734939151878294,1.2011685523045383,93.07480339499519,24.574803394995186,1.535561448047667
NGC 0055,5.52,72.3,0.8,527.6075724637682,89.64162698171651,17.341626981716516,0.7778088826117274,91.1767730129211,18.876773012921102,0.92161328207466,96.47720218552999,24.177202185529993,1.5118381582867686
NGC 0055,6.14,74.2,2.4,488.6705211726385,89.30788567991527,15.10788567991527,0.582622548798726,91.83059874218456,17.630598742184546,0.7934398917906864,99.47183373383547,25.271833733835464,1.630247039694262
NGC 0055,6.75,78.9,2.6,455.7340592592592,89.08674921663115,10.186749216631142,0.2642067919404603,92.51017172531571,13.610171725315707,0.47162841020619,102.17868428758858,23.278684287588575,1.3797157097495245
NGC 0055,7.37,82.4,2.3,430.4765943012212,89.60435480417108,7.204354804171075,0.1326451689140607,93.80513121907724,11.405131219077248,0.3324312354631359,105.00180971238963,22.601809712389624,1.3055324753381632
NGC 0055,7.98,84.3,4.8,408.76691729323306,89.81541063376997,5.515410633769974,0.0743686545548183,94.69909246622422,10.399092466224218,0.2643778704309634,107.62510544972412,23.32510544972412,1.3300912972832728
NGC 0055,8.59,85.4,7.3,391.0846332945285,88.14494706190216,2.7449470619021525,0.0171520735109956,93.32103108815352,7.921031088153526,0.1428275933881823,110.23742267365769,24.837422673657684,1.404305959775831
NGC 0055,9.21,85.3,4.6,369.37182410423446,81.77833635351533,-3.5216636464846687,0.030460052163699,86.59622732033877,1.2962273203387724,0.0041266461980367,112.27409175252335,26.97409175252335,1.7870164698731414
NGC 0055,9.82,86.8,4.0,345.8612219959266,76.9788237322691,-9.821176267730891,0.2399390628901504,81.56376471381094,-5.236235286189057,0.0682043780406253,113.75457586568302,26.954575865683026,1.8073362191513977
NGC 0055,10.43,85.4,5.7,323.16005752636624,75.93421306219153,-9.465786937808474,0.2141057668092081,80.98511799006515,-4.414882009934857,0.0465750272686239,114.97119817948727,29.57119817948727,2.0895499576346177
NGC 0055,11.05,85.4,7.0,298.5218552036199,72.60279202481186,-12.797207975188144,0.3764793838165954,77.64249459204251,-7.757505407957495,0.1383422762172179,115.68673701738408,30.28673701738407,2.1087044578395
NGC 0055,11.66,86.2,4.1,278.23459691252145,70.2060288300364,-15.9939711699636,0.6350565124640074,75.22145415379735,-10.97854584620265,0.2992191576603695,116.48090371991178,30.280903719911777,2.2763415260161537
NGC 0055,12.28,86.1,6.2,264.8902442996743,68.97712257148311,-17.122877428516887,0.6907759198756317,73.91052920128634,-12.189470798713655,0.3500687926507703,117.88333232290742,31.783332322907427,2.380030660513552
NGC 0055,12.89,87.4,2.5,256.55417377812256,68.27378657479527,-19.12621342520474,0.9325992096532364,72.9904020525391,-14.40959794746091,0.5293473881643586,119.68820951668322,32.28820951668321,2.657816376783256
NGC 0055,13.5,86.5,5.5,254.3431185185185,68.14044309894109,-18.35955690105891,0.8097857768245521,72.42899821574345,-14.071001784256552,0.4756590779881107,122.18830932869878,35.68830932869878,3.0598328474255574
NGC 0247,1.08,34.6,0.9,463.1382407407408,37.55633969288922,2.956339692889216,0.0225949287240565,38.75554571528786,4.155545715287857,0.044643520570428,41.06516661652488,6.465166616524876,0.10805920058795715
NGC 0247,1.61,47.0,0.8,556.3635403726707,49.04251404167262,2.042514041672618,0.0107900465819103,49.42090320494,2.420903204940004,0.0151582152071404,52.931284674946944,5.931284674946944,0.09098939037673412
NGC 0247,2.15,59.1,3.1,569.1127906976744,55.33078759449472,-3.769212405505286,0.0359115344855158,55.59599096872911,-3.50400903127089,0.0310358163120951,61.581358727820735,2.4813587278207336,0.015563664053315461
NGC 0247,2.7,64.4,1.4,557.8627037037037,60.575658161585984,-3.824341838414021,0.0376987073333434,60.99637696254897,-3.403623037451034,0.0298604231907088,68.60079874266003,4.200798742660027,0.04548590080506769
NGC 0247,3.22,67.4,2.3,558.3253726708075,68.11594898375063,0.7159489837506214,0.0013099822314231,68.60081531834795,1.2008153183479493,0.0036851374396971,74.93459896196313,7.534598961963127,0.14508467253856686
NGC 0247,3.77,69.8,0.7,551.8558355437665,74.59098886024074,4.790988860240745,0.0593898270562004,75.23814545400081,5.438145454000818,0.0765179590128328,80.80145585919972,11.001455859199723,0.31315695366482943
NGC 0247,4.31,71.3,1.1,543.3548491879351,78.62954952813172,7.329549528131722,0.1387420166972339,79.45337800361641,8.15337800361641,0.1716835124863922,85.99701196965889,14.697011969658888,0.5578424132545561
NGC 0247,4.85,73.2,1.7,529.7370103092784,82.11104031721074,8.911040317210734,0.2041879182672611,83.22136335009937,10.021363350099364,0.258241979466468,90.5408446429085,17.340844642908493,0.7732389439931298
NGC 0247,5.38,75.1,3.0,509.1435130111524,84.39004538305242,9.29004538305243,0.2184935271371487,85.93700069059392,10.837000690593923,0.2973179340960334,94.24697411019814,19.146974110198144,0.9281180191812608
NGC 0247,5.92,78.5,3.8,491.0386655405405,86.26893034346985,7.768930343469847,0.1507248993149698,88.22506162627074,9.725061626270744,0.2361822586024467,97.81277830525724,19.31277830525724,0.9314339373389638
NGC 0247,6.46,81.4,5.0,475.5357430340557,88.29118908093423,6.891189080934225,0.1155437638666352,90.640448325915,9.240448325914995,0.2077515456542707,101.21589973546848,19.815899735468477,0.9554011735429189
NGC 0247,6.99,83.5,7.0,463.2685693848355,90.70569130489852,7.205691304898522,0.1193608900723911,93.42637883856312,9.926378838563124,0.2265126364291351,104.48072267274746,20.98072267274746,1.0119326985534238
NGC 0247,7.53,87.1,7.2,454.8770916334661,93.72682495437684,6.626824954376843,0.1002987597660141,96.77955643894882,9.679556438948822,0.2139909849597926,107.86145174616782,20.761451746167822,0.9844643673681136
NGC 0247,8.07,90.7,4.8,443.9436183395291,96.24511042838274,5.545110428382742,0.075171742770778,99.70781273579102,9.00781273579102,0.1983685954505156,110.86914081690473,20.16914081690473,0.994509684363711
NGC 0247,8.62,93.1,1.4,434.586090487239,98.6397115568083,5.5397115568083,0.0791019799274034,102.48266563673177,9.382665636731758,0.2269162141733864,113.87332624429587,20.773326244295873,1.112308184482812
NGC 0247,9.14,95.9,2.1,428.4529759299781,100.35382336791392,4.4538233679139125,0.050809514593827,104.43313601745152,8.533136017451511,0.1865075441006332,116.77198540938245,20.871985409382447,1.115851988754063
NGC 0247,9.69,98.4,5.2,419.8205985552116,100.49631675999636,2.0963167599963555,0.0106395118105791,104.76375347565384,6.363753475653823,0.0980470615410035,119.52228671097829,21.122286710978287,1.080164138826191
NGC 0247,10.23,101.0,8.2,408.8489736070381,98.89572504149362,-2.10427495850638,0.0097695991108397,103.26442699830008,2.264426998300067,0.011313276918697,121.86397102156735,20.86397102156735,0.9604299858547397
NGC 0247,10.76,103.0,9.4,395.9510037174721,94.2056785612291,-8.794321438770893,0.1630409173801023,98.3568212864239,-4.643178713576106,0.0454488333042547,123.82184807263201,20.821848072632008,0.9139669389488347
NGC 0247,11.3,104.0,9.4,379.8828407079647,83.49434369506027,-20.50565630493973,0.8864194714906709,86.54535171859312,-17.454648281406875,0.642264833939666,125.37585606295862,21.37585606295862,0.9632498997055501
NGC 0247,11.84,105.0,8.9,360.33213682432427,88.02641958416542,-16.973580415834576,0.6192954410541541,92.28504931267076,-12.71495068732925,0.3475204122465436,126.39162211658918,21.391622116589176,0.983645013604495
NGC 0247,12.38,105.0,8.4,339.2552584814216,97.15130308796392,-7.84869691203609,0.1349265008257509,103.72708377647604,-1.27291622352395,0.0035489655513195,127.01787158158362,22.01787158158362,1.0618246648482292
NGC 0247,12.91,105.0,9.0,316.0589078233927,100.8377057318664,-4.162294268133607,0.0370978449133573,109.26434269106274,4.264342691062737,0.0389392260959747,127.10042679186134,22.100426791861338,1.0458862192343092
NGC 0247,13.48,106.0,8.4,290.6731528189911,99.53779080180456,-6.462209198195438,0.09146694349317,109.2506351820644,3.250635182064414,0.0231440097399573,126.80915547391886,20.809155473918864,0.9484425957984217
NGC 0247,14.01,108.0,7.7,267.5839329050678,93.73981542119608,-14.26018457880393,0.4566751200825471,103.64535509597448,-4.354644904025534,0.0425855784772969,126.2748260756116,18.2748260756116,0.7500039706569958
NGC 0247,14.54,107.0,9.2,246.49621045392024,85.79340952346806,-21.206590476531943,0.9555487838673622,94.97406025493882,-12.02593974506118,0.3072905548866271,125.69090132934109,18.690901329341088,0.7422866575368954
NGC 0289,1.5,164.0,28.2,21382.534733333337,156.292064546854,-7.707935453146007,0.0502965264889989,156.29206454685402,-7.707935453145978,0.0502965264889986,192.0973599540745,28.097359954074506,0.6683329690738797
NGC 0289,2.52,194.0,32.0,20368.86099206349,199.84208558151235,5.84208558151235,0.0242056481856131,199.84208558151232,5.842085581512322,0.0242056481856128,243.7082119447632,49.70821194476321,1.752415840245035
NGC 0289,3.46,175.0,25.2,13479.232658959536,190.1465938459768,15.14659384597681,0.2246917898759917,190.1465938459768,15.14659384597681,0.2246917898759917,238.9605087398802,63.9605087398802,4.0066468289824995
NGC 0289,4.32,185.0,31.5,11285.745925925929,192.6180019336044,7.618001933604376,0.0421069860042808,192.6180019336044,7.618001933604404,0.0421069860042811,247.88403006108516,62.884030061085156,2.8691465530371567
NGC 0289,5.43,175.0,27.9,9055.093112338858,194.0728724117942,19.072872411794208,0.3124109738293046,194.0728724117941,19.07287241179418,0.3124109738293037,253.96280752627615,78.96280752627615,5.354750450813489
NGC 0289,6.38,167.0,27.2,7019.487852664578,187.40078313993865,20.400783139938625,0.369672380376256,187.40078313993865,20.400783139938625,0.369672380376256,248.75952618988475,81.75952618988475,5.9374512566567645
NGC 0289,7.57,176.0,7.18,5189.1784015852045,180.51259847724043,4.512598477240431,0.0465396716297125,180.51259847724043,4.512598477240431,0.0465396716297125,241.24851913732732,65.24851913732732,9.729964341674664
NGC 0289,10.6,185.0,4.29,2799.366283018868,159.4042770451262,-25.5957229548738,1.6200158049402893,159.40427704512624,-25.595722954873764,1.6200158049402855,228.14359627434197,43.143596274341974,4.602747349701486
NGC 0289,13.57,183.0,4.22,1776.0991893883563,146.59229032181932,-36.40770967818068,3.28255015004812,146.59229032181932,-36.40770967818068,3.28255015004812,221.08439910945015,38.084399109450146,3.5918555818251603
NGC 0289,16.64,172.0,4.33,1204.8368389423074,133.85298515057002,-38.14701484942998,3.595302524411138,133.85298515057005,-38.14701484942995,3.595302524411133,215.80643319656485,43.80643319656485,4.7412200240818425
NGC 0289,19.71,161.0,4.24,910.0857483510908,125.68620566824023,-35.313794331759766,3.086963411104547,125.68620566824023,-35.313794331759766,3.086963411104547,215.04890417524632,54.04890417524632,7.231302038887699
NGC 0289,22.68,156.0,5.08,737.8330555555555,120.97094434692036,-35.02905565307965,2.9796398014857264,120.97094434692036,-35.02905565307965,2.9796398014857264,216.28001961087617,60.28001961087617,8.82375981599027
NGC 0289,25.75,159.0,6.49,600.0253825242718,116.59387696091336,-42.40612303908665,4.200408416250851,116.59387696091336,-42.40612303908665,4.200408416250851,216.51118749051207,57.51118749051207,7.725721559368112
NGC 0289,28.72,173.0,6.97,496.2340981894151,112.46334613622255,-60.536653863777445,8.432691038706029,112.80560774305394,-60.19439225694606,8.337607242249,216.11002409024073,43.11002409024073,4.276474592098125
NGC 0289,31.79,177.0,6.57,434.2262409562756,110.8845351591763,-66.1154648408237,10.185489752582738,111.4811664517441,-65.5188335482559,10.002489834383152,218.62937665734876,41.62937665734876,4.038086527764534
NGC 0289,34.77,179.0,4.47,389.9998993385102,109.68247482181935,-69.31752517818065,11.8353333785597,110.53445757052354,-68.46554242947646,11.546184808601687,221.60773487338201,42.607734873382014,4.471685911924462
NGC 0289,37.84,181.0,4.26,344.1128646934461,107.13668096680075,-73.86331903319925,13.499498447102429,108.32565983960475,-72.67434016039523,13.068393126048097,222.97462368013464,41.97462368013464,4.359469246109391
NGC 0289,40.81,182.0,4.26,307.4258515069835,104.74343332702716,-77.25656667297285,14.768310127526428,106.29531238018144,-75.70468761981856,14.180956976150071,224.19636761216802,42.19636761216802,4.405651399788646
NGC 0289,43.88,182.0,4.83,271.4520373746581,101.29713405229118,-80.70286594770882,15.911294248155604,103.37316552463328,-78.62683447536673,15.103206980051295,224.38695425473506,42.38695425473506,4.389267141882732
NGC 0289,46.85,180.0,5.5,240.8707897545358,97.74792320312488,-82.25207679687512,16.25322315291061,100.44014752875894,-79.55985247124106,15.206654955545083,224.15633763166724,44.15633763166724,4.684161328628931
NGC 0289,49.92,177.0,8.5,214.26061698717947,94.51856856150349,-82.48143143849651,14.846015345648448,97.8311457881771,-79.1688542118229,13.677484947545814,223.90337532215509,46.903375322155085,4.800712747650729
NGC 0289,52.99,175.0,11.0,192.4531458765805,91.70256570643352,-83.29743429356648,13.685330492881706,95.64959197542824,-79.35040802457176,12.419107009203202,223.87751294708502,48.87751294708502,4.712053790714919
NGC 0289,55.96,172.0,11.6,174.53909399571123,89.11344360423199,-82.88655639576801,13.197674103175103,93.73936656352244,-78.26063343647756,11.765649965188857,223.9089121299696,51.90891212996959,5.176223986700677
NGC 0289,59.03,168.0,12.6,156.5878519396917,86.15017064006855,-81.84982935993145,12.297882675398151,91.49920920381432,-76.50079079618567,10.74302627293077,223.1757817271399,55.175781727139906,5.588455263236996
NGC 0289,62.0,158.0,5.38,139.34771935483872,83.09802491648641,-74.90197508351359,13.52062076608647,89.02582968646132,-68.97417031353868,11.46523768109906,221.5048783858696,63.5048783858696,9.719060141079355
NGC 0289,65.07,158.0,6.5,124.21966036575998,80.62711311814078,-77.37288688185922,13.979132806615253,86.84447879107894,-71.15552120892106,11.822786219528814,219.902174919586,61.902174919586,8.94776242796269
NGC 0289,68.05,166.0,15.5,112.32978839088904,79.3895992495108,-86.6104007504892,11.978221985086371,85.27616360943377,-80.72383639056623,10.405329759059333,218.80515578376782,52.805155783767816,4.452510143469841
NGC 0289,71.12,165.0,8.75,101.73640607424072,78.70857252517284,-86.29142747482716,16.09773912853583,83.76499567117568,-81.23500432882432,14.266452486537723,217.75805826022537,52.75805826022537,6.017376487262444
NGC 0300,0.91,33.1,3.9,1091.7696703296704,46.33519932507093,13.235199325070925,0.4366055212341612,46.33519932507093,13.235199325070925,0.4366055212341612,48.91483347467601,15.814833474676007,0.6233866499631934
NGC 0300,1.36,46.7,2.7,1034.0073529411764,54.10628451482536,7.406284514825351,0.1394722731687604,54.10628451482536,7.406284514825351,0.1394722731687604,58.78419126155481,12.084191261554807,0.3712977152885594
NGC 0300,1.82,53.9,4.7,971.0778021978022,63.292420581976685,9.392420581976689,0.2161718355969009,63.29242058197668,9.39242058197668,0.2161718355969005,66.67963241531682,12.779632415316819,0.40020339795294263
NGC 0300,2.27,58.8,2.5,942.257797356828,73.34435849878679,14.544358498786792,0.5392947460579518,73.34435849878679,14.544358498786792,0.5392947460579518,73.77236024769148,14.972360247691483,0.571501775364314
NGC 0300,2.72,65.6,2.6,880.3003308823529,79.37261346042624,13.772613460426244,0.4829536651652768,79.37261346042624,13.772613460426244,0.4829536651652768,79.06841571144679,13.468415711446795,0.46185513233615155
NGC 0300,3.17,70.8,2.7,803.871545741325,80.43832564643921,9.638325646439212,0.236205652996028,80.43832564643921,9.638325646439212,0.236205652996028,83.00436960022056,12.20436960022056,0.3787196148866936
NGC 0300,3.63,82.1,4.9,721.5225344352616,76.45139543921377,-5.648604560786225,0.0778194031465938,76.45139543921377,-5.648604560786225,0.0778194031465938,85.93997941122635,3.839979411226352,0.03596361522558543
NGC 0300,4.08,84.1,6.6,649.4800490196077,68.8879916643388,-15.212008335661196,0.5387028531618998,68.8879916643388,-15.212008335661196,0.5387028531618998,88.2572240376495,4.157224037649499,0.04023305638143868
NGC 0300,4.54,83.4,6.2,591.002665198238,64.8015075591802,-18.59849244081981,0.8149654157742712,64.82887118100827,-18.57112881899174,0.8125690924785258,90.50054378673981,7.100543786739806,0.11878645289654428
NGC 0300,4.99,81.5,2.7,531.5643286573147,61.20389103018402,-20.296108969815982,1.047400237266762,61.67172109735977,-19.82827890264023,0.9996710931904892,91.93213731042408,10.432137310424082,0.2767156267983986
NGC 0300,5.45,80.8,4.0,475.2380550458714,57.07897410404797,-23.721025895952025,1.3997190784985736,57.719808237902,-23.080191762098,1.3251125666050154,92.9502909579131,12.1502909579131,0.3672377372187683
NGC 0300,5.9,82.8,12.4,432.8691525423728,57.804193270665166,-24.99580672933483,1.157533633559842,58.894654301363744,-23.905345698636253,1.0587400936922091,94.10053414186454,11.300534141864546,0.2365904696373319
NGC 0300,6.36,88.2,11.7,412.2658018867924,59.06755896714501,-29.13244103285499,1.623093041620175,60.44416871808695,-27.755831281913053,1.4733235865096352,96.32035279946952,8.120352799469515,0.12610707718229913
NGC 0300,6.81,88.5,8.5,396.44646108663727,57.49758849295152,-31.00241150704848,2.097434848341237,58.60954476058779,-29.89045523941221,1.949676627210704,98.54223122795585,10.042231227955853,0.2200685390850665
NGC 0300,7.26,88.4,8.9,377.97825068870526,59.54654406527409,-28.853455934725915,1.789561530012618,61.15428027103816,-27.245719728961845,1.5956863428325718,100.34854778046493,11.94854778046492,0.3068889191162124
NGC 0300,7.71,88.2,10.8,351.3937483787289,67.23478924075258,-20.965210759247427,0.8744629599308931,71.01036500227234,-17.189634997727666,0.587863185092917,101.25690537811947,13.056905378119467,0.33917471361842483
NGC 0300,8.17,89.5,3.1,316.88784577723385,75.25893095982583,-14.241069040174168,0.5126464128990854,82.22944066073549,-7.2705593392645085,0.1336190518585636,101.18600181129528,11.686001811295284,0.34519511219028004
NGC 0300,8.62,89.7,9.5,284.0548143851508,79.3653059481753,-10.334694051824698,0.2242643593592037,89.28386805917906,-0.4161319408209465,0.0003636027132208,100.74270872888779,11.042708728887789,0.25604496812819855
NGC 0300,9.07,93.7,7.3,257.5892061742007,80.45195497926447,-13.248045020735532,0.3995326478441019,92.5907002637612,-1.1092997362387962,0.0028012153812275,100.5131299112815,6.813129911281493,0.10566764367046498
NGC 0300,9.53,97.0,5.7,235.3342812172088,80.38856944154584,-16.61143055845416,0.659369698674627,94.37465664930431,-2.6253433506956725,0.0164697548544576,100.43853722042766,3.438537220427662,0.028252857215862726
NGC 0300,9.96,96.2,1.5,212.47815261044173,78.65026288170064,-17.549737118299362,0.7932859572991999,94.28460346239838,-1.915396537601623,0.0094494369510786,99.77871713803955,3.5787171380395506,0.03298703503953121
NGC 0300,10.45,94.8,2.1,190.1492822966508,76.16029989103673,-18.639700108963268,0.8899321742580498,93.313580632773,-1.4864193672269863,0.005659287762269,99.0869419691729,4.286941969172901,0.047073260026782165
NGC 0300,10.93,92.5,13.9,171.17518755718206,73.66544820001714,-18.83455179998286,0.6124554850680023,92.12237426254384,-0.3776257374561709,0.0002461994744381,98.42438052981076,5.924380529810762,0.060596820949225395
NGC 0300,11.32,92.8,10.6,157.1697703180212,70.71314134591566,-22.08685865408433,0.9788693418522758,89.68107367294886,-3.118926327051142,0.0195194265863486,97.83130689884658,5.03130689884658,0.050794704852679166
NGC 0300,11.8,93.5,12.1,144.99692372881353,66.45235899970257,-27.047641000297432,1.374081785993822,84.82076232340805,-8.679237676591953,0.1414871370687501,97.69309497145,4.1930949714499945,0.033023507145995064
NGC 0801,1.17,123.0,6.2,28835.6,145.58184808018302,22.581848080183025,1.2014415764689137,145.58184808018302,22.581848080183025,1.2014415764689137,193.96542932151738,70.96542932151738,11.865262837591363
NGC 0801,1.56,142.0,6.2,28454.743910256413,169.5431907706286,27.5431907706286,1.787360658343324,169.54319077062857,27.54319077062857,1.78736065834332,222.62713490183415,80.62713490183415,15.316027901419666
NGC 0801,1.96,205.0,6.2,27558.23229591837,196.9197862321652,-8.080213767834806,0.153825875350832,196.9197862321652,-8.080213767834806,0.153825875350832,245.95574763347796,40.955747633477955,3.951967920594513
NGC 0801,2.73,228.0,6.2,25666.61216117216,221.98077962467093,-6.01922037532907,0.0853619214182843,221.980779624671,-6.019220375329013,0.0853619214182827,281.1266526193265,53.12665261932648,6.649800251000351
NGC 0801,3.52,238.0,6.2,22534.85332386364,239.84574024529,1.84574024528996,0.0080264750096198,239.84574024529,1.845740245290017,0.0080264750096203,301.1963018783106,63.19630187831058,9.409510345619077
NGC 0801,10.59,229.0,4.2,6892.420103871578,232.7876881995432,3.787688199543197,0.0355430133211742,232.7876881995432,3.787688199543197,0.0355430133211742,318.2092007629619,89.20920076296193,19.716285553380356
NGC 0801,17.65,225.0,6.9,3441.5983909348447,224.65156657574929,-0.3484334242507145,0.0002799885868293,224.65156657574929,-0.3484334242507145,0.0002799885868293,316.7296438295187,91.7296438295187,19.405289446946234
NGC 0801,24.61,220.0,4.0,2178.6729053230392,218.30186756622544,-1.6981324337745605,0.0071732680662614,218.3018675662254,-1.698132433774589,0.0071732680662617,318.8614572051572,98.8614572051572,24.312407265490368
NGC 0801,31.67,222.0,2.4,1631.5140543100729,217.69247448853395,-4.307525511466054,0.0473626098425844,217.69247448853395,-4.307525511466054,0.0473626098425844,328.4074700246086,106.40747002460859,28.901750247697503
NGC 0801,38.74,219.0,4.1,1155.9445766649458,200.4902637408213,-18.50973625917865,0.8505507221378639,200.4902637408213,-18.50973625917865,0.8505507221378639,324.9734227903519,105.97342279035189,27.880058434256032
NGC 0801,45.8,214.0,4.7,808.6745000000002,177.1859346358744,-36.81406536412561,3.321020874400531,177.18593463587442,-36.81406536412558,3.321020874400526,316.0805643510806,102.08056435108062,25.534665437121987
NGC 0801,52.86,216.0,2.6,610.5632160423761,163.55887956613674,-52.44112043386326,7.001912395251428,163.55887956613674,-52.44112043386326,7.001912395251428,311.83158508863903,95.83158508863903,23.38245417201615
NGC 0801,59.82,216.0,8.8,493.2242761618188,157.36977892168466,-58.630221078315344,7.417363248084182,157.42684043424052,-58.57315956575948,7.402932464862596,311.3340374770718,95.33403747707177,19.611122694803484
NGC 0891,0.92,234.0,12.0,86669.06293478259,220.26849526376856,-13.731504736231445,0.3557626836248048,220.26849526376856,-13.731504736231445,0.3557626836248048,288.11079997521466,54.11079997521466,5.524488064071115
NGC 0891,2.32,192.0,12.0,48870.33452586206,265.43686928706626,73.43686928706626,10.17542220884086,265.43686928706626,73.43686928706626,10.17542220884086,348.4278971501369,156.4278971501369,46.16922076757323
NGC 0891,3.24,212.0,6.3,40319.04055555554,280.2184717075986,68.21847170759861,10.932274383049712,280.21847170759867,68.21847170759867,10.932274383049732,376.4230520134887,164.4230520134887,63.508515664991926
NGC 0891,4.17,223.0,4.41,27905.107817745804,264.4924980213017,41.492498021301685,4.246233715357709,264.49249802130174,41.49249802130174,4.246233715357722,360.7875425138674,137.78754251386738,46.825738909642965
NGC 0891,5.1,222.0,4.01,20046.61831372549,248.87775579530103,26.877755795301056,1.796691148335467,248.87775579530103,26.877755795301056,1.796691148335467,344.2772636816045,122.2772636816045,37.185946813733466
NGC 0891,6.03,224.0,3.85,15274.149071310116,237.9869709614286,13.986970961428597,0.4880847673866781,237.9869709614286,13.986970961428597,0.4880847673866781,332.69052422514517,108.69052422514517,29.47347031750181
NGC 0891,6.96,224.0,3.23,12272.484655172411,233.34072723829016,9.340727238290183,0.2200856319950644,233.34072723829016,9.340727238290183,0.2200856319950644,325.81220830439645,101.81220830439645,26.147491189096094
NGC 0891,7.89,226.0,3.4,9903.135931558934,234.32548935341728,8.325489353417282,0.1743479549599167,234.32548935341728,8.325489353417282,0.1743479549599167,317.46711503374013,91.46711503374013,21.04395093217489
NGC 0891,8.8,226.0,3.21,8435.428011363636,242.485900395315,16.485900395315014,0.6857988899036062,242.48590039531496,16.485900395314985,0.6857988899036037,314.2147670545444,88.21476705454438,19.63604496266258
NGC 0891,9.73,227.0,2.75,6909.427420349434,235.62340636196373,8.623406361963731,0.1889487369440852,235.62340636196373,8.623406361963731,0.1889487369440852,305.3089993583802,78.30899935838022,15.58151343309079
NGC 0891,10.64,227.0,2.65,5853.216597744361,221.53975467087847,-5.460245329121477,0.0758589624110398,221.53975467087847,-5.460245329121477,0.0758589624110398,299.4125815211223,72.41258152112232,13.341683905000822
NGC 0891,11.58,224.0,2.35,5062.396269430053,210.98851828831584,-13.011481711684183,0.4324110525793332,210.98851828831584,-13.011481711684183,0.4324110525793332,295.61310166723024,71.61310166723024,13.09870142942246
NGC 0891,12.52,220.0,2.43,4302.124544728435,202.3085150926738,-17.691484907326213,0.7986341539137458,202.3085150926738,-17.691484907326213,0.7986341539137458,289.30400699308825,69.30400699308825,12.25564004251548
NGC 0891,13.46,218.0,2.3,3823.238818722139,201.9536394938344,-16.0463605061656,0.6580431022868743,201.9536394938344,-16.0463605061656,0.6580431022868743,287.2904235467459,69.2904235467459,12.27008815785591
NGC 0891,14.4,217.0,2.77,3362.651868055556,197.79936887133184,-19.20063112866813,0.9364734929409156,197.79936887133184,-19.20063112866813,0.9364734929409156,283.71945333785027,66.71945333785027,11.307574013099654
NGC 0891,15.33,216.0,4.43,2956.032230919765,189.7272235824315,-26.272776417568508,1.7017169820874998,189.7272235824315,-26.272776417568508,1.7017169820874998,279.65535633978476,63.65535633978476,9.989535629457105
NGC 0891,16.27,210.0,4.47,2618.893786109404,169.2568700412287,-40.743129958771306,4.0888688084521405,169.2568700412287,-40.743129958771306,4.0888688084521405,276.1652924822671,66.16529248226709,10.783379043851447
NGC 0891,17.11,208.0,4.35,2344.4544769140853,157.8759918716476,-50.12400812835239,6.204684083623745,157.87599187164764,-50.12400812835236,6.2046840836237385,272.6031726632684,64.60317266326842,10.307083252128674
NGC 1003,1.25,47.0,7.6,2600.7383199999995,91.60731682036398,44.60731682036398,4.483983941572758,91.607316820364,44.60731682036399,4.4839839415727605,76.36294670583544,29.36294670583544,1.9429030089456742
NGC 1003,2.08,59.5,4.5,2025.904711538461,102.70173062354095,43.20173062354097,4.594189609523687,102.70173062354098,43.20173062354098,4.594189609523689,90.4487426128977,30.948742612897703,2.357722262940037
NGC 1003,2.9,71.6,3.7,1975.298,114.29074490866694,42.69074490866694,4.559783084032307,114.29074490866697,42.69074490866696,4.5597830840323095,105.89508981093806,34.295089810938066,2.94266352708426
NGC 1003,3.73,77.6,3.1,1677.2417426273455,111.18302972453758,33.58302972453758,2.8508376569833285,111.18302972453758,33.58302972453758,2.8508376569833285,113.73546348400053,36.13546348400054,3.300653980444216
NGC 1003,4.56,83.4,3.6,1451.838793859649,125.36311768625755,41.96311768625756,4.413733822816077,125.36311768625758,41.963117686257576,4.413733822816081,119.95443178020732,36.55443178020731,3.3492743201670097
NGC 1003,5.39,89.7,3.8,1238.1669202226346,140.76229265644184,51.06229265644184,6.51123197315981,140.76229265644187,51.06229265644187,6.511231973159817,123.8975154987174,34.197515498717394,2.9204626567900718
NGC 1003,6.22,93.8,2.4,940.8438585209004,131.7724870737316,37.972487073731614,3.680594686963229,131.77248707373164,37.97248707373164,3.680594686963234,122.05990683480057,28.259906834800574,2.038549965059241
NGC 1003,7.04,99.0,3.0,765.5566051136364,125.60945947211844,26.60945947211843,1.792565401008388,125.60945947211844,26.609459472118445,1.79256540100839,121.86137990479753,22.86137990479753,1.3231460535480515
NGC 1003,7.87,103.0,2.5,645.4921728081322,118.92477621465102,15.924776214651018,0.6465226194689989,118.92477621465105,15.924776214651049,0.6465226194690012,122.34943927513939,19.34943927513939,0.9544953480237266
NGC 1003,8.7,100.0,2.3,546.677011494253,111.2208261560652,11.220826156065216,0.3217739774199117,112.55566021424085,12.555660214240833,0.4028843144866214,122.4026581785082,22.402658178508204,1.2826269351710509
NGC 1003,9.54,98.3,2.0,464.28639412997904,103.77022432708772,5.470224327087735,0.0767265492016986,107.48461600363224,9.184616003632245,0.2163004388055834,122.13821451109112,23.838214511091124,1.457078130966142
NGC 1003,10.34,98.4,1.7,395.7544487427466,96.91952441984276,-1.480475580157233,0.0056360614658178,102.65568742876316,4.255687428763153,0.0465706896328852,121.36369957673014,22.963699576730136,1.3559914069539352
NGC 1003,11.21,94.5,1.8,343.59904549509366,92.91542471798935,-1.584575282010647,0.0064507214683977,100.46816460554594,5.968164605545937,0.0915090657663428,121.30983273197964,26.80983273197964,1.8465911291663932
NGC 1003,11.98,94.9,2.4,308.5301001669449,90.3841925749723,-4.515807425027703,0.0520535958238087,99.31716855999488,4.417168559994863,0.0498044161920744,121.595788431359,26.69578843135899,1.8191370225951617
NGC 1003,12.85,95.3,1.6,275.2076653696498,87.09426813286031,-8.20573186713969,0.1732912175092439,97.23894223834792,1.9389422383479344,0.0096754606847068,121.90135403782823,26.60135403782823,1.8211654227040361
NGC 1003,13.72,96.9,1.8,246.97768221574344,84.43339965168741,-12.466600348312596,0.3992809686685534,95.75669679580838,-1.143303204191625,0.0033581908763612,122.16243458275181,25.26243458275181,1.6395812379195729
NGC 1003,14.49,97.2,1.3,224.96520358868185,82.39666540004325,-14.803334599956756,0.5652421142621085,94.78163868386405,-2.418361316135972,0.0150854328339211,122.28988536857779,25.089885368577782,1.6237260383511916
NGC 1003,15.36,100.0,1.8,203.42677734375,81.49763207514205,-18.50236792485795,0.8795026688593471,95.56839704710627,-4.431602952893712,0.0504550013670133,122.41121416510181,22.41121416510181,1.2903671779726134
NGC 1003,16.13,104.0,2.7,185.81060136391807,81.14143393915093,-22.85856606084907,1.3285718995097788,97.05186329580756,-6.948136704192436,0.122750651326365,122.31757733130634,18.31757733130634,0.8531456159281645
NGC 1003,17.0,104.0,3.2,172.49360588235297,81.60471926030665,-22.395280739693348,1.2657697340240253,99.33597817136526,-4.664021828634745,0.0548987977437446,123.00969135518856,19.009691355188565,0.9119936538954443
NGC 1003,17.78,105.0,3.4,155.64092800899888,80.37641791919835,-24.62358208080165,1.5251051275027072,100.08118821589667,-4.918811784103312,0.0608580072628876,122.27867648206113,17.27867648206113,0.7509625238246614
NGC 1003,18.65,109.0,3.9,141.3136139410188,79.06262468154333,-29.93737531845668,2.233858679888684,100.48396212154384,-8.516037878456146,0.1807604524994388,121.95377808270067,12.953778082700666,0.4182357533856487
NGC 1003,19.52,110.0,3.8,125.3458401639344,77.58294115949758,-32.41705884050242,2.6242775543616923,101.45625830384633,-8.543741696153674,0.1822882883093468,120.73925451526736,10.739254515267362,0.28801215548818904
NGC 1003,20.29,107.0,3.8,116.0425924100542,77.10705750220534,-29.892942497794664,2.2315153610439973,102.783795644693,-4.216204355306985,0.0443921165860293,120.53798452670229,13.537984526702289,0.4576891045980187
NGC 1003,21.16,106.0,3.8,107.09180056710775,75.84102793603635,-30.158972063963645,2.271410438405104,102.83436783780624,-3.165632162193745,0.0250255393724788,120.44037872015682,14.440378720156815,0.5207385315691684
NGC 1003,21.93,106.0,4.0,98.08160966712263,73.85647475190092,-32.14352524809908,2.5701647148636395,101.9501531429879,-4.049846857012099,0.04079915314739,119.72927490609948,13.729274906099477,0.4688880334508776
NGC 1003,22.8,108.0,3.4,89.80635964912281,71.99713122473695,-36.00286877526305,3.260404869827979,101.18315361184156,-6.816846388158439,0.1168864943146915,119.21169738048614,11.211697380486143,0.31618411850186096
NGC 1003,23.67,109.0,3.2,81.27836501901139,69.44060172397617,-39.55939827602383,3.94949018766676,99.4745648763064,-9.525435123693596,0.2289872660400152,118.24888666571466,9.248886665714664,0.21588407166170634
NGC 1003,24.44,110.0,3.3,78.26668166939443,67.64458341019265,-42.35541658980735,4.5200970407320105,96.86128162976,-13.13871837024,0.4349465101476027,118.94576758620234,8.945767586202336,0.20163460330657962
NGC 1003,25.31,110.0,2.7,73.02034768866062,61.93126611239722,-48.06873388760278,5.875062110801626,87.3299160732295,-22.670083926770506,1.3067525369239448,118.81584277334468,8.815842773344684,0.1976126619144491
NGC 1003,26.08,110.0,2.4,68.32285276073621,59.31651449187907,-50.68348550812093,6.557115844527018,83.71451885105976,-26.285481148940235,1.763647435244263,118.48549999638449,8.48549999638449,0.18379546198856747
NGC 1003,26.95,113.0,2.5,67.7332615955473,65.82767348767227,-47.17232651232773,5.672985056942403,96.9886451895336,-16.011354810466415,0.6535716580411625,120.16726288758585,7.167262887585849,0.1309615227527481
NGC 1003,27.73,114.0,2.2,72.82348359177786,71.65347391915816,-42.34652608084184,4.588139062315572,105.30300058769814,-8.696999412301864,0.1935262480236899,124.27666408404934,10.276664084049344,0.2702124263033204
NGC 1003,28.6,112.0,1.7,71.5902132867133,72.40967561369015,-39.590324386309845,4.030429645949343,106.93429933086536,-5.065700669134628,0.065986071303636,125.63598681165804,13.635986811658043,0.4781304130415081
NGC 1003,29.47,113.0,1.8,74.82940278249066,73.84537870247433,-39.15462129752567,3.9386609006079807,107.37706247886356,-5.62293752113645,0.0812286156782553,129.05139087462393,16.051390874623934,0.6619236178449299
NGC 1003,30.24,115.0,1.6,78.83833994708996,74.12801486116714,-40.871985138832855,4.299256663549963,105.24683689025434,-9.753163109745657,0.2448121027519651,132.5674228284005,17.56742282840051,0.7942514536540235
NGC 1090,0.35,20.9,9.81,6791.043428571428,55.95832474315407,35.05832474315407,2.548722780804773,55.95832474315407,35.05832474315407,2.548722780804773,57.51559832676665,36.61559832676665,2.7801776781686747
NGC 1090,1.07,61.7,8.19,9017.549158878506,112.53608646692405,50.83608646692405,5.703915274437512,112.53608646692405,50.83608646692405,5.703915274437512,112.54684154779244,50.84684154779244,5.70632901489686
NGC 1090,1.6,81.3,4.32,8145.1846875,129.65028929013698,48.350289290136985,5.777039019290982,129.65028929013698,48.350289290136985,5.777039019290982,132.11936826152282,50.819368261522825,6.382130364719513
NGC 1090,3.7,124.0,3.41,5592.6382702702695,160.11070329597305,36.11070329597305,3.279403272881869,160.11070329597305,36.11070329597305,3.279403272881869,173.51841350492458,49.51841350492458,6.166750478763189
NGC 1090,5.09,156.0,7.02,4656.543320235757,167.55484418322263,11.554844183222627,0.3067319918345824,167.55484418322263,11.554844183222627,0.3067319918345824,189.9533482397338,33.9533482397338,2.648476376810521
NGC 1090,6.61,166.0,6.34,4160.442360060514,181.9857211776537,15.985721177653744,0.5995915527276382,181.9857211776537,15.985721177653744,0.5995915527276382,207.63633283881398,41.636332838813985,4.067578858778692
NGC 1090,8.17,165.0,12.1,3611.477698898409,190.9993328100202,25.999332810020206,1.269633001946232,190.9993328100202,25.999332810020206,1.269633001946232,219.2564423564745,54.25644235647451,5.529125180183395
NGC 1090,9.11,174.0,4.84,3147.182447859496,191.9862097068992,17.986209706899132,0.7901404788087325,191.9862097068992,17.986209706899132,0.7901404788087325,220.40722463877714,46.40722463877714,5.260126622941809
NGC 1090,10.37,164.0,5.86,2694.733519768564,189.52356377377475,25.523563773774725,1.5498237799006933,189.52356377377475,25.523563773774725,1.5498237799006933,222.67574663706782,58.67574663706782,8.190623113828378
NGC 1090,11.28,176.0,7.35,2540.5851063829787,188.5523187310564,12.552318731056346,0.358074201946555,188.5523187310564,12.552318731056346,0.358074201946555,227.54350160847864,51.543501608478635,6.037719794017896
NGC 1090,13.62,174.0,3.28,2070.519383259912,183.5413601171205,9.54136011712052,0.2294533723408958,183.5413601171205,9.54136011712052,0.2294533723408958,233.1571934696876,59.1571934696876,8.820414487027998
NGC 1090,15.04,168.0,2.23,1771.6970877659578,176.03906437608254,8.039064376082536,0.1652967662024638,176.03906437608254,8.039064376082536,0.1652967662024638,232.55974282131427,64.55974282131427,10.66048412346288
NGC 1090,16.37,166.0,2.23,1518.7154612095296,168.84226124277134,2.842261242771343,0.0206624269154207,168.84226124277134,2.842261242771343,0.0206624269154207,230.63418996717206,64.63418996717206,10.685084599757388
NGC 1090,17.59,167.0,4.59,1305.370739056282,160.9949887170803,-6.005011282919696,0.0885850807469139,160.9949887170803,-6.005011282919696,0.0885850807469139,227.6424806836809,60.6424806836809,9.034140635118819
NGC 1090,18.8,167.0,5.3,1138.2057234042552,155.19901909561477,-11.800980904385227,0.3363113098738554,155.19901909561477,-11.800980904385227,0.3363113098738554,225.27746102039094,58.277461020390945,8.201749530254741
NGC 1090,20.13,165.0,3.48,988.9492001987086,150.35631918516964,-14.64368081483036,0.5386379954068791,150.35631918516964,-14.64368081483036,0.5386379954068791,223.02452604422365,58.02452604422365,8.457065232801726
NGC 1090,21.35,165.0,3.12,876.7537470725994,146.52358865171306,-18.476411348286945,0.8626436729056322,146.52358865171306,-18.476411348286945,0.8626436729056322,221.2460364933791,56.24603649337911,7.994292690285541
NGC 1090,22.57,165.0,2.39,786.357186530793,143.0285164764022,-21.97148352359781,1.2324002455572092,143.0285164764022,-21.97148352359781,1.2324002455572092,219.9913331668371,54.99133316683711,7.720074829105557
NGC 1090,23.89,165.0,2.23,704.7855713687736,139.2843249695105,-25.715675030489507,1.6914112008114668,139.2843249695105,-25.715675030489507,1.6914112008114668,218.9049776080833,53.9049776080833,7.432092124359418
NGC 1090,25.11,163.0,2.23,642.7098725607328,136.8272714629688,-26.17272853703119,1.752069565622392,136.8272714629688,-26.17272853703119,1.752069565622392,218.25953572824037,55.259535728240365,7.81030165748233
NGC 1090,26.33,162.0,2.23,590.2508241549564,134.62806988668558,-27.37193011331442,1.9163030433264523,134.6812161957301,-27.31878380426992,1.908868743957548,217.86296889519778,55.86296889519778,7.9818097207909675
NGC 1090,27.65,162.0,2.23,541.4534900542496,132.057976953713,-29.942023046287005,2.2930610896672947,132.82820117797013,-29.17179882202987,2.176605709789562,217.59061588904228,55.59061588904228,7.9041707875994485
NGC 1090,28.87,162.0,2.23,503.0424835469345,129.50745687200808,-32.49254312799192,2.700354318481959,130.82543540319116,-31.174564596808835,2.485731051437598,217.5468837954432,55.54688379544319,7.891739553775901
NGC 1090,30.09,160.0,2.23,465.8228946493852,126.73405648370245,-33.26594351629757,2.83043402248468,128.5725541720995,-31.4274458279005,2.52622202527495,217.12497446681007,57.12497446681007,8.346518921985904
NGC 2366,0.12,4.2,3.15,128.2575,7.043016994495938,2.8430169944959376,0.0204149691694528,9.202653660594835,5.002653660594835,0.0632107133286511,9.526253154829174,5.326253154829174,0.07165284284001977
NGC 2366,0.36,9.41,1.83,347.66416666666663,19.836245884409283,10.426245884409283,0.2792010026024512,21.528281156702214,12.118281156702214,0.3771751716593624,21.812943751910083,12.402943751910083,0.3951032447068564
NGC 2366,0.59,15.3,1.37,432.4869491525424,27.67093210117152,12.370932101171515,0.3945580699747675,28.962753175399943,13.662753175399946,0.4812630613782396,29.749524101752716,14.449524101752715,0.5382861076984286
NGC 2366,0.83,18.4,1.64,487.7813253012048,34.296664542549365,15.896664542549368,0.6501433112137456,35.241396874113704,16.841396874113705,0.7297150442703044,36.55290666472169,18.15290666472169,0.8477922238673151
NGC 2366,1.07,23.4,2.08,501.3542056074767,40.756499154435055,17.356499154435056,0.7717850058256497,41.74549467273662,18.34549467273662,0.8622454816979015,41.83986400695438,18.43986400695438,0.8711390892211536
NGC 2366,1.31,28.1,2.46,487.1641221374045,45.561698297152944,17.461698297152942,0.7777315726317505,46.89510022139911,18.79510022139911,0.9010441287127432,45.90463223130104,17.804632231301042,0.8085796076125794
NGC 2366,1.54,33.1,2.01,445.4003246753246,47.42110984506823,14.321109845068229,0.5258284653155154,49.49581305523383,16.395813055233823,0.6892180720448382,48.47866776768126,15.378667767681257,0.6063566856554452
NGC 2366,1.79,37.5,1.62,419.4968156424581,49.44606003589195,11.946060035891954,0.3672140770912348,52.09511828239948,14.595118282399476,0.5481320207306372,51.3589157716204,13.858915771620403,0.4942292515983782
NGC 2366,2.02,40.5,1.68,404.1834158415842,51.19467996413609,10.694679964136093,0.2941604689835101,54.24221004845611,13.742210048456108,0.4856930491038788,53.97136769420322,13.471367694203217,0.46673686380317103
NGC 2366,2.26,42.3,1.69,379.1487168141593,51.92390121112322,9.623901211123226,0.2381844454065632,55.55661850064509,13.256618500645097,0.4519356493871276,56.03839541811917,13.738395418119175,0.4853813754357922
NGC 2366,2.49,45.2,1.91,344.60983935742973,51.4108393326326,6.210839332632595,0.0989983660019799,55.83693774640717,10.63693774640717,0.2903759690370405,57.221581869819154,12.021581869819151,0.37089473977356624
NGC 2366,2.74,47.4,1.95,315.08441605839414,50.61121568328736,3.2112156832873566,0.026454181706353,55.70726592015193,8.307265920151934,0.1770400832937648,58.50264008395199,11.10264008395199,0.316233520395014
NGC 2366,2.97,48.1,1.74,297.4439393939394,49.57157410635479,1.4715741063547867,0.005566521116995,54.9145735425556,6.814573542555593,0.1193704831402673,59.914611778340436,11.814611778340435,0.3588050088808623
NGC 2366,3.21,48.8,1.08,280.84015576323986,48.39791282770204,-0.4020871722979606,0.0004175829672372,53.910357514782,5.110357514782002,0.0674535650017379,61.278443846552534,12.478443846552537,0.4021825262511542
NGC 2366,3.44,50.7,1.55,265.9456976744186,47.425803566237214,-3.274196433762789,0.0276011670544473,53.09843628164559,2.398436281645587,0.0148106580084162,62.46280437910747,11.762804379107465,0.35623758050257076
NGC 2366,3.69,52.1,2.78,249.2351490514905,45.00422505198613,-7.095774948013869,0.1278800871688738,50.46604265418463,-1.633957345815375,0.0067808586018789,63.51678433929812,11.416784339298118,0.3310479118347642
NGC 2366,3.92,53.0,2.98,235.80227040816328,40.68430242571888,-12.315697574281115,0.3841072049692863,45.03795348111249,-7.962046518887512,0.1605402161488104,64.45248218162986,11.452482181629861,0.33214955242283345
NGC 2366,4.16,53.7,2.39,219.983125,36.62093786941237,-17.07906213058763,0.7446651846100043,39.7513432896163,-13.948656710383702,0.4967041457849585,65.11420389781973,11.414203897819732,0.33260154746560844
NGC 2366,4.4,51.2,2.21,206.3479318181818,34.26395878624988,-16.936041213750123,0.7337967750385415,36.55451382865004,-14.645486171349964,0.5487311077508732,65.7780138101022,14.578013810102192,0.5436867006039137
NGC 2366,4.64,51.6,1.45,194.6410560344828,32.61413592385308,-18.985864076146925,0.9287830784855192,34.188883129428966,-17.411116870571036,0.7811003296311755,66.45677446371188,14.85677446371188,0.5687253946202392
NGC 2366,4.87,51.5,1.84,188.05437371663243,38.41406184184432,-13.085938158155678,0.4397742943731735,43.10321984176374,-8.396780158236261,0.1810696569820511,67.43492804497087,15.934928044970874,0.6521091992061322
NGC 2366,5.11,50.4,2.53,180.9952446183953,45.17026304936672,-5.229736950633281,0.0696995052070958,53.26203690264337,2.862036902643375,0.0208747106137944,68.34646075363511,17.946460753635115,0.8207816383238813
NGC 2366,5.35,48.5,4.6,171.74822429906544,48.24531985499755,-0.2546801450024532,0.000159303409614,58.26923924834208,9.769239248342082,0.2343993405328307,68.92411183886396,20.424111838863965,1.0245219186718322
NGC 2366,5.59,50.0,5.91,161.59359570661897,48.676109223881575,-1.323890776118425,0.0041638626337644,59.64456306444957,9.644563064449564,0.2209821504056031,69.27639493119162,19.276394931191618,0.8827621666105683
NGC 2366,5.82,49.0,7.42,150.9155326460481,46.74849139313168,-2.2515086068683203,0.0114935210254337,57.6573746335693,8.657374633569304,0.1699332229301496,69.36814909897474,20.36814909897474,0.9406087242313353
NGC 2366,6.06,49.4,5.92,142.59889438943895,44.068018673052734,-5.331981326947265,0.0675223083985857,54.19838298511735,4.79838298511735,0.0546839475931006,69.69008156824897,20.290081568248972,0.9777720698863513
NGC 2403,0.16,24.5,2.83,3366.900625,25.680286919811447,1.1802869198114472,0.0035356491010177,25.680286919811447,1.1802869198114472,0.0035356491010177,29.920162276411244,5.420162276411244,0.07456217131803752
NGC 2403,0.26,35.3,2.46,4800.80346153846,39.03995166039057,3.739951660390574,0.0356770344058236,39.03995166039057,3.739951660390574,0.0356770344058236,43.42269838725826,8.12269838725826,0.16828965649003333
NGC 2403,0.36,43.2,1.12,6138.520277777778,51.70436162504262,8.50436162504262,0.1867613812767461,51.70436162504262,8.50436162504262,0.1867613812767461,56.09076008240876,12.890760082408754,0.429102149652071
NGC 2403,0.46,52.0,1.25,6995.361956521738,61.48633929005997,9.486339290059972,0.2321964408995596,61.486339290059966,9.486339290059966,0.2321964408995592,66.70565380845747,14.70565380845747,0.5579906568210281
NGC 2403,0.56,60.9,2.93,7274.254464285715,68.55510028461218,7.655100284612182,0.1485119181384526,68.55510028461217,7.655100284612168,0.148511918138452,74.73814915392265,13.83814915392265,0.4853058796882754
NGC 2403,0.66,65.8,1.25,6929.323636363637,73.44500387518353,7.645003875183534,0.1508042812490146,73.44500387518352,7.645003875183519,0.1508042812490141,79.60558119326448,13.805581193264487,0.49177635112741325
NGC 2403,0.76,71.7,1.25,6615.848026315789,77.49949068344108,5.799490683441078,0.0867836598931007,77.49949068344108,5.799490683441078,0.0867836598931007,83.89512309878907,12.195123098789068,0.38373430709787115
NGC 2403,0.86,74.6,1.6,6178.351627906976,78.97787181403389,4.377871814033895,0.0493251019665236,78.97787181403389,4.377871814033895,0.0493251019665236,86.91046796182944,12.310467961829445,0.3900237323430853
NGC 2403,0.96,74.6,1.03,5855.913854166667,79.34926218762772,4.749262187627721,0.0582737531143818,79.34926218762772,4.749262187627721,0.0582737531143818,89.95213862265057,15.352138622650571,0.6089175121772294
NGC 2403,1.06,76.6,1.12,5628.859716981132,80.72755017065845,4.127550170658452,0.0439934844156777,80.72755017065845,4.127550170658452,0.0439934844156777,93.10348893142942,16.50348893142943,0.7033235694928547
NGC 2403,1.16,78.5,1.6,5463.830517241379,83.1878109643761,4.687810964376098,0.0565564433748321,83.1878109643761,4.687810964376098,0.0565564433748321,96.29969722197121,17.799697221971215,0.8153933014048018
NGC 2403,1.27,83.4,1.8,5338.641653543308,85.95171149234768,2.5517114923476782,0.0167280637657466,85.95171149234768,2.5517114923476782,0.0167280637657466,99.8804014094675,16.48040140946749,0.6977793408107543
NGC 2403,1.36,86.4,1.6,5358.600147058823,87.87293552552802,1.4729355255280154,0.0055835368086331,87.87293552552802,1.4729355255280154,0.0055835368086331,103.50508855141246,17.10508855141245,0.7529958162231348
NGC 2403,1.47,87.4,1.41,5283.415782312925,89.71697713748686,2.316977137486859,0.0138364631689394,89.71697713748686,2.316977137486859,0.0138364631689394,107.03555702097287,19.63555702097287,0.9937291878897238
NGC 2403,1.57,90.3,1.41,5270.670891719745,92.12372224176652,1.823722241766532,0.0085723320254253,92.12372224176652,1.823722241766532,0.0085723320254253,110.51535206888157,20.21535206888157,1.053280910597089
NGC 2403,1.67,93.3,1.6,5311.858982035928,95.28562429474944,1.985624294749428,0.0101469627339385,95.28562429474944,1.985624294749428,0.0101469627339385,114.31672738357864,21.01672738357864,1.1367686584199719
NGC 2403,1.77,93.3,1.41,5323.771751412429,98.69686797353808,5.396867973538093,0.0750697867377921,98.69686797353808,5.396867973538093,0.0750697867377921,117.78945636621269,24.489456366212693,1.5457522359903189
NGC 2403,1.87,95.2,1.25,5286.800106951871,102.86715316387446,7.66715316387446,0.1516793746513404,102.86715316387443,7.667153163874445,0.1516793746513398,120.75229366583726,25.552293665837254,1.6846823714502477
NGC 2403,1.97,97.2,1.6,5244.869289340101,107.3357363579052,10.135736357905202,0.2643945633028655,107.3357363579052,10.135736357905188,0.2643945633028647,123.56639513120035,26.36639513120035,1.7891362780898328
NGC 2403,2.08,99.1,2.02,5202.646250000001,111.4888140478756,12.3888140478756,0.3934643050838745,111.4888140478756,12.3888140478756,0.3934643050838745,126.58237045300972,27.48237045300972,1.9362179840783125
NGC 2403,2.18,98.2,2.02,5185.182477064219,115.46725435138744,17.26725435138745,0.7643503053101588,115.46725435138748,17.267254351387464,0.7643503053101599,129.42516492277292,31.22516492277292,2.499512727259222
NGC 2403,2.28,98.2,1.6,5021.11600877193,117.96878282296464,19.76878282296464,1.0057771626043384,117.96878282296464,19.768782822964624,1.005777162604337,130.76751360813307,32.56751360813307,2.7296760927937327
NGC 2403,2.37,98.2,1.0,4783.676033755274,117.96207317104442,19.76207317104442,1.009146087901069,117.96207317104442,19.76207317104442,1.009146087901069,130.9255500063482,32.7255500063482,2.7673426956537384
NGC 2403,2.47,97.2,1.12,4539.711497975708,117.31402560547458,20.11402560547458,1.0447241556395153,117.31402560547458,20.11402560547458,1.0447241556395153,131.0795452103565,33.87954521035651,2.964003982035042
NGC 2403,2.57,98.2,1.41,4326.349922178988,116.81578439140998,18.61578439140997,0.8931908697907571,116.81578439140996,18.61578439140996,0.8931908697907558,131.3463689045387,33.146368904538704,2.8317409001868112
NGC 2403,2.68,98.2,1.12,4098.488134328359,115.95172592720174,17.751725927201733,0.813738393661857,115.95172592720172,17.75172592720172,0.8137383936618557,131.486287975386,33.286287975386,2.861108788383881
NGC 2403,2.78,98.2,1.6,3911.310251798561,114.789768305892,16.589768305891994,0.7083086587481432,114.78976830589195,16.589768305891965,0.7083086587481408,131.6493849735503,33.449384973550295,2.879507296450412
NGC 2403,2.88,99.1,2.69,3736.918923611111,113.86380619280618,14.763806192806186,0.5542979734026002,113.8638061928062,14.7638061928062,0.5542979734026013,131.79454519026518,32.69454519026519,2.7182989689865518
NGC 2403,2.98,100.0,2.69,3585.981208053692,113.97685662275168,13.976856622751685,0.4967817579641278,113.97685662275168,13.976856622751669,0.4967817579641268,132.080935603177,32.08093560317701,2.617222653706489
NGC 2403,3.08,102.0,3.16,3463.8361038961034,114.43037780705606,12.43037780705606,0.3902017962929759,114.43037780705606,12.43037780705606,0.3902017962929759,132.61573185581676,30.61573185581676,2.3670634413657297
NGC 2403,3.19,101.0,3.4,3341.9836050156746,114.38795248122264,13.387952481222657,0.4508433233712542,114.38795248122264,13.387952481222657,0.4508433233712542,133.24356185780488,32.24356185780488,2.6150701309942894
NGC 2403,3.29,101.0,3.4,3262.857933130699,114.73212627025752,13.73212627025751,0.4743215914636694,114.7321262702575,13.732126270257496,0.4743215914636684,134.16415984225173,33.164159842251735,2.7665295755167087
NGC 2403,3.39,103.0,2.93,3195.5088200589967,114.72966265632228,11.729662656322276,0.3486828462800309,114.72966265632228,11.729662656322276,0.3486828462800309,135.1810509606636,32.18105096066361,2.624581024090958
NGC 2403,3.49,107.0,2.46,3127.646446991404,113.46494429486124,6.464944294861255,0.1066071525678229,113.46494429486124,6.464944294861255,0.1066071525678229,136.1195886893219,29.119588689321887,2.162854189181432
NGC 2403,3.59,110.0,2.46,3043.944874651811,113.6399751858522,3.639975185852208,0.0337950906299574,113.6399751858522,3.639975185852208,0.0337950906299574,136.7373029791068,26.7373029791068,1.823442043334483
NGC 2403,3.69,112.0,3.4,2982.089972899729,116.14637638989612,4.146376389896119,0.0432448867257469,116.14637638989612,4.146376389896119,0.0432448867257469,137.62823183293992,25.628231832939917,1.652093437174049
NGC 2403,3.79,114.0,5.1,2903.4940633245387,116.20457658399344,2.204576583993429,0.0117962134770809,116.20457658399344,2.204576583993429,0.0117962134770809,138.17624653228486,24.176246532284864,1.418632791412383
NGC 2403,3.9,118.0,5.1,2807.310487179487,115.78307690457297,-2.2169230954270347,0.0119287104949826,115.78307690457297,-2.216923095427049,0.0119287104949827,138.5217847012995,20.52178470129951,1.0221685088383548
NGC 2403,3.99,118.0,4.85,2726.443358395989,114.70791243627184,-3.292087563728145,0.0264645789358423,114.70791243627184,-3.29208756372816,0.0264645789358426,138.68826764535973,20.68826764535973,1.0451304096015193
NGC 2403,4.47,118.0,5.36,2362.366554809844,111.55135986064762,-6.448640139352378,0.1002700546256323,111.55135986064762,-6.448640139352378,0.1002700546256323,139.69858954071552,21.698589540715517,1.1352669017510417
NGC 2403,4.97,121.0,2.57,2051.1146277666,107.47192083264244,-13.528079167357546,0.4661401983477365,107.47192083264244,-13.528079167357546,0.4661401983477365,140.39732072302564,19.397320723025643,0.9583580114051559
NGC 2403,5.47,124.0,0.22,1787.2592504570384,103.49209849824904,-20.50790150175095,1.08943340784606,103.49209849824904,-20.50790150175095,1.08943340784606,140.65810836720865,16.658108367208655,0.7188025500783504
NGC 2403,5.96,125.0,0.88,1551.5380704697984,99.54393804449708,-25.45606195550293,1.6754239429559032,99.54393804449704,-25.456061955502943,1.675423942955905,140.1378327001888,15.137832700188795,0.5924745248364556
NGC 2403,6.46,126.0,0.45,1351.5944272445822,96.3836269512361,-29.616373048763904,2.2711648748093265,96.3836269512361,-29.616373048763904,2.2711648748093265,139.50785336560455,13.507853365604547,0.47245189388125164
NGC 2403,6.96,126.0,0.55,1196.081408045977,94.2619906332306,-31.738009366769404,2.607545223148031,94.2619906332306,-31.738009366769404,2.607545223148031,139.2462941336489,13.246294133648888,0.4542147883462855
NGC 2403,7.45,126.0,0.45,1066.445704697987,92.42484629148456,-33.575153708515444,2.9189115724275174,92.42484629148456,-33.575153708515444,2.9189115724275174,138.9267755150419,12.926775515041896,0.4326785176592246
NGC 2403,7.95,126.0,0.24,955.533144654088,90.68392592344736,-35.31607407655265,3.2306709884238893,90.68392592344732,-35.31607407655267,3.230670988423892,138.66154628148993,12.661546281489933,0.41526123106580876
NGC 2403,8.45,127.0,1.45,865.4486153846156,89.19676340788132,-37.80323659211868,3.682235226105734,89.19676340788132,-37.80323659211868,3.682235226105734,138.63207805162776,11.632078051627758,0.348632744698012
NGC 2403,8.94,128.0,1.12,792.7213646532439,87.97385120004898,-40.02614879995102,4.137054576412354,87.97385120004898,-40.02614879995102,4.137054576412354,138.79716955293406,10.797169552934065,0.30103949846614114
NGC 2403,9.44,128.0,1.68,727.5236652542374,86.71630941465223,-41.28369058534777,4.383345991246214,86.71630941465222,-41.28369058534778,4.383345991246217,138.93812820303643,10.938128203036428,0.30770513372187636
NGC 2403,9.94,127.0,2.56,669.3743762575452,85.45590079664936,-41.54409920335064,4.396628074784792,85.45590079664935,-41.544099203350655,4.396628074784795,139.01621948495,12.01621948495,0.36782118597432817
NGC 2403,10.43,127.0,1.24,623.5468552253117,84.58799111976826,-42.41200888023174,4.641558644262791,84.58799111976826,-42.41200888023174,4.641558644262791,139.39274651283682,12.392746512836823,0.3962974589599286
NGC 2403,10.93,128.0,0.21,581.2869258920402,83.71162672605561,-44.28837327394439,5.080922120690956,83.80149102730432,-44.19850897269568,5.06032392519264,139.72769156622078,11.727691566220784,0.35627729959454396
NGC 2403,11.43,130.0,1.13,542.9004374453194,82.9045195001718,-47.0954804998282,5.727127756676677,83.29824613080737,-46.70175386919263,5.631768418045715,140.01027806717696,10.010278067176955,0.25874423954076264
NGC 2403,11.92,130.0,2.23,506.9064597315435,82.05153969685931,-47.94846030314069,5.880343229522707,82.79375075294979,-47.20624924705021,5.699704424461718,140.10358366846927,10.10358366846927,0.2610984110299178
NGC 2403,12.42,132.0,2.68,475.4062882447665,81.41476230472162,-50.58523769527838,6.508089560183295,82.54072078332636,-49.45927921667364,6.22159155809844,140.33257832839413,8.332578328394135,0.17658944448892824
NGC 2403,12.92,133.0,2.68,446.1928328173375,80.76349258298755,-52.23650741701245,6.939915690853905,82.32189842090142,-50.67810157909858,6.532006467383672,140.4907016009742,7.490701600974205,0.1427088559275225
NGC 2403,13.42,133.0,3.37,416.7376602086438,79.84091681463669,-53.15908318536332,7.111712732579645,81.89845762899573,-51.10154237100427,6.571844185153308,140.3558093651876,7.355809365187611,0.13616960323825195
NGC 2403,13.91,133.0,3.81,389.4874263120057,78.81553349452524,-54.18446650547476,7.330432935112761,81.38757882304033,-51.61242117695967,6.6510235662133805,140.113670891615,7.113670891614987,0.12634776368343337
NGC 2403,14.41,133.0,2.56,365.08375433726576,77.85995422892108,-55.14004577107892,7.745247139847088,80.94720390176842,-52.05279609823158,6.90222578940576,139.96411812233129,6.964118122331286,0.12354730977319536
NGC 2403,14.91,134.0,0.56,343.0810261569416,76.97009821966522,-57.02990178033478,8.41909189082298,80.58823394137012,-53.41176605862988,7.38471737340287,139.84390751070453,5.8439075107045255,0.08840293221276384
NGC 2403,15.4,134.0,0.79,322.7890389610389,76.02104593055287,-57.97895406944713,8.694644526782112,80.15574273537923,-53.844257264620765,7.498766994552761,139.65751779248342,5.657517792483418,0.08278715054821065
NGC 2403,15.9,133.0,0.67,303.4043836477987,75.00492497816526,-57.99507502183474,8.703424247780857,79.66034280171792,-53.33965719828208,7.362212779051113,139.41547947535287,6.415479475352868,0.10650406017114789
NGC 2403,16.4,134.0,2.35,285.43982926829267,74.04664720817449,-59.95335279182551,9.180582242351568,79.27328383469714,-54.72671616530286,7.649658607711234,139.14978820711175,5.1497882071117544,0.06773638444305831
NGC 2403,16.89,134.0,4.13,267.9179692125518,72.97278815711888,-61.02721184288112,9.240185654471835,78.81435602886512,-55.18564397113488,7.555894218679437,138.6966713006401,4.696671300640105,0.054728553974032985
NGC 2403,17.39,136.0,3.91,251.98970672800465,71.92749494870847,-64.07250505129153,10.230270729552606,78.34055074437694,-57.65944925562306,8.284850929947263,138.3160008514705,2.3160008514705055,0.013366606046907712
NGC 2403,17.89,136.0,6.38,236.8430687534936,70.78455542716097,-65.21544457283903,9.967214331122529,77.71953506316655,-58.280464936833454,7.960106793493279,137.86051075431672,1.8605107543167207,0.008112173830239794
NGC 2403,18.38,135.0,8.39,223.25628400435247,69.67089763473871,-65.32910236526129,9.35137049009128,77.05846150031225,-57.94153849968775,7.356003497235815,137.43587317069674,2.4358731706967376,0.013000834378421925
NGC 2403,18.88,133.0,7.83,210.277780720339,68.45977933586627,-64.54022066413373,9.31222267961821,76.1980567385181,-56.801943261481895,7.213048428682301,136.9761487406108,3.976148740610796,0.035344163300709684
NGC 2403,19.38,134.0,6.26,199.8217389060888,67.3947764584706,-66.6052235415294,10.433643415323266,75.2124300973799,-58.787569902620106,8.128125973230276,136.81577104853147,2.8157710485314738,0.018647219716068943
NGC 2403,19.87,136.0,5.6,191.88421741318567,66.41916218535107,-69.58083781464893,11.600280311933291,73.88453040977781,-62.11546959022219,9.244612714236672,136.97920114029588,0.9792011402958849,0.002297380853835445
NGC 2403,20.37,135.0,5.24,184.27723613156604,65.07265470434936,-69.92734529565064,11.826686993048751,71.53051380535682,-63.46948619464318,9.743140960069429,137.14107873702537,2.141078737025367,0.011087516974272916
NGC 2403,20.87,134.0,3.12,177.42490656444656,63.69699909727596,-70.30300090272404,12.489467521469996,68.82465458484904,-65.17534541515096,10.734031840507772,137.3621719411115,3.3621719411115123,0.02856511883120991
NGC 2683,2.89,189.0,10.0,17185.167370242212,216.6271908412973,27.627190841297303,1.5704972711552712,216.6271908412973,27.62719084129733,1.5704972711552745,242.31513646859776,53.31513646859776,5.8487732030148205
NGC 2683,5.77,212.0,5.0,9884.20464471404,215.1411291712953,3.141129171295347,0.0240065510237532,215.1411291712953,3.141129171295347,0.0240065510237532,271.27447095472655,59.27447095472655,8.548571549787644
NGC 2683,8.66,206.0,5.0,4867.639422632795,182.62506247834267,-23.37493752165733,1.329410472363464,182.62506247834267,-23.37493752165733,1.329410472363464,251.90386604100482,45.90386604100482,5.12692194041488
NGC 2683,11.54,200.0,5.0,3191.790961871751,177.42224830495485,-22.57775169504515,1.240279492951616,177.42224830495485,-22.57775169504515,1.240279492951616,249.30974022415683,49.309740224156826,5.915937909911994
NGC 2683,14.43,172.0,12.0,1921.1285377685376,152.07902640299665,-19.92097359700336,0.7487645076462354,152.07902640299665,-19.92097359700336,0.7487645076462354,234.0246689081774,62.024668908177404,7.258602930507601
NGC 2683,17.31,190.0,10.0,1302.1040439052572,135.93345853408323,-54.06654146591677,6.014796103056991,135.93345853408323,-54.06654146591677,6.014796103056991,225.64177031113925,35.641770311139254,2.61385965208232
NGC 2683,20.2,169.0,10.0,932.5181237623764,123.66563116362316,-45.334368836376825,4.22881686788612,123.66563116362316,-45.334368836376825,4.22881686788612,219.3578061814835,50.35780618148351,5.217919019365965
NGC 2683,23.08,150.0,10.0,698.9439731369151,114.71582360882854,-35.28417639117146,2.56167305268169,114.71582360882854,-35.28417639117146,2.56167305268169,214.61970432284176,64.61970432284176,8.591988038624473
NGC 2683,28.85,160.0,10.0,438.00959792027726,100.80076622878062,-59.19923377121938,7.211006747118274,101.39363244074984,-58.60636755925015,7.067296951625366,208.80329478127197,48.80329478127197,4.900743994871869
NGC 2683,31.74,155.0,10.0,359.61163831127914,95.8246568956277,-59.1753431043723,7.205187719177331,96.81426941274974,-58.18573058725026,6.966212436156524,206.82122619001785,51.82122619001785,5.525595645755128
NGC 2683,34.62,151.0,12.0,301.0011265164644,91.73453062046389,-59.26546937953613,6.627162001465536,93.06674437379031,-57.933255626209686,6.332570014059917,205.25343773267733,54.25343773267733,5.553651897761314
NGC 2841,3.44,285.0,14.4,24435.89683139535,241.7361491374448,-43.26385086255527,3.1545112435240403,241.7361491374447,-43.2638508625553,3.1545112435240443,308.6994021179683,23.699402117968305,0.9465782337015649
NGC 2841,3.77,297.0,13.6,21708.412334217504,239.66950519173585,-57.33049480826418,5.756595269301537,239.6695051917358,-57.330494808264206,5.756595269301543,306.5863783259833,9.586378325983276,0.16095461925333107
NGC 2841,4.13,303.0,8.47,19560.185738498792,241.5021391809765,-61.49786081902346,8.262287432291894,241.5021391809765,-61.49786081902346,8.262287432291894,306.48836145128956,3.4883614512895633,0.026584178112209395
NGC 2841,4.47,306.0,5.93,17889.546979865776,248.5496639277063,-57.45033607229371,7.836695590775707,248.54966392770623,-57.45033607229374,7.836695590775715,306.6605461935057,0.6605461935056951,0.0010359867922394843
NGC 2841,4.8,307.0,5.93,16523.588562499997,251.5828544475617,-55.417145552438285,7.291823276773848,251.5828544475617,-55.417145552438285,7.291823276773848,307.0297072275513,0.029707227551284632,2.095424782036216e-06
NGC 2841,5.13,304.0,8.47,15397.657095516568,235.15283343446384,-68.84716656553616,10.35505532519091,235.15283343446384,-68.84716656553616,10.35505532519091,307.920437828718,3.9204378287179793,0.033577582359022196
NGC 2841,5.48,308.0,8.47,14410.09832116788,226.2531223432395,-81.74687765676049,14.598983850098096,226.25312234323948,-81.74687765676052,14.598983850098106,309.3691641063893,1.3691641063892916,0.0040953525241567605
NGC 2841,5.83,313.0,12.7,13500.74075471698,225.88334220492752,-87.11665779507248,13.867076075542698,225.88334220492752,-87.11665779507248,13.867076075542698,310.3951902596459,-2.604809740354085,0.012397510978537002
NGC 2841,6.16,314.0,9.32,12748.429155844156,225.67334949670447,-88.32665050329553,16.49866259007127,225.67334949670447,-88.32665050329553,16.49866259007127,311.44357719933856,-2.556422800661437,0.013820717265195258
NGC 2841,6.51,315.0,6.78,12248.964193548389,228.4035307599092,-86.59646924009084,17.359946896231296,228.4035307599092,-86.59646924009087,17.35994689623131,314.8507815631341,-0.1492184368659082,5.1545765617820724e-05
NGC 2841,6.86,317.0,8.47,11788.88357142857,234.98794390247684,-82.01205609752316,14.693852669366631,234.9879439024768,-82.01205609752319,14.693852669366644,318.0810195318442,1.0810195318442197,0.0025529797058307354
NGC 2841,7.18,320.0,7.63,11352.194679665738,248.36076766775383,-71.63923233224614,11.55331913115764,248.36076766775383,-71.63923233224617,11.553319131157648,320.35078460130757,0.3507846013075664,0.00027700395125558776
NGC 2841,7.51,316.0,20.5,10940.49066577896,253.59757869089336,-62.40242130910664,4.829844570839376,253.59757869089333,-62.40242130910667,4.829844570839381,322.65968308658955,6.659683086589553,0.05500946209464428
NGC 2841,7.85,318.0,23.4,10611.22559235669,246.5452046526326,-71.4547953473674,5.469158680892666,246.5452046526326,-71.4547953473674,5.469158680892666,325.75321500057606,7.753215000576063,0.06439044394056909
NGC 2841,8.21,321.0,8.48,10238.015054811203,234.3162848182977,-86.6837151817023,16.409468921654728,234.3162848182977,-86.6837151817023,16.409468921654728,328.2763550792792,7.276355079279199,0.11562380596673978
NGC 2841,8.57,323.0,8.66,9802.439369894984,233.970636117966,-89.02936388203398,17.193716454646456,233.970636117966,-89.02936388203398,17.193716454646456,329.4880512684754,6.488051268475374,0.09131282220994065
NGC 2841,8.9,321.0,12.7,9392.984359550564,235.4634321703424,-85.5365678296576,13.368606106593608,235.4634321703424,-85.53656782965763,13.368606106593615,329.99463754597485,8.994637545974854,0.14782565839584233
NGC 2841,9.24,323.0,11.0,8944.218322510822,241.1741905537521,-81.82580944624786,13.206041600658118,241.1741905537521,-81.82580944624789,13.206041600658128,329.644780447896,6.644780447895982,0.08708699645116516
NGC 2841,9.6,323.0,10.4,8486.310895833332,246.2610238826695,-76.73897611733051,11.916930661195202,246.26102388266943,-76.73897611733054,11.916930661195211,328.97851127348906,5.978511273489062,0.07233000859485957
NGC 2841,9.93,322.0,13.6,8127.071792547834,241.05907775212367,-80.94092224787633,11.47441658669042,241.05907775212364,-80.94092224787636,11.474416586690426,328.84821297231355,6.848212972313547,0.08213889048998799
NGC 2841,10.27,321.0,13.6,7808.738666017526,231.9343462639231,-89.06565373607691,13.893601435187668,231.93434626392303,-89.06565373607694,13.893601435187676,329.1562821832168,8.156282183216774,0.11651418497313189
NGC 2841,10.6,323.0,9.32,7514.396150943397,230.37503722775588,-92.62496277224412,18.143510096297803,230.37503722775585,-92.62496277224416,18.143510096297813,329.3536637328938,6.353663732893779,0.08537164898433394
NGC 2841,10.93,322.0,11.9,7239.423129002746,234.07950625289627,-87.92049374710373,14.650998314540107,234.07950625289627,-87.92049374710373,14.650998314540107,329.5629896981413,7.56298969814128,0.10841116198364537
NGC 2841,11.27,321.0,11.0,6962.0845164152615,243.7818976991216,-77.2181023008784,11.760621938755271,243.7818976991216,-77.2181023008784,11.760621938755271,329.5603601362418,8.560360136241798,0.14453602694705658
NGC 2841,12.31,323.0,4.24,6106.858887083673,243.4003659450856,-79.59963405491439,15.684289776651694,243.4003659450856,-79.59963405491442,15.684289776651704,327.3437168210338,4.343716821033809,0.0467052525222489
NGC 2841,14.35,319.0,4.24,4625.271505226481,238.8165715524315,-80.1834284475685,15.915194796954928,238.8165715524315,-80.1834284475685,15.915194796954928,318.1449684712993,-0.8550315287006924,0.0018097016148228096
NGC 2841,16.4,308.0,4.24,3540.064274390244,229.6712611724084,-78.32873882759162,15.187454270536431,229.6712611724084,-78.32873882759162,15.187454270536431,308.4171818796145,0.41718187961447484,0.0004308177499907574
NGC 2841,18.48,299.0,5.66,2805.35650974026,219.89116429929027,-79.10883570070973,14.970514200039151,219.8911642992903,-79.1088357007097,14.970514200039142,301.4608986622012,2.4608986622012026,0.014486857639932266
NGC 2841,20.57,299.0,5.66,2290.313490520175,209.6733916089717,-89.32660839102829,19.087472374707144,209.6733916089717,-89.32660839102829,19.087472374707144,296.51952314757295,-2.4804768524270457,0.014718280967999818
NGC 2841,22.51,298.0,5.66,1963.1718080852952,202.06038549840008,-95.93961450159992,22.01824349580658,202.06038549840005,-95.93961450159996,22.0182434958066,294.4197636008032,-3.5802363991967923,0.030662682015918295
NGC 2841,24.59,296.0,5.66,1667.0366287108582,193.8545749796372,-102.14542502036278,24.958850041935552,193.8545749796372,-102.14542502036278,24.958850041935552,291.4385994960933,-4.561400503906725,0.04977177675068948
NGC 2841,26.68,293.0,4.24,1396.72085832084,184.16075802098368,-108.83924197901632,29.323359994630565,184.16075802098368,-108.83924197901632,29.323359994630565,286.5365694999065,-6.463430500093523,0.10341151051330372
NGC 2841,28.77,289.0,4.24,1180.2397288842546,174.3444781632679,-114.6555218367321,32.541132695608255,174.3444781632679,-114.6555218367321,32.541132695608255,281.9076343341804,-7.092365665819614,0.12451594033356525
NGC 2841,30.7,289.0,4.24,1025.8331791530943,166.18220841664362,-122.81779158335638,37.33922358421052,166.18220841664362,-122.81779158335638,37.33922358421052,278.598541051451,-10.40145894854902,0.26781274075184
NGC 2841,32.79,288.0,4.24,899.6102256785605,159.60975197106768,-128.39024802893232,40.80438071054128,159.60975197106768,-128.39024802893232,40.80438071054128,276.37963586810156,-11.620364131898441,0.33425829193973083
NGC 2841,34.88,285.0,4.24,804.6361496559631,155.21924408752926,-129.78075591247074,41.69301616033243,155.21924408752926,-129.78075591247074,41.69301616033243,275.4141243362005,-9.585875663799527,0.22746066178378213
NGC 2841,36.96,283.0,2.83,730.6515827922077,152.0819404170713,-130.9180595829287,43.50038368412304,152.0819404170713,-130.9180595829287,43.50038368412304,275.2758559175862,-7.724144082413773,0.15142399525972056
NGC 2841,38.9,275.0,2.83,671.8279717223651,149.23846353249905,-125.76153646750096,40.14113400653277,149.23846353249905,-125.76153646750096,40.14113400653277,275.31318374948285,0.313183749482846,0.0002489386938724837
NGC 2841,40.99,272.0,2.83,613.4520883142229,145.43734485389317,-126.56265514610683,40.65417222208017,145.43734485389317,-126.56265514610683,40.65417222208017,274.9856785600741,2.9856785600741205,0.02262455610542369
NGC 2841,43.08,271.0,2.83,560.2544289693594,140.7190317419387,-130.2809682580613,43.07803882160525,140.76624315204052,-130.23375684795948,43.04682311169477,274.3710065772652,3.3710065772651774,0.028841189485732648
NGC 2841,45.16,274.0,4.24,509.8222896368468,135.30542250955585,-138.69457749044415,47.616961497996,135.4500636852154,-138.5499363147846,47.51769616144773,273.1645096336034,-0.8354903663965842,0.001727927866152724
NGC 2841,47.1,277.0,4.24,464.1975265392782,130.35927670192115,-146.64072329807885,53.22944076449714,130.61817015089963,-146.38182984910037,53.04165406688632,271.3709944715085,-5.629005528491518,0.07843430734720955
NGC 2841,49.19,281.0,4.24,420.9699390119944,126.37486919432158,-154.62513080567842,59.18380394525133,126.7503576769338,-154.2496423230662,58.89671149289926,269.5079406619492,-11.492059338050808,0.32691769996475245
NGC 2841,51.27,286.0,4.24,385.6108484493856,123.75764666582126,-162.24235333417874,65.15851674798925,124.22394099398532,-161.7760590060147,64.784515942264,268.21874910948617,-17.78125089051383,0.782649541042372
NGC 2841,53.36,282.0,4.24,358.27235007496245,122.20296335282528,-159.7970366471747,63.2091802149884,122.7350492616567,-159.26495073834332,62.78893813341859,267.8749676375434,-14.12503236245658,0.4938802033589132
NGC 2841,55.3,283.0,4.24,339.7094593128391,122.04329286195876,-160.95670713804125,64.12994575125249,122.60080995311606,-160.39919004688394,63.68645233719987,268.5555189486699,-14.444481051330115,0.5164717866590492
NGC 2841,57.38,288.0,5.66,323.1677291739282,123.2605179543174,-164.7394820456826,64.92054012787375,123.78697760260918,-164.21302239739083,64.50626866440557,269.6684439884993,-18.33155601150071,0.8038692058829148
NGC 2841,59.47,287.0,5.66,308.29526483941487,125.30555354061757,-161.69444645938245,62.542745201141,125.75106581635784,-161.24893418364218,62.19857537339061,270.8598380952328,-16.140161904767183,0.6231642145121081
NGC 2841,61.56,289.0,7.07,292.7124788823912,127.29533731276936,-161.70466268723067,59.9754668906906,127.6273681898584,-161.3726318101416,59.72942250369572,271.5310758881295,-17.46892411187048,0.6999400888110799
NGC 2841,63.64,294.0,7.07,276.5193290383407,128.24537737168964,-165.75462262831036,63.0173084495669,128.47542329546502,-165.52457670453498,62.84251012641833,271.64899335878727,-22.351006641212734,1.1458366972698728
NGC 2903,0.32,44.0,8.0,122289.8515625,153.37098503110258,109.37098503110258,26.582249703719253,153.3709850311026,109.3709850311026,26.582249703719267,200.70823626785923,156.70823626785923,54.57215847596265
NGC 2903,0.64,64.0,8.0,65146.1828125,158.309684215402,94.309684215402,19.76514785957521,158.309684215402,94.309684215402,19.76514785957521,209.6236953076071,145.6236953076071,47.12502363342843
NGC 2903,0.96,128.0,8.0,45548.95677083333,162.12419870131737,34.12419870131737,2.5876909711266443,162.12419870131734,34.12419870131734,2.58769097112664,216.86842028555347,88.86842028555347,17.550213608999492
NGC 2903,1.28,148.0,8.0,37507.18515625,169.8772794142659,21.8772794142659,1.0635896768219166,169.87727941426593,21.877279414265928,1.0635896768219195,228.81291736447517,80.81291736447517,14.512728028794427
NGC 2903,1.6,157.0,8.0,31913.137,175.2012602422575,18.20126024225749,0.7361908320141849,175.2012602422575,18.20126024225749,0.7361908320141849,237.53430709128477,80.53430709128477,14.412832485940802
NGC 2903,1.92,189.0,8.0,28052.088177083337,180.322464072103,-8.677535927896997,0.167332510622096,180.322464072103,-8.677535927896997,0.167332510622096,245.39499764810708,56.39499764810708,7.067546132733341
NGC 2903,2.24,195.0,6.0,28213.98236607143,198.7108257109847,3.710825710984693,0.0326308707519077,198.7108257109847,3.710825710984693,0.0326308707519077,265.74775351486176,70.74775351486176,11.860769259240838
NGC 2903,2.56,201.0,6.0,30388.981445312493,220.57766054486584,19.57766054486584,0.9082578019194228,220.57766054486584,19.577660544865864,0.9082578019194256,293.8319388737449,92.83193887374489,20.421253258432955
NGC 2903,2.88,214.0,4.0,29627.588090277783,227.07955142588864,13.07955142588864,0.4255588694091182,227.07955142588864,13.07955142588864,0.4255588694091182,308.0818289048219,94.08182890482192,22.01838440317459
NGC 2903,3.2,215.0,4.0,28304.5628125,233.3331409747064,18.33314097470634,0.8360797462648171,233.3331409747064,18.3331409747064,0.8360797462648224,318.09034912378854,103.09034912378854,26.436865876777635
NGC 2903,3.52,215.0,4.0,25371.430823863644,231.69508483475488,16.69508483475488,0.6933479045762745,231.6950848347549,16.69508483475491,0.6933479045762769,317.5682857683137,102.56828576831367,26.169784192662828
NGC 2903,3.84,216.0,3.0,21941.77200520833,225.04784895558697,9.047848955586971,0.2072495461344715,225.04784895558697,9.047848955586971,0.2072495461344715,310.88854718720125,94.88854718720125,22.794522499487897
NGC 2903,4.8,214.0,2.0,15843.056437499998,213.8868495428676,-0.1131504571324057,3.282827166480103e-05,213.8868495428676,-0.1131504571324342,3.282827166481752e-05,301.51897368400506,87.51897368400506,19.63992501205531
NGC 2903,5.76,210.0,2.0,11481.5190625,201.3992584749876,-8.600741525012381,0.1896737302053136,201.3992584749876,-8.600741525012381,0.1896737302053136,288.28106702155907,78.28106702155907,15.712629369317494
NGC 2903,6.72,205.0,2.0,8434.456101190477,193.5003416202776,-11.499658379722462,0.3390824175649257,193.5003416202776,-11.499658379722462,0.3390824175649257,274.56795296179524,69.56795296179524,12.409487382806553
NGC 2903,7.68,203.0,1.0,6463.439192708333,187.6325775789924,-15.367422421007632,0.6102265422885996,187.6325775789924,-15.367422421007632,0.6102265422885996,264.28933866484516,61.28933866484516,9.706416108460164
NGC 2903,8.64,201.0,1.0,5158.926863425926,180.3989013219405,-20.60109867805945,1.0966544360287938,180.3989013219405,-20.601098678059486,1.0966544360287966,257.1673210103794,56.167321010379396,8.151855166622756
NGC 2903,9.6,201.0,1.0,4214.640333333334,172.56029407709875,-28.439705922901226,2.08996608005453,172.56029407709875,-28.439705922901226,2.08996608005453,251.42196775653778,50.42196775653778,6.56944401147632
NGC 2903,10.56,199.0,1.0,3512.625946969697,166.9882569468316,-32.0117430531684,2.6479371919950268,166.98825694683163,-32.011743053168374,2.6479371919950223,246.79327560251028,47.79327560251028,5.902318327693808
NGC 2903,11.52,197.0,1.0,2982.6611545138894,164.34322877737844,-32.65677122262156,2.7557227562962363,164.34322877737847,-32.65677122262153,2.755722756296232,243.19234125305394,46.19234125305394,5.513520388730204
NGC 2903,12.48,196.0,2.0,2543.604935897436,161.50673529745194,-34.49326470254806,3.0507315636924304,161.50673529745194,-34.49326470254806,3.0507315636924304,239.43934881978424,43.43934881978424,4.838402630479207
NGC 2903,13.44,193.0,3.0,2182.4840625000006,157.05891816877224,-35.94108183122776,3.270281932149393,157.05891816877224,-35.94108183122776,3.270281932149393,235.77817143532957,42.77817143532957,4.6328403831656875
NGC 2903,14.4,190.0,3.0,1891.001736111111,151.77804592325373,-38.22195407674627,3.698526008721268,151.77804592325373,-38.22195407674627,3.698526008721268,232.54881392867316,42.548813928673155,4.583295105662914
NGC 2903,15.36,188.0,5.0,1648.9754296875,145.92796614399398,-42.072033856006016,4.3067056758659765,145.92796614399398,-42.072033856006016,4.3067056758659765,229.51200469536667,41.51200469536667,4.192813950920059
NGC 2903,16.32,187.0,5.0,1454.9917218137257,140.29013013018712,-46.70986986981288,5.308544874099399,140.29013013018712,-46.70986986981288,5.308544874099399,227.0909844275173,40.0909844275173,3.9106740446896215
NGC 2903,17.28,188.0,3.0,1290.1880092592594,135.16792781014016,-52.83207218985984,7.066399624998891,135.16792781014016,-52.83207218985984,7.066399624998891,224.78198976165814,36.78198976165814,3.4251006856372763
NGC 2903,18.24,186.0,3.0,1153.3771929824566,130.9643224922731,-55.03567750772689,7.668166579074723,130.9643224922731,-55.03567750772689,7.668166579074723,222.8302350985774,36.83023509857739,3.4340916896619795
NGC 2903,19.2,185.0,3.0,1037.5476041666666,127.92999184182568,-57.07000815817432,8.245533749807805,127.9299918418257,-57.0700081581743,8.245533749807802,221.10964328761148,36.109643287611476,3.3010287047051765
NGC 2903,20.16,185.0,3.0,937.8571924603176,125.14612476218348,-59.85387523781651,9.069585774643302,125.14612476218352,-59.85387523781648,9.069585774643294,219.52985539896233,34.529855398962326,3.018508642717083
NGC 2903,21.12,181.0,3.0,852.655421401515,120.57751310312976,-60.422486896870254,9.242726386841666,120.57751310312976,-60.422486896870254,9.242726386841666,218.16587638306092,37.16587638306092,3.4969680185340897
NGC 2903,22.08,178.0,3.0,779.4781974637682,115.0839085560913,-62.9160914439087,10.021353322982993,115.0839085560913,-62.9160914439087,10.021353322982993,217.00593026277787,39.005930262777866,3.851804039657444
NGC 2903,23.04,177.0,3.0,714.8437022569444,109.71921355212544,-67.28078644787455,11.460010696315187,109.71921355212544,-67.28078644787455,11.460010696315187,215.90183511752653,38.90183511752653,3.8312728493954946
NGC 2903,24.0,182.0,4.0,659.9967041666666,105.34681361894089,-76.65318638105913,14.616196473555696,105.34681361894089,-76.65318638105913,14.616196473555696,215.0941583927168,33.09415839271679,2.7244361187120085
NGC 2903,24.96,180.0,8.0,610.9505008012819,101.87652590059696,-78.12347409940305,13.562838234133556,101.87652590059692,-78.12347409940307,13.56283823413356,214.31933919836627,34.319339198366265,2.617371206694487
NGC 2915,0.34,13.5,10.1,5946.749411764707,59.15359453114026,45.65359453114026,4.270918000888834,59.15359453114026,45.65359453114026,4.270918000888834,53.84912254785639,40.34912254785639,3.336103133915151
NGC 2915,0.67,31.3,12.5,3653.3983582089554,63.9146380512393,32.6146380512393,1.9616682622652768,63.9146380512393,32.6146380512393,1.9616682622652768,63.05039789963827,31.75039789963827,1.8590830185068774
NGC 2915,1.0,35.3,13.4,2299.442,59.77085094300559,24.4708509430056,1.0588134696138305,59.77085094300559,24.4708509430056,1.0588134696138305,65.46756914178431,30.167569141784313,1.609170075543421
NGC 2915,1.34,50.5,9.38,1542.940895522388,54.34294215345088,3.8429421534508776,0.0311575747952246,54.34294215345088,3.8429421534508776,0.0311575747952246,66.32783817218481,15.827838172184812,0.5285415747962816
NGC 2915,1.68,61.0,10.1,1078.438392857143,50.643574004115614,-10.356425995884386,0.2197814786750884,50.643574004115614,-10.356425995884386,0.2197814786750884,66.20519880958732,5.205198809587316,0.05551954805706688
NGC 2915,2.01,66.5,11.9,795.777960199005,49.40414477910535,-17.09585522089465,0.5539475478739805,49.40414477910535,-17.09585522089465,0.5539475478739805,65.89037494309474,-0.6096250569052586,0.0007043890563233065
NGC 2915,2.34,74.4,11.6,610.6355555555556,48.65685251549202,-25.743147484507983,1.2730706208873712,48.65685251549202,-25.743147484507983,1.2730706208873712,65.61148602490148,-8.788513975098525,0.14837478463674134
NGC 2915,2.67,83.0,9.17,482.3030711610486,47.10728607529712,-35.89271392470288,2.7405176188600926,48.29917466109037,-34.70082533890963,2.561530976803564,65.34221470216389,-17.657785297836114,0.6632732268821434
NGC 2915,3.01,86.4,7.66,383.5762458471761,44.94993316281667,-41.450066837183336,3.8637335639890416,47.55348350166584,-38.84651649833417,3.393601636913176,64.88957940638745,-21.51042059361255,1.0405297572300143
NGC 2915,3.35,83.6,8.18,310.8904179104477,42.76658220370593,-40.833417796294064,3.681435988342789,46.65775377420972,-36.94224622579027,3.0132307179201,64.44042521728664,-19.15957478271335,0.8105084026279371
NGC 2915,3.68,79.8,7.93,262.8323913043478,41.08352940121725,-38.71647059878275,3.3393083519325533,45.94984720037158,-33.85015279962842,2.552620603985992,64.38998647801998,-15.41001352198002,0.5290187233912458
NGC 2915,4.02,82.8,6.95,228.22830845771148,39.729764775625455,-43.07023522437454,4.271320478889606,45.3345803466036,-37.4654196533964,3.2319815561851506,64.67327300217057,-18.126726997829422,0.7565653701137757
NGC 2915,4.35,83.5,7.19,203.63609195402304,38.73332390119632,-44.76667609880368,4.5786455235383645,44.88355332024661,-38.61644667975339,3.406998495463488,65.16207194924209,-18.33792805075791,0.76829472594061
NGC 2915,4.68,80.4,7.85,183.7389957264957,37.94667591282727,-42.45332408717274,4.026349716670902,44.60415237300869,-35.79584762699132,2.8625520552134445,65.68137027114875,-14.718629728851255,0.4839749143419376
NGC 2915,5.02,80.3,7.57,164.84852589641434,37.29635629394246,-43.00364370605754,4.171651096113628,44.65876199798877,-35.64123800201123,2.865517268850422,66.0119430606639,-14.288056939336101,0.46051503401318267
NGC 2915,5.35,82.1,7.92,147.62235514018693,36.61478440859065,-45.48521559140934,4.61061537140892,44.76334179683811,-37.33665820316188,3.106628105187783,66.10598529927593,-15.994014700724065,0.570076791218385
NGC 2915,5.69,82.4,8.33,131.38469244288223,35.59288694734793,-46.80711305265208,4.811065514165479,44.37672313556275,-38.02327686443726,3.174801984654543,66.03085524796424,-16.369144752035766,0.5883957643963215
NGC 2915,6.03,80.9,7.88,117.91396351575456,34.44021862764262,-46.45978137235738,4.817090517460709,43.57149013260496,-37.32850986739505,3.1096520039532063,65.99822682549261,-14.901773174507397,0.4955715664923915
NGC 2915,6.36,79.0,6.15,108.84355345911948,33.41351359132389,-45.58648640867611,4.90329735464354,42.43611084471311,-36.563889155286894,3.1544290125231824,66.32149688777201,-12.678503112227986,0.3792730238880067
NGC 2915,6.69,81.4,6.11,102.81581464872944,32.23068948235546,-49.16931051764455,5.710932614797107,40.42898849536292,-40.97101150463708,3.9652645847388,66.97800314887412,-14.421996851125883,0.49132582474583164
NGC 2915,7.02,79.7,5.59,99.03346153846157,30.782962507449188,-48.91703749255082,5.7349010266257,37.285550600825765,-42.41444939917424,4.311548735237169,67.91777347002487,-11.782226529975134,0.3327057978302355
NGC 2915,7.36,77.5,6.33,95.33654891304346,29.074080397486288,-48.42591960251372,5.503968229901601,33.25070160232531,-44.24929839767469,4.59550182772424,68.83188764925849,-8.66811235074151,0.17634746803880194
NGC 2915,7.7,79.9,6.41,89.22848051948051,27.71105909165805,-52.18894090834196,6.377338898307887,30.379123872410386,-49.52087612758962,5.741946854628064,69.15786642924536,-10.742133570754646,0.27018648764021747
NGC 2915,8.03,81.5,7.86,85.07297633872976,27.173659679831065,-54.32634032016894,6.591080193431798,29.13184852238445,-52.36815147761554,6.12449358832445,69.72363948250839,-11.77636051749161,0.3097118918278887
NGC 2915,8.37,82.2,7.82,81.69789725209078,27.625281280061927,-54.57471871993808,6.660816140895944,30.44313742288599,-51.75686257711401,5.990737886738984,70.41431983390392,-11.785680166096085,0.3106373956116766
NGC 2915,8.7,82.0,7.09,78.398091954023,27.953781292532152,-54.04621870746784,6.695409901790773,31.51613067267065,-50.48386932732935,5.841868938523961,70.99918654823776,-11.000813451762241,0.2773934115294542
NGC 2915,9.03,84.7,5.74,75.97439645625693,27.43804277164536,-57.261957228354646,7.826591548971558,29.98196540879337,-54.71803459120663,7.146629577361191,71.72698572593517,-12.973014274064838,0.4017187336914927
NGC 2915,9.37,86.1,5.54,72.8984098185699,26.99325681364908,-59.10674318635091,8.384155308379723,28.838004835978584,-57.26199516402141,7.868975736886493,72.26099058131452,-13.839009418685478,0.4596161326277405
NGC 2915,9.7,85.3,5.23,70.54952577319588,26.663443328166647,-58.63655667183335,8.317942799794375,27.796337048734912,-57.503662951265085,7.999632403238727,72.88147424025968,-12.41852575974032,0.3730947140937777
NGC 2915,10.04,86.5,6.45,67.18785856573706,26.30929409414886,-60.19070590585114,8.47263773585202,27.103447928722154,-59.396552071277846,8.250537351760151,73.18747042144165,-13.312529578558355,0.41445839016374103
NGC 2955,0.75,169.0,4.27,39291.93933333333,134.7435074474659,-34.2564925525341,2.903047431324427,134.7435074474659,-34.2564925525341,2.903047431324427,178.9537799393049,9.953779939304894,0.245100621646849
NGC 2955,1.55,203.0,4.92,36017.85612903226,186.49547296032307,-16.50452703967693,0.6640545169539698,186.49547296032307,-16.50452703967693,0.6640545169539698,247.13158120472687,44.13158120472687,4.74784513266834
NGC 2955,2.3,232.0,5.49,31210.047347826086,215.53620922454047,-16.46379077545953,0.6513585369400985,215.53620922454047,-16.46379077545953,0.6513585369400985,281.91362922934576,49.91362922934576,5.986854866533168
NGC 2955,3.06,256.0,4.38,29149.937156862747,252.721508118679,-3.2784918813210027,0.0265274502569391,252.72150811867905,-3.2784918813209742,0.0265274502569386,315.2295730115148,59.22957301151479,8.658137675404978
NGC 2955,3.85,248.0,3.47,25693.73935064935,267.68051821856056,19.680518218560564,0.9730728609826134,267.6805182185606,19.68051821856062,0.9730728609826188,334.00817122479816,86.00817122479816,18.58453620578739
NGC 2955,4.61,253.0,5.68,22391.60646420824,258.3147121889089,5.3147121889089135,0.0675321655758131,258.3147121889089,5.3147121889089135,0.0675321655758131,343.7153342261382,90.71533422613822,19.67490231911825
NGC 2955,5.36,269.0,8.42,19409.69796641791,251.81881430735703,-17.18118569264297,0.646083317367087,251.81881430735703,-17.18118569264294,0.6460833173670848,347.97717079837537,78.97717079837537,13.651658247505903
NGC 2955,6.12,268.0,4.67,16977.99916666667,251.5316567676761,-16.46834323232386,0.6650328838277612,251.53165676767617,-16.468343232323832,0.6650328838277589,350.77353763058994,82.77353763058994,16.800659651819
NGC 2955,6.91,260.0,5.58,15081.02068017366,251.93102911777817,-8.068970882221834,0.1560839358496256,251.93102911777825,-8.068970882221777,0.1560839358496234,354.2063674252874,94.2063674252874,21.275629898201764
NGC 2955,7.66,245.0,8.47,13777.20507832898,253.7550130457963,8.75501304579629,0.1674533637524268,253.75501304579623,8.755013045796261,0.1674533637524257,358.8556664105778,113.85566641057778,28.319760750670895
NGC 2955,8.42,247.0,6.0,12374.664964370546,252.59649121235847,5.5964912123584725,0.0742197011611507,252.59649121235847,5.5964912123584725,0.0742197011611507,359.60498151306854,112.60498151306854,30.04711341601542
NGC 2955,8.86,267.0,10.3,11553.984672686232,253.3136723097856,-13.686327690214426,0.3806530627404136,253.3136723097856,-13.686327690214426,0.3806530627404136,358.4731723601855,91.47317236018552,17.003680752781417
NGC 2955,9.21,255.0,7.27,10915.484234527688,262.3136411566441,7.31364115664411,0.121884455971827,262.3136411566441,7.31364115664411,0.121884455971827,356.98027158515924,101.98027158515924,23.698090618935954
NGC 2955,10.82,253.0,11.2,8588.406044362293,264.3726510652512,11.372651065251205,0.2528883001954469,264.3726510652512,11.372651065251205,0.2528883001954469,350.93693549827213,97.93693549827213,18.7541907844375
NGC 2955,11.56,271.0,11.3,7774.781384083045,272.8328456718113,1.8328456718112989,0.0065395924714855,272.8328456718113,1.8328456718112989,0.0065395924714855,348.61402277670663,77.61402277670663,11.726793458278603
NGC 2955,12.4,276.0,8.71,6985.8215,261.82968457365234,-14.170315426347656,0.4347552435493176,261.82968457365234,-14.170315426347656,0.4347552435493176,346.14852867905347,70.14852867905347,10.654251057477703
NGC 2955,14.17,275.0,10.1,5904.638736767819,253.24996077143376,-21.75003922856624,0.9693740014429422,253.24996077143376,-21.75003922856624,0.9693740014429422,346.6890037965904,71.68900379659038,10.53116383956794
NGC 2955,16.88,275.0,10.0,4568.8908175355455,254.77972126041976,-20.22027873958024,0.8412750458977789,254.7797212604198,-20.22027873958021,0.8412750458977766,343.48331598240276,68.48331598240276,9.650132855855187
NGC 2955,19.49,276.0,11.7,3812.4410312981017,251.0694569107316,-24.93054308926841,1.1886476672452504,251.0694569107316,-24.93054308926844,1.188647667245253,345.3491993370338,69.34919933703378,9.197558661836423
NGC 2955,22.19,267.0,15.7,3068.9853943217663,240.36074939575187,-26.639250604248133,1.121993506230825,240.3607493957519,-26.639250604248105,1.1219935062308226,340.9383393683333,73.93833936833329,8.643422075521864
NGC 2955,24.8,257.0,15.1,2520.3345524193546,225.95131952499253,-31.04868047500748,1.570040486700722,225.95131952499253,-31.04868047500748,1.570040486700722,336.4611554230286,79.46115542302857,10.283342651036145
NGC 2955,27.51,254.0,13.6,2074.9989894583787,210.88697259741704,-43.11302740258296,3.255452451688155,210.88697259741704,-43.11302740258296,3.255452451688155,331.60603276340237,77.60603276340237,10.548368224173815
NGC 2955,30.12,248.0,11.6,1748.451573705179,199.89395683181127,-48.106043168188734,4.44558050810596,199.89395683181127,-48.106043168188734,4.44558050810596,327.67009743606417,79.67009743606417,12.193261920762177
NGC 2955,35.43,227.0,11.2,1293.7398278295232,183.4256925794476,-43.57430742055243,3.712498567145336,183.4256925794476,-43.57430742055246,3.712498567145341,322.1500856666411,95.15008566664108,17.702054595591147
NGC 2976,0.11,6.8,3.62,1314.9454545454548,15.197854625420142,8.397854625420141,0.1767055494995556,15.197854625420142,8.397854625420141,0.1767055494995556,18.044148642090097,11.244148642090096,0.31678648164594664
NGC 2976,0.17,9.5,4.31,1420.536470588235,19.43137907445882,9.93137907445882,0.2437916879435007,19.43137907445882,9.93137907445882,0.2437916879435007,22.997904233081105,13.497904233081105,0.45033164016714977
NGC 2976,0.24,14.0,3.11,1613.0470833333334,24.02254236690059,10.022542366900591,0.2538752555368885,24.02254236690059,10.022542366900591,0.2538752555368885,28.481991286757662,14.481991286757662,0.5300552443038689
NGC 2976,0.31,19.8,5.5,1750.506451612903,27.873771226919825,8.073771226919824,0.1566024788579902,27.873771226919825,8.073771226919824,0.1566024788579902,33.2551682555069,13.455168255506901,0.43493466134294445
NGC 2976,0.38,26.1,3.9,1844.571052631579,31.71496800651518,5.614968006515177,0.0785819538750006,31.71496800651518,5.614968006515177,0.0785819538750006,37.464706530022646,11.364706530022644,0.3219175855874463
NGC 2976,0.45,28.7,3.5,1927.538888888889,35.67761088516198,6.977610885161983,0.1222524888003289,35.677610885161975,6.977610885161976,0.1222524888003286,41.37319461051575,12.673194610515754,0.4032890436560089
NGC 2976,0.52,28.7,2.7,2030.9378846153843,39.54258704628416,10.842587046284162,0.2989185940559106,39.54258704628416,10.842587046284162,0.2989185940559106,45.262177837056136,16.562177837056137,0.6974643004049772
NGC 2976,0.59,31.7,2.5,2143.6496610169493,43.43004928975286,11.73004928975286,0.3507815330529804,43.43004928975286,11.73004928975286,0.3507815330529804,49.10037403686053,17.40037403686053,0.7718878690188655
NGC 2976,0.66,35.5,2.3,2241.4159090909084,47.147007549629926,11.647007549629926,0.3466809396129124,47.147007549629926,11.647007549629926,0.3466809396129124,52.72438377796304,17.22438377796304,0.7582084810001695
NGC 2976,0.73,39.4,2.1,2330.493835616438,50.813738168832,11.413738168832005,0.3336836120659116,50.813738168832,11.413738168832005,0.3336836120659116,56.19264315295453,16.792643152954533,0.722299285526679
NGC 2976,0.8,42.9,2.3,2420.8,54.49186148568897,11.591861485688971,0.3434057928988713,54.49186148568897,11.591861485688971,0.3434057928988713,59.59712182849614,16.697121828496144,0.7124993671078801
NGC 2976,0.87,46.0,2.6,2505.8033333333337,58.0620505397101,12.0620505397101,0.3704375782221222,58.0620505397101,12.0620505397101,0.3704375782221222,62.89292682872897,16.892926828728967,0.7265785131907296
NGC 2976,0.94,49.1,3.1,2620.910638297872,62.10032486875348,13.00032486875348,0.4272097436695993,62.10032486875348,13.000324868753474,0.4272097436695989,66.39803592961356,17.298035929613555,0.7563561260387793
NGC 2976,1.01,49.2,3.2,2803.1977227722773,67.0750944607771,17.875094460777092,0.8063774530125779,67.07509446077711,17.875094460777106,0.8063774530125791,70.4569375426935,21.256937542693493,1.1403628954521807
NGC 2976,1.08,51.4,3.2,3002.474259259259,72.59232422024535,21.192324220245347,1.1334408587118856,72.59232422024533,21.19232422024533,1.133440858711884,74.63612586505948,23.236125865059485,1.3626023248962407
NGC 2976,1.14,57.2,3.1,3155.239649122808,76.92228045325547,19.722280453255465,0.9832116131464386,76.92228045325548,19.72228045325548,0.98321161314644,78.03922465162327,20.83922465162327,1.0977308057956647
NGC 2976,1.21,63.8,2.9,3369.7792561983474,81.63539356695807,17.835393566958075,0.8065243368278934,81.63539356695807,17.835393566958075,0.8065243368278934,82.30559659526158,18.50559659526158,0.8682769335122257
NGC 2976,1.29,67.8,2.8,3624.580852713177,87.60268724053562,19.80268724053562,0.995699832283344,87.60268724053562,19.80268724053562,0.995699832283344,87.23758376845262,19.437583768452626,0.9593227268830311
NGC 2976,1.35,69.8,3.3,3800.7185185185176,92.02388847047708,22.22388847047709,1.2444284782892103,92.0238884704771,22.223888470477107,1.244428478289212,90.78913421424227,20.98913421424227,1.1099895564601665
NGC 2976,1.42,71.7,3.9,3967.121478873239,96.11231072549276,24.41231072549276,1.4854089253957,96.11231072549276,24.41231072549276,1.4854089253957,94.57666521874364,22.87666521874364,1.3044086925312803
NGC 2976,1.49,74.1,4.4,4110.932416107382,99.28397835778784,25.18397835778785,1.5646160596149763,99.28397835778784,25.18397835778785,1.5646160596149763,98.14963749426954,24.049637494269547,1.4268429633061368
NGC 2976,1.56,76.7,4.8,4227.387179487179,100.56967838146952,23.869678381469512,1.392923787489715,100.56967838146952,23.869678381469512,1.392923787489715,101.464049152727,24.764049152726997,1.499262004788477
NGC 2976,1.63,79.9,4.4,4273.777300613498,99.06119880733377,19.16119880733376,0.9057419077712866,99.06119880733377,19.16119880733376,0.9057419077712866,104.13296072569001,24.232960725690006,1.4486786696586598
NGC 2976,1.74,83.6,3.35,4216.236436781609,95.74051954464612,12.140519544646123,0.3710570645266432,95.74051954464612,12.140519544646123,0.3710570645266432,107.05394804952363,23.453948049523632,1.3848351468251505
NGC 2976,1.93,83.9,3.95,3643.5772020725385,89.701369936139,5.801369936138997,0.0838039930925165,89.701369936139,5.801369936138997,0.0838039930925165,106.90718372694414,23.007183726944135,1.3180458364810055
NGC 2976,2.1,88.7,4.44,3140.179095238095,84.42354252864021,-4.276457471359791,0.0450763506679317,84.42354252864021,-4.276457471359791,0.0450763506679317,105.73851338806874,17.038513388068736,0.7155563394359903
NGC 2976,2.27,85.3,5.36,2782.7392511013213,81.26957231833617,-4.030427681663824,0.0391685264257049,81.26957231833617,-4.030427681663824,0.0391685264257049,105.35712723265803,20.057127232658033,0.9700015451683036
NGC 2998,0.33,90.0,20.0,6016.950303030303,48.57038816367435,-41.42961183632565,2.183731217440985,48.57038816367435,-41.42961183632565,2.183731217440985,53.29098722034879,-36.70901277965121,1.7144422636852363
NGC 2998,0.99,125.0,15.0,8780.069191919194,101.69107901398094,-23.30892098601906,0.8892075246030766,101.69107901398094,-23.30892098601906,0.8892075246030766,107.09920221009264,-17.900797789907358,0.5244493641819185
NGC 2998,1.98,148.0,15.0,8820.915404040403,140.04984354922817,-7.950156450771828,0.1034451515413239,140.04984354922817,-7.950156450771828,0.1034451515413239,151.7444495955206,3.7444495955205923,0.022947467714229668
NGC 2998,2.64,180.0,17.0,9064.307007575757,166.79763093096994,-13.202369069030055,0.2582259985701948,166.79763093096997,-13.202369069030029,0.2582259985701937,177.1538584578356,-2.846141542164389,0.0120007728563465
NGC 2998,3.63,201.0,15.0,10668.221625344351,218.20581545361725,17.205815453617248,0.4845173247527563,218.20581545361725,17.205815453617248,0.4845173247527563,222.00608121712293,21.006081217122926,0.722185676105343
NGC 2998,7.59,206.0,10.0,6506.097760210805,252.72311392276583,46.72311392276586,4.491871141234068,252.72311392276583,46.72311392276583,4.491871141234063,263.40758540367216,57.40758540367216,6.781133460658256
NGC 2998,12.5,214.0,5.0,3718.225576,243.9740946545862,29.9740946545862,2.186000852462513,243.9740946545862,29.9740946545862,2.186000852462513,274.07382596513116,60.073825965131164,8.780692374912086
NGC 2998,17.48,212.0,5.0,2378.2965675057208,226.21358650767004,14.213586507670044,0.4915475460122139,226.21358650767004,14.213586507670044,0.4915475460122139,276.8915338241594,64.89153382415941,10.245525941732419
NGC 2998,22.46,213.0,2.0,1498.1083392698129,199.1653127353207,-13.834687264679305,0.4907655684909736,199.16531273532075,-13.834687264679276,0.4907655684909716,268.94902649883613,55.94902649883613,8.026393759403764
NGC 2998,27.44,214.0,2.0,1088.7424562682215,185.4651087342121,-28.534891265787905,2.087794921923946,185.4651087342121,-28.534891265787905,2.087794921923946,268.368496097816,54.36849609781598,7.579316328046747
NGC 2998,32.32,213.0,2.0,833.5754579207921,176.15502008643216,-36.84497991356784,3.4809039611056862,176.15502008643216,-36.84497991356784,3.4809039611056862,268.00824543319675,55.00824543319675,7.75873606574054
NGC 2998,37.3,213.0,3.0,639.9942091152816,166.4274295778562,-46.5725704221438,5.49115016639378,166.4274295778562,-46.5725704221438,5.49115016639378,265.6751261761073,52.67512617610731,7.024478272579306
NGC 2998,42.28,203.0,3.0,498.4234744560075,156.04967811706518,-46.950321882934816,5.580589176990348,157.78425908644016,-45.21574091355984,5.175856269271315,262.55137960855603,59.55137960855603,8.97814383109454
NGC 3109,0.26,6.1,1.6,33.57076923076922,5.5459462106784265,-0.5540537893215731,0.0007900339753489,7.8007236391114,1.7007236391114002,0.0074440521325723,9.804921120096816,3.7049211200968166,0.03532643737425224
NGC 3109,0.52,11.2,0.7,51.66788461538463,9.63415561341501,-1.56584438658499,0.006343938117415,13.409237661845758,2.2092376618457585,0.0126283501423522,15.533083657911426,4.333083657911427,0.048579818330251934
NGC 3109,0.77,14.9,1.5,90.28688311688312,15.109168648703475,0.2091686487034767,0.0001126890498401,19.07664604188123,4.176646041881229,0.0449307718201214,21.939222988426454,7.039222988426454,0.1276256542969516
NGC 3109,1.03,19.1,2.2,113.1647572815534,18.54474307118508,-0.5552569288149236,0.000788840080332,22.432989355137583,3.332989355137581,0.0284229302053536,26.973422200505418,7.873422200505416,0.15860909105365767
NGC 3109,1.29,24.3,0.9,139.9731007751938,22.02912974265203,-2.270870257347969,0.0133317435580973,25.68144665365523,1.381446653655228,0.0049336750779329,31.99009094702728,7.690090947027279,0.15288513423528585
NGC 3109,1.55,29.8,1.9,153.91096774193548,25.87682361333344,-3.9231763866665617,0.0395044094373812,29.886554073804746,0.086554073804745,1.922847897178524e-05,35.99264206621841,6.192642066218408,0.0984287255468232
NGC 3109,1.81,34.3,1.6,163.17486187845302,29.365623096998583,-4.934376903001414,0.062662331225226,33.74372034533987,-0.5562796546601305,0.000796394518707,39.5262890335478,5.2262890335478005,0.07029569966589974
NGC 3109,2.06,38.2,3.5,168.06723300970873,31.832334462184903,-6.3676655378151,0.1018133443853812,36.44197208805913,-1.7580279119408715,0.0077606080079427,42.51332681580432,4.3133268158043165,0.04671635460122186
NGC 3109,2.32,42.5,5.6,162.39383620689657,33.04407532748036,-9.455924672519645,0.2142383348005695,37.97669707261274,-4.523302927387263,0.049023072103005,44.69052994985817,2.190529949858167,0.01149708036521378
NGC 3109,2.58,42.3,3.0,153.8862403100775,33.911857266364805,-8.388142733635192,0.178128958278068,39.2514315375072,-3.0485684624928027,0.0235285308114069,46.43425878580561,4.1342587858056135,0.04327112837471115
NGC 3109,2.84,47.3,4.4,146.12295774647887,34.86574078489745,-12.43425921510255,0.3814160307587395,40.6685977187004,-6.6314022812996,0.108485040991774,48.02913993594412,0.7291399359441257,0.0013115380061885823
NGC 3109,3.1,49.3,4.0,142.3546129032258,35.82744077619727,-13.472559223802726,0.4515170448728157,41.91856295761271,-7.38143704238729,0.1355363502754408,49.82085583920074,0.5208558392007419,0.0006748527493271369
NGC 3109,3.35,50.6,3.5,141.93101492537312,36.5535871851111,-14.046412814888903,0.4954217525832396,42.67931440189816,-7.920685598101848,0.157532354912688,51.7484844389308,1.1484844389308009,0.003312031403556049
NGC 3109,3.61,53.0,3.5,138.69243767313017,36.61108741173462,-16.388912588265377,0.6744418225381126,42.71993000835359,-10.280069991646414,0.265360549989075,53.38016729047321,0.3801672904732101,0.00036290563401316283
NGC 3109,3.87,54.7,3.3,125.6149354005168,34.96992014808223,-19.73007985191777,0.9808159715867156,41.12516915030221,-13.57483084969779,0.4643000141044289,53.79206856257486,-0.907931437425141,0.002076997392388024
NGC 3109,4.13,55.2,3.1,113.8309927360775,32.27943783788493,-22.920562162115075,1.327954727705016,37.95491920174427,-17.245080798255735,0.7517322912423059,54.0985187168683,-1.1014812831317045,0.0030668107911566087
NGC 3109,4.38,57.5,2.6,108.97518264840184,32.46973099814921,-25.03026900185079,1.5951582806421545,38.37607231309879,-19.12392768690121,0.9311656232147538,55.056075638482014,-2.443924361517986,0.015207165405899522
NGC 3109,4.64,59.1,2.4,105.9073275862069,35.21760104044848,-23.882398959551523,1.4559142844169586,42.39643989692361,-16.70356010307639,0.7121934861065076,56.2294310032291,-2.870568996770899,0.021033710346187173
NGC 3109,4.9,61.2,1.9,103.70524489795918,38.55562974321613,-22.64437025678388,1.3161045772087936,47.20361323583146,-13.99638676416854,0.5028075317681587,57.45531264004245,-3.7446873599575525,0.03599159011274316
NGC 3109,5.16,62.7,1.9,101.45895348837207,40.22955692291035,-22.47044307708965,1.295964713638578,49.64411866746475,-13.05588133253525,0.4375042667519889,58.61141895561548,-4.088581044384526,0.04290571329406448
NGC 3109,5.42,64.4,2.9,100.68164206642068,40.4681183596529,-23.931881640347108,1.452130926821285,49.87224460203512,-14.527755397964889,0.5351174587436879,59.94504103038084,-4.454958969619163,0.050319868717806936
NGC 3109,5.67,66.6,3.2,100.21342151675483,39.54805753691912,-27.05194246308088,1.8468796462392445,48.39409956282712,-18.205900437172872,0.8365001280240545,61.234688137045076,-5.365311862954918,0.07264933218949318
NGC 3109,5.93,66.3,3.4,95.92824620573354,37.63297591517315,-28.66702408482685,2.0671050152933965,45.866738858817456,-20.43326114118254,1.0502016321153045,61.88760761233113,-4.412392387668866,0.048971744095880274
NGC 3109,6.19,66.2,3.2,88.92526655896607,34.96009735777703,-31.23990264222297,2.462980812375252,42.46714899426434,-23.73285100573566,1.4214824774390475,61.950296963069995,-4.249703036930008,0.045578376494276526
NGC 3109,6.45,67.3,3.0,83.10271317829458,32.3687360205563,-34.9312639794437,3.0890967169660275,38.93693953242582,-28.36306046757418,2.0366156938918207,62.096465596249644,-5.2035344037503535,0.06854878554686973
NGC 3198,0.32,24.4,35.9,12513.62,74.88019832659188,50.48019832659188,1.5215161260632848,74.88019832659188,50.48019832659188,1.5215161260632848,70.4330062751678,46.0330062751678,1.2652406342986
NGC 3198,0.64,43.3,16.3,8477.805624999999,87.1629318110103,43.8629318110103,2.952257648663228,87.1629318110103,43.8629318110103,2.952257648663228,84.90775020542438,41.60775020542438,2.656485257034775
NGC 3198,0.96,45.5,16.1,6497.750416666668,93.44738036595771,47.94738036595771,3.563105475671219,93.44738036595771,47.94738036595773,3.5631054756712213,93.63250173576255,48.132501735762546,3.5906723754175913
NGC 3198,1.28,58.5,15.4,5343.291015625001,97.54755703507712,39.04755703507712,2.4467419449380583,97.5475570350771,39.04755703507711,2.4467419449380565,100.30592215011488,41.80592215011488,2.8046330425917354
NGC 3198,1.61,68.8,7.61,4405.609254658385,98.4392338532125,29.639233853212502,1.9789597611901504,98.4392338532125,29.639233853212502,1.9789597611901504,104.6588609063785,35.858860906378496,2.8966498221224426
NGC 3198,1.93,76.9,10.3,3584.06549222798,97.113710150371,20.213710150371,0.8303238798659017,97.113710150371,20.213710150371,0.8303238798659017,106.27400044804376,29.37400044804376,1.7534026343182647
NGC 3198,2.24,82.0,8.09,3382.027098214286,100.3132800295191,18.313280029519102,0.7428898813387038,100.3132800295191,18.313280029519102,0.7428898813387038,112.13064198022778,30.13064198022778,2.0109855067297095
NGC 3198,2.57,86.9,7.6,3075.519688715953,103.34557652242997,16.445576522429945,0.609466799970928,103.34557652242997,16.445576522429945,0.609466799970928,116.1155508915209,29.21555089152089,1.9234460381626266
NGC 3198,2.89,97.6,3.03,2738.891176470588,102.9027377807179,5.302737780717905,0.0711548254762643,102.9027377807179,5.302737780717905,0.0711548254762643,118.22027435457056,20.62027435457057,1.0759520879115378
NGC 3198,3.21,100.0,5.31,2741.1266355140187,107.05458470748589,7.054584707485887,0.1201536310822186,107.05458470748589,7.054584707485887,0.1201536310822186,124.62900788895799,24.629007888957986,1.4644947878416883
NGC 3198,3.54,107.0,7.51,2894.1627966101696,113.16596585880832,6.165965858808335,0.0859383507643646,113.16596585880832,6.165965858808335,0.0859383507643646,133.39038395870406,26.390383958704064,1.5742590598144637
NGC 3198,3.85,113.0,7.32,3059.4520779220784,117.99466617713718,4.9946661771371765,0.0567508849786481,117.99466617713718,4.9946661771371765,0.0567508849786481,141.85671802687807,28.85671802687807,1.8943210084906716
NGC 3198,4.17,117.0,5.21,3200.208752997602,123.61065258600745,6.610652586007447,0.1057759934436603,123.61065258600745,6.610652586007447,0.1057759934436603,150.00675311526604,33.00675311526604,2.6369631109632796
NGC 3198,4.5,119.0,5.67,3229.3522222222223,130.6101382336197,11.610138233619663,0.3223619858948742,130.6101382336197,11.610138233619663,0.3223619858948742,156.33239445308425,37.33239445308425,3.3330415926017634
NGC 3198,4.82,127.0,5.39,3267.9695643153527,137.364582003357,10.364582003356986,0.2588218686384469,137.364582003357,10.364582003356986,0.2588218686384469,162.48163531905257,35.48163531905257,3.0332250937032694
NGC 3198,5.15,132.0,4.34,3258.3690097087374,141.38759239667468,9.387592396674677,0.2176856259827549,141.38759239667468,9.387592396674677,0.2176856259827549,167.7757600426305,35.77576004263051,3.1615426277429104
NGC 3198,5.46,134.0,2.36,3256.4447069597068,146.1216796677943,12.121679667794297,0.3752464899435953,146.12167966779433,12.121679667794323,0.3752464899435971,172.71519569012767,38.71519569012767,3.82784153142859
NGC 3198,5.78,137.0,0.89,3233.15892733564,153.82667181166852,16.82667181166852,0.7320131002096472,153.82667181166852,16.82667181166852,0.7320131002096472,177.25099493923193,40.25099493923193,4.188665160426168
NGC 3198,6.1,140.0,2.84,3200.7606065573773,162.69478173368933,22.694781733689325,1.307023799945488,162.69478173368933,22.694781733689325,1.307023799945488,181.4405332528527,41.4405332528527,4.3579490223982775
NGC 3198,6.43,142.0,0.88,3146.8109797822704,168.3194994843775,26.319499484377506,1.7910080220101112,168.3194994843775,26.319499484377506,1.7910080220101112,185.16288680622517,43.162886806225174,4.816851367223392
NGC 3198,6.74,144.0,1.23,3025.744109792284,168.96020157447316,24.96020157447316,1.6077185111471963,168.96020157447313,24.96020157447313,1.6077185111471928,186.96058922612326,42.96058922612326,4.762711710128096
NGC 3198,7.06,146.0,1.57,2837.070892351275,167.00213001875235,21.00213001875236,1.1354680057955782,167.00213001875235,21.00213001875236,1.1354680057955782,187.06438050182484,41.06438050182484,4.340889861603075
NGC 3198,8.04,147.0,3.0,2323.096330845772,159.25159879352586,12.251598793525858,0.3800042354367702,159.25159879352586,12.251598793525858,0.3800042354367702,186.2831962315334,39.283196231533395,3.9067582434561006
NGC 3198,9.04,148.0,3.0,1936.6399336283189,150.46210085250402,2.4621008525040224,0.0153466850832937,150.46210085250402,2.4621008525040224,0.0153466850832937,185.73005203498195,37.73005203498195,3.603941333069483
NGC 3198,10.04,152.0,2.0,1690.2741434262946,144.4093153449135,-7.5906846550865055,0.1477397270076044,144.4093153449135,-7.5906846550865055,0.1477397270076044,187.0756259215747,35.0756259215747,3.1546141892057507
NGC 3198,11.04,155.0,2.0,1519.8021105072462,139.8597740091127,-15.140225990887302,0.5877601103977933,139.8597740091127,-15.140225990887302,0.5877601103977933,189.44590822666112,34.44590822666112,3.0423604963065642
NGC 3198,12.05,156.0,2.0,1371.5031120331948,137.95417448580528,-18.04582551419472,0.8350046627916949,137.95417448580528,-18.04582551419472,0.8350046627916949,191.43624230084703,35.43624230084703,3.219813508729078
NGC 3198,14.05,157.0,2.0,1077.665822064057,131.54112003104248,-25.45887996895752,1.6619347930097086,131.54112003104248,-25.45887996895752,1.6619347930097086,191.41569321117882,34.41569321117882,3.0370254851435385
NGC 3198,16.07,153.0,2.0,811.3698382078406,123.21849425690948,-29.78150574309052,2.2742002162198296,123.2184942569095,-29.781505743090506,2.274200216219828,187.42026048030309,34.420260480303085,3.037831619312601
NGC 3198,18.13,153.0,2.0,642.4174076116933,118.59530536218196,-34.404694637818054,3.035084649029504,118.59530536218196,-34.40469463781804,3.035084649029501,185.43396231122503,32.43396231122503,2.6973382338614504
NGC 3198,20.05,154.0,2.0,542.6129127182046,116.3385682905272,-37.66143170947281,3.636880611300728,117.15126491081408,-36.84873508918591,3.4816135324948743,185.4068009986619,31.406800998661907,2.5291978178706427
NGC 3198,22.12,153.0,2.0,454.6871609403255,112.64245533102157,-40.357544668978434,4.176234388996384,115.24564303786345,-37.75435696213656,3.65484992211392,184.8451945600599,31.845194560059895,2.600298504020688
NGC 3198,24.03,150.0,2.0,387.8049854348731,108.49236566927348,-41.50763433072653,4.417650532649507,112.71010087519598,-37.28989912480402,3.565478401892461,183.92834445940912,33.92834445940912,2.951621942964916
NGC 3198,26.1,149.0,2.0,335.05337164750955,104.96192530561434,-44.03807469438566,4.9726974943289495,110.62181837532664,-38.378181624673374,3.776627755939531,183.76793829968574,34.76793829968574,3.09951162464296
NGC 3198,28.16,148.0,2.0,295.19004616477275,102.5883457427206,-45.4116542572794,5.287739339442774,109.71271872386949,-38.28728127613053,3.758758737224449,184.0896349126615,36.089634912661495,3.3396455080235783
NGC 3198,30.08,146.0,2.0,260.5661236702128,99.71653760669768,-46.28346239330232,5.492715105415974,108.2134418368936,-37.78655816310639,3.661087122599544,183.64081732523218,37.64081732523218,3.6329003305423044
NGC 3198,32.14,147.0,2.0,228.8141412570006,96.35443904566864,-50.64556095433137,6.57685344712537,106.01232661012844,-40.98767338987156,4.307665051063552,182.99844400308794,35.99844400308794,3.3227896683165588
NGC 3198,34.06,148.0,2.0,206.58145038167936,94.08467973960254,-53.915320260397465,7.45349168918263,104.6640252408776,-43.33597475912241,4.815401816213575,183.06863287788065,35.068632877880646,3.1533564408296706
NGC 3198,36.12,148.0,2.0,188.69087486157247,92.3504509221119,-55.649549077888096,7.94069823736481,103.65702070295735,-44.342979297042646,5.041794392148597,183.82402285489408,35.82402285489408,3.2906682397640346
NGC 3198,38.19,149.0,2.0,173.33832416863055,90.38629740817105,-58.61370259182896,8.809143926983015,101.88800446440072,-47.11199553559929,5.69112852140084,184.6192884690596,35.6192884690596,3.2531633616463638
NGC 3198,40.1,150.0,2.0,161.06174563591023,88.111739155408,-61.888260844592,9.8209149496622,98.90794116321028,-51.09205883678972,6.693329426107647,185.3772654796488,35.3772654796488,3.209104904660386
NGC 3198,42.17,150.0,3.0,151.19172160303532,85.67079253541269,-64.32920746458731,10.476574513979536,94.5190534316945,-55.4809465683055,7.792747929405493,186.81806917326568,36.818069173265684,3.4318233358161443
NGC 3198,44.08,149.0,3.0,138.08807849364794,82.04333829780713,-66.95666170219287,11.34985961089089,88.8819076761909,-60.11809232380909,9.14983550545325,186.30621985751006,37.30621985751006,3.523427949511083
NGC 3521,0.51,143.0,33.1,75036.9568627451,156.881919497192,13.881919497192,0.1300664067646137,156.881919497192,13.881919497192,0.1300664067646137,200.18065349418035,57.18065349418035,2.206806874968122
NGC 3521,0.69,160.0,15.0,65938.96811594204,171.83687130942005,11.836871309420047,0.2293150939374328,171.83687130942008,11.836871309420076,0.2293150939374339,218.9143942410402,58.91439424104021,5.680696970194292
NGC 3521,0.86,178.0,7.92,60736.32197674418,187.1254308436112,9.125430843611127,0.1855774210778088,187.1254308436112,9.125430843611127,0.1855774210778088,235.04063856888268,57.040638568882684,7.250820206580016
NGC 3521,1.03,188.0,8.01,56950.99417475729,206.91074391816463,18.91074391816465,0.7944201086200254,206.91074391816463,18.91074391816465,0.7944201086200254,249.50602072504432,61.50602072504432,8.403655911373713
NGC 3521,1.2,187.0,8.03,49957.107083333336,216.11700825726524,29.11700825726524,1.88198915837198,216.11700825726524,29.11700825726524,1.88198915837198,253.1874312441799,66.18743124417989,9.724665473504071
NGC 3521,1.38,195.0,5.6,44536.205724637686,217.2204110024832,22.22041100248313,1.1830234452733213,217.2204110024832,22.22041100248313,1.1830234452733213,257.30080457355564,62.30080457355564,9.299861631474917
NGC 3521,1.55,199.0,7.52,40829.862,223.93562068753425,24.935620687534254,1.4050042188925518,223.93562068753425,24.935620687534254,1.4050042188925518,261.8824834551956,62.8824834551956,8.935042710373661
NGC 3521,1.71,203.0,6.87,38976.18105263159,238.8120726646233,35.81207266462329,2.960558001537542,238.8120726646233,35.81207266462329,2.960558001537542,269.20684841269895,66.20684841269895,10.11860144138173
NGC 3521,1.89,206.0,9.22,36522.711058201065,247.93816040715907,41.938160407159074,3.734135735873511,247.93816040715907,41.938160407159074,3.734135735873511,274.6490226353867,68.6490226353867,10.00552921942334
NGC 3521,2.06,211.0,12.0,35405.85436893204,248.5461909896172,37.546190989617145,2.659842373261901,248.5461909896172,37.546190989617145,2.659842373261901,282.6643024242654,71.66430242426537,9.69013630557843
NGC 3521,2.23,219.0,13.3,33892.828475336326,239.07368854331696,20.07368854331696,0.71586450591429,239.07368854331696,20.07368854331696,0.71586450591429,288.2566315783087,69.25663157830871,8.521169353823282
NGC 3521,2.41,216.0,9.9,31756.02875518672,229.47585324891887,13.475853248918952,0.3751960099716937,229.47585324891887,13.47585324891898,0.3751960099716953,290.8682972233042,74.86829722330418,11.580880413869583
NGC 3521,2.58,214.0,10.5,29172.613372093023,220.48046386904088,6.480463869040875,0.0846275303938422,220.48046386904088,6.480463869040875,0.0846275303938422,289.5538049788671,75.5538049788671,11.50302760057367
NGC 3521,2.75,213.0,8.39,27267.032000000003,217.5496257480472,4.549625748047134,0.0453537527211655,217.5496257480472,4.549625748047163,0.045353752721166,289.94297888383363,76.94297888383363,12.971788949716851
NGC 3521,2.92,210.0,13.3,25616.65982876712,217.28299447102367,7.28299447102367,0.0942315700491416,217.28299447102367,7.28299447102367,0.0942315700491416,290.49068831298916,80.49068831298916,11.509799259355772
NGC 3521,3.09,214.0,6.67,24474.106925566342,218.4778136409051,4.477813640905112,0.046576845541606,218.4778136409051,4.477813640905112,0.046576845541606,292.7785983023493,78.77859830234928,14.416324208319677
NGC 3521,3.26,213.0,9.98,23393.5018404908,219.50515852453967,6.505158524539667,0.0871438479650986,219.5051585245397,6.505158524539695,0.0871438479650994,294.72212231527345,81.72212231527345,13.753088497687635
NGC 3521,3.43,212.0,11.2,22591.87405247813,223.4230386899474,11.42303868994739,0.2551341563273013,223.4230386899474,11.42303868994739,0.2551341563273013,297.6548300349966,85.65483003499662,14.345279814492725
NGC 3521,3.61,215.0,9.11,21559.562576177286,231.11522228752568,16.115222287525683,0.5537415009258462,231.1152222875257,16.11522228752571,0.5537415009258481,299.0977867637762,84.09778676377618,15.080078616602645
NGC 3521,3.78,217.0,10.1,20886.215291005294,235.33991174008125,18.33991174008125,0.6892325211245057,235.33991174008125,18.33991174008125,0.6892325211245057,301.7982062030327,84.79820620303269,14.734812350673248
NGC 3521,3.95,219.0,8.05,20126.36903797468,226.4672821249628,7.4672821249627646,0.1236912003233975,226.4672821249628,7.4672821249627646,0.1236912003233975,303.51483677148224,84.51483677148224,15.844538649431373
NGC 3521,4.12,220.0,8.29,19445.467669902908,224.99648797908443,4.996487979084435,0.0549011854114071,224.99648797908443,4.996487979084435,0.0549011854114071,305.3285751128708,85.3285751128708,16.011831637673993
NGC 3521,4.29,218.0,8.42,18525.936456876458,224.83840041072403,6.838400410724034,0.1023508177726737,224.83840041072403,6.838400410724034,0.1023508177726737,305.03252686135886,87.03252686135886,16.57850823922699
NGC 3521,4.46,220.0,9.71,17623.207017937224,226.56061655439487,6.560616554394869,0.0896171444647033,226.5606165543949,6.5606165543948975,0.089617144464704,304.32697129127865,84.32697129127865,14.805899439852649
NGC 3521,4.64,220.0,20.1,16514.113728448276,230.09896545647368,10.098965456473678,0.1290984965899781,230.09896545647368,10.098965456473678,0.1290984965899781,301.79446838522165,81.79446838522165,8.468671356591718
NGC 3521,4.81,216.0,23.5,15499.902141372142,236.70988921368368,20.70988921368368,0.457127110304345,236.70988921368368,20.70988921368368,0.457127110304345,299.0090855029438,83.00908550294378,7.344000294202004
NGC 3521,4.98,220.0,14.6,14516.8066064257,244.9672503645799,24.96725036457991,1.04039587216706,244.96725036458,24.96725036457994,1.0403958721670623,295.84585954128585,75.84585954128585,9.601098887703554
NGC 3521,5.15,218.0,12.2,13666.825572815533,248.98849348759347,30.98849348759348,1.7954654263529717,248.98849348759347,30.98849348759348,1.7954654263529717,293.2445904521187,75.2445904521187,10.585873143944122
NGC 3521,5.32,213.0,23.1,12866.217781954889,246.1158850092158,33.11588500921579,1.1925292677804753,246.1158850092158,33.11588500921579,1.1925292677804753,290.55167290470024,77.55167290470024,6.540013669183259
NGC 3521,5.49,215.0,21.2,12147.55112932605,234.161604869906,19.16160486990597,0.4394894919927274,234.161604869906,19.16160486990597,0.4394894919927274,288.13179337550366,73.13179337550366,6.401727475722208
NGC 3521,5.67,216.0,18.3,11458.201199294534,221.7248131341903,5.724813134190299,0.0454625330097487,221.72481313419027,5.724813134190271,0.0454625330097482,285.7787046756548,69.77870467565481,6.75424492809201
NGC 3521,5.84,208.0,31.7,10873.266797945204,214.8194730451603,6.819473045160294,0.0334355790994743,214.8194730451603,6.819473045160265,0.033435579099474,283.8090093266165,75.80900932661649,4.131891015884094
NGC 3521,6.01,212.0,25.3,10334.040232945094,205.77383334020047,-6.226166659799532,0.0377794845243587,205.77383334020047,-6.226166659799532,0.0377794845243587,281.9471769747198,69.94717697471981,4.768205095783774
NGC 3521,6.19,213.0,23.8,9827.88323101777,207.1071407699017,-5.892859230098338,0.0364598188922716,207.1071407699017,-5.892859230098338,0.0364598188922716,280.31976929400594,67.31976929400594,4.758253892946731
NGC 3521,6.35,216.0,19.6,9404.124251968506,214.55498232544463,-1.445017674555373,0.0027112237454261,214.55498232544463,-1.445017674555373,0.0027112237454261,278.87373557908444,62.87373557908444,5.132838144890189
NGC 3521,6.64,210.0,25.0,8673.700195783133,213.14317240631428,3.143172406314278,0.0097720403321617,213.14317240631428,3.143172406314278,0.0097720403321617,276.00916080398986,66.00916080398986,4.3098014936172016
NGC 3521,8.82,210.0,10.7,5121.998117913833,191.83056619445588,-18.16943380554412,0.6596102316011295,191.8305661944559,-18.169433805544088,0.6596102316011275,259.1297649103696,49.1297649103696,4.822741313808836
NGC 3521,11.07,210.0,10.7,3364.9355103884377,180.18704506740377,-29.812954932596227,1.7758841971128567,180.1870450674038,-29.8129549325962,1.7758841971128536,248.8210385746888,38.8210385746888,3.011195100836132
NGC 3521,13.32,206.0,6.25,2380.0512687687688,167.8803993198488,-38.1196006801512,3.4185654015919624,167.8803993198488,-38.1196006801512,3.4185654015919624,241.76918203718662,35.769182037186624,3.009991198022395
NGC 3521,15.49,206.0,6.25,1771.460826339574,156.2522028274341,-49.747797172565896,5.822304539974134,156.2522028274341,-49.747797172565896,5.822304539974134,236.00277900931007,30.002779009310075,2.117727977136297
NGC 3521,17.74,206.0,10.7,1324.9288218714769,144.3917148939517,-61.6082851060483,7.58372953247444,144.3917148939517,-61.6082851060483,7.58372953247444,229.7063328773717,23.706332877371693,1.1228800145712283
NGC 3726,3.5,102.0,7.0,5459.295114285714,192.8334285049744,90.83342850497436,18.96715341142136,192.8334285049744,90.83342850497434,18.967153411421343,167.22183681423036,65.22183681423036,9.779052867636999
NGC 3726,5.24,125.0,6.1,5132.198492366412,213.6403420863137,88.6403420863137,18.565511791258984,213.6403420863137,88.6403420863137,18.565511791258984,199.88223473270426,74.88223473270426,13.249566594749227
NGC 3726,6.98,145.0,4.9,4547.699154727793,242.08135482570248,97.08135482570248,22.986730701187643,242.08135482570245,97.08135482570243,22.98673070118763,220.49437143572703,75.49437143572703,13.900636858797391
NGC 3726,8.72,164.0,3.9,3893.8062844036695,277.362947614497,113.362947614497,32.03100095173896,277.362947614497,113.362947614497,32.03100095173896,232.77981194404157,68.77981194404157,11.790988587168124
NGC 3726,10.47,162.0,4.8,2973.681184336199,265.5921701959996,103.59217019599951,26.235423738306604,265.5921701959996,103.59217019599951,26.235423738306604,231.5984596016412,69.5984596016412,11.84222955926384
NGC 3726,12.19,160.0,4.8,2385.7942739950777,256.1797984426142,96.1797984426142,22.615278770931667,256.1797984426142,96.1797984426142,22.615278770931667,231.47802310820387,71.47802310820387,12.49048451852368
NGC 3726,13.94,156.0,4.8,1977.700903873745,245.2706659525369,89.27066595253692,19.48281781637354,245.2706659525369,89.27066595253694,19.482817816373554,232.26592440802645,76.26592440802645,14.21985924557697
NGC 3726,16.03,146.0,4.85,1542.7172177167809,222.36185682141328,76.36185682141326,14.238859103502294,222.36185682141328,76.36185682141326,14.238859103502294,229.39800088647274,83.39800088647274,16.983747051407697
NGC 3726,22.3,158.0,4.9,795.8956502242152,180.82538073967345,22.82538073967342,1.270695851103764,180.8253807396734,22.825380739673392,1.270695851103761,219.48056194633455,61.48056194633455,9.218944653147679
NGC 3726,27.52,168.0,10.6,501.8524309593024,160.7308994941437,-7.269100505856301,0.1060274142472115,164.0748253352758,-3.92517466472421,0.0309153947921037,212.25110062798186,44.251100627981856,3.9292076145512804
NGC 3726,30.08,169.0,10.6,413.88138297872337,151.07622142333614,-17.923778576663864,0.6446380898653071,158.04481216487446,-10.955187835125544,0.2408221777487813,209.71187112255978,40.711871122559785,3.3258215954328545
NGC 3726,32.52,167.0,15.2,351.41454489544896,140.61148802038517,-26.38851197961484,1.1285387730103,149.78046960259624,-17.21953039740376,0.4805397172097628,207.96015547725557,40.96015547725557,2.719004175938269
NGC 3741,0.23,13.1,2.19,611.141304347826,18.003333402674695,4.903333402674695,0.0615223090961895,18.003333402674695,4.903333402674695,0.0615223090961895,20.575179860819002,7.4751798608190025,0.14298585362441948
NGC 3741,0.47,17.3,2.39,457.9082978723405,20.67107572277055,3.371075722770549,0.029011489633976,21.27046327826153,3.970463278261533,0.0402453195702234,26.999983005676565,9.699983005676565,0.2402010821478687
NGC 3741,0.7,23.6,2.21,306.4921428571429,20.226842195699017,-3.373157804300984,0.029108867750611,21.827636562061727,-1.7723634379382744,0.0080363262566586,29.337086105011295,5.737086105011294,0.08420438942467513
NGC 3741,0.93,26.2,2.21,218.4568817204301,20.05547922234345,-6.144520777656545,0.0965890799524795,22.7666603373542,-3.4333396626458,0.0301568194743576,30.72722531725291,4.52722531725291,0.05243438930664028
NGC 3741,1.17,27.4,2.24,159.48760683760685,19.696076352825063,-7.703923647174935,0.1517845732813591,23.628977913872124,-3.771022086127875,0.0363682033086598,31.579155993912625,4.179155993912627,0.04466639051913733
NGC 3741,1.4,26.9,2.23,123.30285714285716,21.96132638419098,-4.938673615809019,0.0623841117465894,28.66745299461925,1.7674529946192514,0.0079900425021492,32.19034444992988,5.290344449929883,0.07158487045752766
NGC 3741,1.64,27.4,2.21,100.13719512195124,22.442084345210045,-4.957915654789954,0.0628854630823082,30.874304683241707,3.4743046832417086,0.0308807470858888,32.925965321131706,5.525965321131707,0.07812109198186944
NGC 3741,1.87,31.0,2.2,83.74898395721925,21.434174165934728,-9.565825834065272,0.2341239993032201,30.430984789306763,-0.5690152106932373,0.0008284165131518,33.5051726713515,2.5051726713515023,0.016057440674665906
NGC 3741,2.1,32.5,2.19,71.88352380952382,19.014409356337648,-13.485590643662352,0.465360721379854,26.99015954627324,-5.50984045372676,0.0776833285325107,34.081243474997116,1.581243474997116,0.006398044727726185
NGC 3741,2.33,33.0,2.19,66.21995708154508,19.739049626955328,-13.260950373044672,0.4499860791762087,28.75219194249418,-4.2478080575058215,0.0461720915162955,35.12100015287409,2.121000152874089,0.011511480407537097
NGC 3741,2.57,36.5,2.2,62.76610894941636,21.87436989662777,-14.625630103372233,0.5473059459642514,33.04763656723551,-3.4523634327644928,0.0304953773203598,36.36274553411711,-0.13725446588289003,4.820076861323668e-05
NGC 3741,2.8,38.9,2.21,61.09385714285714,23.125641976963944,-15.774358023036054,0.6365835065660689,35.39833128237445,-3.5016687176255488,0.0313691035475665,37.68322139270056,-1.2167786072994389,0.0037876960950357463
NGC 3741,3.26,41.5,2.21,55.62334355828221,23.85962302185656,-17.640376978143443,0.7961001737625378,37.29380759197136,-4.206192408028642,0.0452616378444602,39.66020130655816,-1.8397986934418427,0.008659495825975812
NGC 3741,3.73,42.7,2.2,49.99949061662199,24.228101652275,-18.471898347725,0.873019723080252,38.77635692931892,-3.923643070681088,0.0393894559054951,41.24185950688744,-1.458140493112566,0.00544001048422515
NGC 3741,4.21,44.7,2.22,47.835914489311165,25.04224561255083,-19.65775438744917,0.9884861462029292,40.156482949547474,-4.543517050452529,0.0528064658074287,43.30583928479232,-1.3941607152076827,0.004971969546925721
NGC 3741,4.67,46.7,2.24,44.863083511777305,24.930996472387484,-21.76900352761252,1.211939090683402,39.69025560454617,-7.009744395453836,0.1256631836766336,44.84444033924071,-1.8555596607592904,0.008805490225087394
NGC 3741,5.14,48.5,2.27,41.93097276264592,23.36709955222616,-25.13290044777384,1.614874093782024,36.20806045206609,-12.291939547933907,0.3862729327842427,46.2164544541342,-2.283545545865799,0.013331309214487556
NGC 3741,5.61,50.0,2.32,38.06354723707665,21.64347478431664,-28.35652521568336,2.054493309631926,32.53409529016301,-17.46590470983699,0.7794367537556772,47.07009784200092,-2.9299021579990807,0.021933348703078292
NGC 3741,6.07,50.2,2.4,34.45471169686985,21.71436021516448,-28.485639784835527,2.0712468704089355,32.845567375156854,-17.35443262484315,0.7687776488927412,47.69893391787707,-2.5010660821229322,0.015967254306579932
NGC 3741,6.54,50.1,2.57,30.88785932721713,21.086526365058265,-29.013473634941736,2.144093597317454,31.72177376144532,-18.37822623855468,0.8603030672197411,48.11513318303375,-1.9848668169662531,0.010034760852688658
NGC 3741,7.0,51.6,3.24,27.87074285714285,19.55309420047227,-32.046905799527735,2.5901901331150667,28.560505152900653,-23.03949484709935,1.338768060158542,48.460261947146016,-3.1397380528539856,0.024862584390269542
NGC 3769,1.74,87.5,9.4,9238.181264367817,149.32080307736223,61.82080307736223,8.05677479789611,149.32080307736223,61.82080307736223,8.05677479789611,144.93093648965575,57.43093648965575,6.953184218903095
NGC 3769,3.5,106.0,7.1,5439.545171428571,170.7299435160656,64.72994351606559,9.600984366978397,170.7299435160656,64.72994351606559,9.600984366978397,166.9919050634547,60.99190506345471,8.524122919432351
NGC 3769,5.24,116.0,5.3,3085.751183206107,155.23283392428218,39.232833924282176,3.71710318464659,155.23283392428218,39.232833924282176,3.71710318464659,165.99679226274793,49.99679226274793,6.036560256379945
NGC 3769,6.98,125.0,5.7,1904.29,134.1208814604839,9.1208814604839,0.198787255648161,134.1208814604839,9.1208814604839,0.198787255648161,162.28452293534028,37.28452293534028,3.3217894107766375
NGC 3769,8.72,126.0,4.4,1272.0121559633028,121.2171659220793,-4.782834077920697,0.0564325582615934,121.21716592207927,-4.782834077920711,0.0564325582615937,158.95449685543716,32.95449685543716,2.679097254280189
NGC 3769,10.47,123.0,4.4,899.7126456542501,111.78342747596926,-11.216572524030738,0.3103697927443292,111.78342747596923,-11.216572524030752,0.3103697927443299,156.17948662669116,33.17948662669116,2.715804057654375
NGC 3769,12.31,118.0,4.6,659.3297806661251,103.73462624188537,-14.265373758114634,0.499805699132296,103.73462624188537,-14.265373758114634,0.499805699132296,153.99959776856352,35.99959776856352,3.18295274461726
NGC 3769,14.52,115.0,6.4,480.0480716253444,97.50858328728206,-17.491416712717935,0.7165768657905853,99.32617125700256,-15.673828742997443,0.5753909206127337,152.16768947154875,37.167689471548755,3.2355188791771505
NGC 3769,17.07,122.0,15.2,360.13159929701226,93.47137933043074,-28.528620669569264,1.3190104325621916,98.41797076084885,-23.582029239151154,0.9012577839948464,151.7362831435368,29.73628314353681,1.4330457266831833
NGC 3769,31.82,121.0,10.2,116.34577309868006,75.95297117330752,-45.04702882669248,4.140957485333572,96.46646066231712,-24.533539337682868,1.2282559636634414,151.05714797785384,30.057147977853845,1.8435885735095165
NGC 3769,34.61,118.0,10.4,98.58629586824615,72.15403800590104,-45.84596199409896,4.253383987300401,93.6345667017472,-24.36543329825281,1.2013808074542796,150.62058562725332,32.62058562725332,2.1533564162719885
NGC 3769,37.16,113.0,10.5,85.6358288482239,66.09781572096918,-46.90218427903082,4.432876352935347,83.80371469883231,-29.19628530116769,1.717729119168122,150.25547082590464,37.25547082590464,2.7969170911029355
NGC 3877,0.87,37.8,9.0,11928.15735632184,110.11521314474032,72.31521314474033,11.198051503574357,110.11521314474034,72.31521314474034,11.19805150357436,113.83106321799873,76.03106321799874,12.378420929463212
NGC 3877,1.74,80.1,9.0,7597.931264367817,123.83506944983904,43.735069449839045,4.095837901032644,123.83506944983904,43.735069449839045,4.095837901032644,134.02387111568697,53.92387111568698,6.226517935976918
NGC 3877,2.61,121.0,8.5,5702.681992337165,130.07470895612607,9.074708956126074,0.1797061486926236,130.0747089561261,9.074708956126102,0.1797061486926247,146.82232401687423,25.822324016874234,1.4550843810855207
NGC 3877,3.5,142.0,7.3,5055.686628571429,140.7671290491899,-1.23287095081011,0.0034600623309235,140.7671290491899,-1.23287095081011,0.0034600623309235,162.43767487328304,20.437674873283044,0.9508492208473333
NGC 3877,4.37,153.0,6.2,4788.841464530891,152.65848445980842,-0.3415155401915797,0.000274792348017,152.65848445980842,-0.3415155401915797,0.000274792348017,177.8549818478024,24.854981847802406,1.4554945873494183
NGC 3877,5.24,160.0,5.3,4942.9922328244265,167.490357388271,7.490357388271008,0.1354909652588231,167.490357388271,7.490357388271008,0.1354909652588231,197.07944318412783,37.079443184127825,3.3202567240091856
NGC 3877,6.11,162.0,5.3,5463.673486088379,191.652452120335,29.652452120335,2.123373944670868,191.652452120335,29.652452120335,2.123373944670868,221.00993243722985,59.00993243722985,8.409215692835934
NGC 3877,6.98,167.0,4.5,5458.432234957019,208.15393488851635,41.153934888516346,4.168975647527983,208.15393488851635,41.153934888516346,4.168975647527983,236.13513438004847,69.13513438004847,11.76533367568581
NGC 3877,7.85,169.0,5.3,5077.09025477707,214.8622194185492,45.86221941854919,5.079434832995606,214.8622194185492,45.86221941854916,5.079434832995599,243.6564002972798,74.65640029727979,13.45982299825564
NGC 3877,8.72,171.0,4.9,4718.0817087155965,219.62848864542008,48.62848864542008,5.767493251232286,219.62848864542008,48.62848864542008,5.767493251232286,249.8449921083649,78.84499210836489,15.161905271988786
NGC 3877,9.6,171.0,4.9,4329.252802083332,220.6253899681279,49.62538996812791,6.006388452693275,220.625389968128,49.625389968127934,6.006388452693282,253.91863951455778,82.91863951455778,16.769105092425022
NGC 3877,10.47,170.0,5.7,3721.239818529131,212.5178766778316,42.51787667783162,4.3197444077308855,212.5178766778316,42.51787667783162,4.3197444077308855,250.90729962985424,80.90729962985424,15.641929636060626
NGC 3877,11.35,169.0,7.0,3253.0344405286346,205.3383766583345,36.33837665833454,3.035580731409178,205.3383766583345,36.33837665833454,3.035580731409178,248.92591395268917,79.92591395268917,14.685406255569363
NGC 3893,1.74,145.0,6.8,23671.67683908046,177.2884337277853,32.2884337277853,2.4119538973569856,177.2884337277853,32.2884337277853,2.4119538973569856,216.45492044174065,71.45492044174065,11.812432110252374
NGC 3893,3.5,174.0,6.8,12743.266114285712,183.35502980063825,9.355029800638247,0.2024721973228523,183.35502980063825,9.355029800638247,0.2024721973228523,234.7194904081713,60.71949040817131,8.529651386794391
NGC 3893,5.24,194.0,6.4,8681.6088740458,185.17948997747845,-8.820510022521546,0.182221746902293,185.17948997747848,-8.820510022521518,0.1822217469022918,245.28116327418368,51.28116327418368,6.1592601338614505
NGC 3893,6.98,190.0,5.5,5320.545472779368,167.49720477291947,-22.50279522708053,1.2165184216983016,167.49720477291947,-22.50279522708053,1.2165184216983016,233.85563491329913,43.85563491329913,4.620580693450045
NGC 3893,8.81,186.0,5.8,3641.7433030646994,156.9339701964659,-29.066029803534093,2.0132353649316848,156.9339701964659,-29.066029803534093,2.0132353649316848,228.36904818940386,42.369048189403856,4.277800601649095
NGC 3893,10.9,188.0,7.0,2568.133073394495,149.07693099603452,-38.92306900396548,3.4827708061780656,149.07693099603452,-38.92306900396548,3.4827708061780656,224.51386501241964,36.51386501241964,3.064970892287824
NGC 3893,13.12,187.0,8.5,1815.0300685975608,141.116077797845,-45.88392220215499,4.59429201670139,141.11607779784498,-45.88392220215502,4.594292016701396,218.9592596200839,31.959259620083913,2.228901855895092
NGC 3893,15.33,179.0,12.6,1309.372061317678,129.6602346665775,-49.33976533342249,4.4687797253050885,129.66023466657754,-49.33976533342246,4.468779725305083,212.72493723845415,33.724937238454146,2.0878394003555165
NGC 3893,17.3,176.0,11.7,1031.0104624277456,120.34780602816936,-55.65219397183063,5.923170636038672,120.3478060281694,-55.65219397183061,5.923170636038669,209.46842035985182,33.46842035985182,2.1422003889608594
NGC 3893,19.05,167.0,13.5,851.1091916010498,113.20775025625656,-53.792249743743454,5.092135736899722,113.20775025625656,-53.79224974374344,5.092135736899721,207.08294277253,40.082942772530004,2.827351168158232
NGC 3917,0.87,24.3,3.9,1460.0110344827588,59.3085307074626,35.0085307074626,3.054752429638722,59.30853070746261,35.00853070746261,3.0547524296387243,52.49105005442358,28.19105005442358,1.980846198178051
NGC 3917,1.74,49.6,3.9,1298.8802298850574,76.84923707625549,27.24923707625549,1.850703923725672,76.8492370762555,27.249237076255504,1.850703923725674,71.4825401967023,21.8825401967023,1.1935035653654995
NGC 3917,2.61,73.6,5.2,1401.0041762452108,90.58695416913731,16.98695416913732,0.6986166277948183,90.58695416913731,16.98695416913732,0.6986166277948183,89.70930922741661,16.109309227416617,0.6282922810975454
NGC 3917,3.5,101.0,4.4,1568.3150857142855,104.04655855706152,3.046558557061516,0.0228969780975052,104.04655855706152,3.046558557061516,0.0228969780975052,107.7691513238129,6.769151323812906,0.11303880413626904
NGC 3917,4.37,107.0,3.5,1695.329633867277,119.12151491335683,12.121514913356831,0.3689419304324723,119.12151491335683,12.121514913356847,0.3689419304324732,123.54329106399244,16.54329106399244,0.6872077318969797
NGC 3917,5.24,115.0,3.5,1806.143702290076,140.88770619346263,25.88770619346264,1.6827955604746858,140.8877061934626,25.88770619346261,1.682795560474682,138.15076302378264,23.150763023782645,1.3457823693241475
NGC 3917,6.11,123.0,3.9,1806.086415711948,161.5034199453799,38.5034199453799,3.695105674061661,161.50341994537996,38.50341994537996,3.695105674061672,149.17761875932098,26.17761875932098,1.708002601900136
NGC 3917,6.98,130.0,3.9,1703.70664756447,176.84021438372446,46.84021438372446,5.468472080738934,176.8402143837245,46.840214383724486,5.468472080738941,156.39145641613757,26.391456416137572,1.7360209659901025
NGC 3917,7.85,134.0,3.5,1579.3011464968154,188.2384450110792,54.238445011079165,7.386839716810693,188.2384450110792,54.238445011079165,7.386839716810693,161.7663059156631,27.76630591566311,1.9358888743306673
NGC 3917,8.72,136.0,3.9,1407.366662844037,191.7778573407783,55.7778573407783,7.75446616367542,191.77785734077835,55.777857340778326,7.754466163675428,164.21477422149616,28.214774221496157,1.9841815617008651
NGC 3917,9.6,137.0,4.0,1287.4145208333334,192.4559791291533,55.45597912915329,7.650163236748969,192.4559791291533,55.45597912915332,7.650163236748977,167.42700277046055,30.427002770460547,2.302991287546303
NGC 3917,10.47,136.0,3.5,1157.4616427889205,190.57381794316808,54.57381794316808,7.478472328673081,190.5738179431681,54.57381794316811,7.478472328673089,169.01377510297587,33.01377510297587,2.736746632893583
NGC 3917,11.35,137.0,3.5,1032.282731277533,187.38458093914096,50.38458093914096,6.374403004175384,187.384580939141,50.38458093914099,6.374403004175391,169.73112990774072,32.73112990774072,2.690086290112741
NGC 3917,12.19,137.0,3.5,918.52118949959,183.18200041503368,46.182000415033656,5.355372661228295,183.1820004150337,46.18200041503371,5.3553726612283095,169.6051474781033,32.605147478103305,2.669417808082527
NGC 3917,13.12,137.0,5.0,788.365762195122,176.02994189488552,39.029941894885525,3.706414511722969,176.02994189488555,39.02994189488555,3.7064145117229743,167.85949446307953,30.85949446307953,2.317052064517849
NGC 3917,13.94,138.0,5.0,694.4821879483503,169.7727373385474,31.772737338547387,2.456221016993488,169.7727373385474,31.772737338547387,2.456221016993488,166.47168936551495,28.471689365514948,1.972353029991185
NGC 3917,14.86,137.0,7.5,593.6492934051143,159.81691286216704,22.816912862167044,1.1771882703442034,159.83342980951204,22.83342980951204,1.178893198113992,163.95056887305796,26.95056887305796,1.6423587621965872
NGC 3953,3.5,181.0,7.5,11904.2784,200.66157200990023,19.661572009900222,0.8741151247043346,200.66157200990023,19.661572009900222,0.8741151247043346,228.12471633002443,47.12471633002443,5.021455939367487
NGC 3953,5.24,203.0,6.5,9147.012385496184,215.79541531767512,12.795415317675122,0.3823062537111386,215.79541531767515,12.79541531767515,0.3823062537111403,250.50070248310956,47.50070248310956,5.268690569501205
NGC 3953,6.98,216.0,5.6,7520.256747851003,226.7853614024964,10.785361402496392,0.2787138695190218,226.7853614024964,10.78536140249642,0.2787138695190232,267.34436629293214,51.344366292932136,6.316474865877865
NGC 3953,8.72,223.0,6.1,6852.61490825688,241.3847269763598,18.384726976359783,0.7986535904049792,241.38472697635976,18.38472697635976,0.7986535904049767,288.09791305405344,65.09791305405344,10.013322662491673
NGC 3953,10.47,224.0,5.6,5883.889589302769,243.0502872262757,19.050287226275746,0.8695453407216904,243.05028722627577,19.05028722627577,0.869545340721693,297.60646082968697,73.60646082968697,12.981385556527318
NGC 3953,12.19,223.0,6.1,4906.096800656276,239.6072034409372,16.607203440937212,0.6516840484125536,239.6072034409372,16.607203440937212,0.6516840484125536,299.7490007904932,76.7490007904932,13.9184072265285
NGC 3953,13.94,224.0,6.1,4004.600430416069,232.0310034735557,8.0310034735557,0.1523995576481267,232.0310034735557,8.0310034735557,0.1523995576481267,297.3461033674338,73.34610336743378,12.711540084559159
NGC 3953,15.68,215.0,9.7,3141.721147959184,218.38214628953327,3.382146289533324,0.0238266023533171,218.38214628953327,3.382146289533324,0.0238266023533171,288.9829251178276,73.98292511782762,11.400931510737756
NGC 3972,0.87,39.6,4.9,2669.282873563218,75.94349987130212,36.34349987130212,3.221506750799584,75.94349987130212,36.34349987130212,3.221506750799584,64.28496882387496,24.68496882387496,1.4861776196572738
NGC 3972,1.74,73.0,5.2,2172.058045977012,93.17593729218184,20.175937292181843,0.9855424308010216,93.17593729218189,20.17593729218187,0.9855424308010244,84.69788091625796,11.697880916257958,0.33130064383825325
NGC 3972,2.61,89.4,6.6,2131.62030651341,105.63993778193736,16.239937781937343,0.61396680128782,105.63993778193732,16.23993778193733,0.613966801287819,103.07446116290653,13.674461162906525,0.435307961858271
NGC 3972,3.5,102.0,5.3,2046.7755714285715,116.7909654503936,14.7909654503936,0.5283215217820695,116.7909654503936,14.7909654503936,0.5283215217820695,117.73472329866055,15.734723298660555,0.5978930118703937
NGC 3972,4.37,110.0,4.4,1843.1584439359272,114.68258577234484,4.682585772344851,0.0540916950744188,114.68258577234484,4.6825857723448365,0.0540916950744185,127.01657541684907,17.016575416849065,0.7143374751265836
NGC 3972,5.24,116.0,4.4,1966.729713740458,142.6822563167086,26.68225631670859,1.7563222867341015,142.6822563167086,26.68225631670859,1.7563222867341015,142.1375187500943,26.1375187500943,1.685341144689982
NGC 3972,6.11,123.0,4.4,1953.9404255319143,177.29479621652362,54.29479621652362,7.27236258188728,177.29479621652362,54.29479621652362,7.27236258188728,153.1486531857562,30.14865318575619,2.242306317631258
NGC 3972,6.98,130.0,3.9,1623.1970773638966,172.37047612011605,42.37047612011605,4.474607429140162,172.37047612011605,42.37047612011605,4.474607429140162,153.91722546457746,23.917225464577456,1.4257712268473675
NGC 3972,7.85,134.0,6.1,1320.352866242038,158.81951779935434,24.819517799354344,1.4555621648648829,158.81951779935434,24.819517799354344,1.4555621648648829,152.6327764066127,18.63277640661269,0.8203500782562383
NGC 3972,8.72,134.0,4.9,1083.0060779816513,151.3691994060138,17.36919940601379,0.7358090973534057,151.36919940601376,17.369199406013763,0.7358090973534033,151.03383538950143,17.033835389501434,0.707669442395628
NGC 3992,9.19,248.0,7.0,5176.493155603918,289.6066630153468,41.60666301534678,3.979573350052013,289.6066630153468,41.60666301534678,3.979573350052013,265.56658904780363,17.56658904780363,0.7093909213204932
NGC 3992,13.79,264.0,6.6,4414.391189267585,317.244122184467,53.24412218446702,6.599628799689107,317.244122184467,53.24412218446702,6.599628799689107,306.5243440899197,42.52434408991968,4.2097025800304655
NGC 3992,18.35,272.0,5.7,3276.609798365122,350.27266576626914,78.27266576626914,14.639800726798924,350.27266576626914,78.27266576626914,14.639800726798924,317.3272933200321,45.327293320032084,4.909468612679455
NGC 3992,22.94,271.0,5.7,2437.720601569311,336.6455813649948,65.64558136499477,10.297360397496112,336.6455813649947,65.64558136499471,10.297360397496096,319.90212877017524,48.90212877017524,5.714397472471984
NGC 3992,27.52,264.0,5.3,1655.6918095930232,296.77146362845656,32.77146362845656,2.593563786498711,296.77146362845656,32.77146362845656,2.593563786498711,307.62041636950573,43.62041636950573,4.594993175998077
NGC 3992,32.11,242.0,7.4,1167.7669915914046,258.9024417870056,16.902441787005557,0.6481816370884645,258.9024417870056,16.902441787005557,0.6481816370884645,296.8184872182733,54.818487218273276,6.817920276113964
NGC 3992,36.7,244.0,5.3,877.3893760217983,233.7336889135262,-10.266311086473792,0.2545271398108013,233.7336889135262,-10.266311086473792,0.2545271398108013,290.139515568696,46.13951556869603,5.141043968494634
NGC 3992,41.44,241.0,6.2,676.0272007722007,214.84387667058832,-26.156123329411685,1.6118716134751536,214.84387667058832,-26.156123329411685,1.6118716134751536,284.694932544745,43.69493254474497,4.498273325063173
NGC 3992,46.02,237.0,8.6,540.3624728378965,199.90672349665005,-37.09327650334996,2.9913713404512867,201.8552465033964,-35.14475349660367,2.6853502442321853,280.54711057447895,43.54711057447895,4.12286033434624
NGC 4010,0.87,39.3,6.6,1232.8304597701149,48.12315717988199,8.823157179881989,0.1812275412536155,48.12315717988199,8.823157179881989,0.1812275412536155,49.70828221902204,10.408282219022041,0.2521937302141968
NGC 4010,1.74,54.6,5.6,2350.924712643678,88.17940202994703,33.579402029947026,2.7016873698696817,88.17940202994703,33.579402029947026,2.7016873698696817,87.01426119744247,32.414261197442464,2.5174533471727623
NGC 4010,2.61,65.5,6.7,2715.4881226053644,114.89956146071276,49.39956146071276,5.663433062987625,114.89956146071276,49.39956146071276,5.663433062987625,112.01190233360725,46.51190233360725,5.020671305184664
NGC 4010,3.5,83.9,5.2,2582.927371428571,143.08635935421665,59.18635935421665,8.481079637823136,143.08635935421665,59.18635935421665,8.481079637823136,127.47576975965774,43.57576975965773,4.5972489592937755
NGC 4010,4.37,94.3,6.3,2266.5631350114413,154.19197149734353,59.89197149734353,8.426432967273392,154.19197149734353,59.89197149734353,8.426432967273392,136.1858044331352,41.88580443313519,4.1213573563176205
NGC 4010,5.24,104.0,5.7,1933.0526145038168,152.5774554353261,48.5774554353261,5.63877076291212,152.5774554353261,48.5774554353261,5.63877076291212,141.316828354942,37.316828354942004,3.3275482770728178
NGC 4010,6.11,115.0,5.1,1699.637397708674,139.7274163826696,24.72741638266959,1.4840540786920615,139.72741638266956,24.72741638266956,1.4840540786920584,146.20523939995942,31.205239399959424,2.36345468801432
NGC 4010,6.98,127.0,5.1,1531.9200286532948,145.62125629494884,18.62125629494884,0.841608664843503,145.62125629494884,18.62125629494884,0.841608664843503,151.0268566985572,24.026856698557197,1.4011549302516997
NGC 4010,7.85,129.0,5.1,1395.9356050955416,175.8525917098988,46.8525917098988,5.327941918726434,175.8525917098988,46.8525917098988,5.327941918726434,155.39712959099884,26.397129590998844,1.691241597640802
NGC 4010,8.72,127.0,5.1,1224.2733256880736,172.3111884529936,45.311188452993605,4.983140698096408,172.3111884529936,45.311188452993605,4.983140698096408,157.0224810522949,30.022481052294893,2.1876880865401467
NGC 4010,9.6,124.0,5.1,1040.2297604166667,162.26541015656787,38.26541015656787,3.5538982414270706,162.26541015656787,38.26541015656787,3.5538982414270706,156.47492818441918,32.474928184419184,2.5596974844862586
NGC 4010,10.47,122.0,3.9,886.0899044890162,151.0606222883407,29.06062228834071,2.104932000163517,151.0606222883407,29.06062228834071,2.104932000163517,155.4434743185589,33.44347431855891,2.787732046798708
NGC 4013,5.49,198.0,10.0,8486.925500910747,237.6356243026385,39.63562430263852,3.232474719876356,237.6356243026385,39.63562430263852,3.232474719876356,248.78872548087878,50.78872548087878,5.307602131629765
NGC 4013,6.17,195.0,5.0,8041.63202593193,240.3803744542838,45.38037445428381,5.010653006352833,240.3803744542838,45.38037445428381,5.010653006352833,258.127408144403,63.12740814440298,9.696033233649722
NGC 4013,6.92,194.0,4.0,7389.939624277457,252.3651337385022,58.36513373850221,8.473852826649873,252.3651337385022,58.36513373850221,8.473852826649873,264.3627320767559,70.36273207675589,12.315706630112766
NGC 4013,7.69,195.0,3.0,6709.174382314694,253.95058578911525,58.95058578911525,8.797902695898323,253.9505857891152,58.95058578911522,8.797902695898312,268.3249930599279,73.32499305992792,13.611530651236652
NGC 4013,8.36,195.0,3.0,6093.328193779904,252.31438419545745,57.31438419545742,8.316300343555696,252.31438419545745,57.31438419545742,8.316300343555696,269.53006779443314,74.53006779443314,14.06261014036152
NGC 4013,9.12,195.0,3.0,5393.670559210526,247.7652595454265,52.76525954542652,7.048538265560062,247.7652595454265,52.76525954542652,7.048538265560062,268.69738218662957,73.69738218662957,13.750137066233279
NGC 4013,9.88,192.0,7.0,4634.501133603238,238.0569551989876,46.0569551989876,4.876420970578277,238.0569551989876,46.0569551989876,4.876420970578277,264.17982328417224,72.17982328417224,11.976843423757089
NGC 4013,10.56,188.0,8.0,3934.026837121212,223.3842471648076,35.38424716480753,2.7823221053782,223.3842471648076,35.38424716480756,2.782322105378204,257.1253369674483,69.12533696744828,10.618471579696159
NGC 4013,11.31,186.0,7.0,3323.295172413793,208.33378264893207,22.333782648932072,1.1466617181833088,208.33378264893204,22.333782648932043,1.1466617181833056,250.3873630756493,64.38736307564929,9.530419595024103
NGC 4013,12.08,186.0,6.0,2835.883617549669,196.44706964112888,10.447069641128875,0.2586285878829304,196.44706964112888,10.447069641128875,0.2586285878829304,244.65750971127295,58.65750971127295,8.153325700303508
NGC 4013,12.77,186.0,5.0,2491.559827721221,190.1099133941807,4.109913394180666,0.0410982679018628,190.1099133941807,4.109913394180666,0.0410982679018628,240.48254866589636,54.48254866589636,7.222258173069989
NGC 4013,13.47,185.0,6.0,2213.117364513734,185.6588030274164,0.6588030274164112,0.0010284867984194,185.6588030274164,0.6588030274164112,0.0010284867984194,237.16198944545857,52.16198944545857,6.447566689355763
NGC 4013,14.17,180.0,10.0,1980.5642413549751,180.2917878675412,0.2917878675411316,0.0001751855136711,180.2917878675412,0.2917878675411316,0.0001751855136711,234.28800154397962,54.28800154397962,6.064171011603156
NGC 4013,14.98,163.0,8.0,1755.3053738317756,172.1723114221556,9.172311422155587,0.1869584373889019,172.1723114221556,9.172311422155587,0.1869584373889019,231.3812409526326,68.3812409526326,10.391098031604438
NGC 4013,15.68,162.0,6.0,1587.433424744898,166.37058914759527,4.370589147595268,0.0452655201352548,166.37058914759527,4.370589147595268,0.0452655201352548,229.01145716082647,67.01145716082647,10.641079125159434
NGC 4013,16.37,164.0,5.0,1441.9956383628587,162.56635827834793,-1.4336417216520658,0.0050007994794683,162.56635827834793,-1.4336417216520658,0.0050007994794683,226.77713247908986,62.77713247908986,9.588730808509
NGC 4013,17.19,166.0,5.0,1294.4299999999998,157.02450944790257,-8.975490552097455,0.1960083470822157,157.02450944790257,-8.975490552097455,0.1960083470822157,224.43207913475544,58.43207913475544,8.307318423382778
NGC 4013,17.88,166.0,5.0,1186.580956375839,153.83810173598212,-12.16189826401788,0.3598826505701242,153.83810173598212,-12.16189826401788,0.3598826505701242,222.61821655806494,56.618216558064944,7.79956799565922
NGC 4013,18.58,166.0,5.0,1091.191528525296,151.29576928019583,-14.704230719804173,0.5260691023387658,151.29576928019583,-14.704230719804173,0.5260691023387658,220.98874804505843,54.98874804505843,7.35708615952048
NGC 4013,19.39,166.0,5.0,996.2223156266118,147.04191597949992,-18.95808402050008,0.8744743302392713,147.0419159794999,-18.95808402050011,0.874474330239274,219.38887046029865,53.38887046029865,6.935210435587712
NGC 4013,20.09,168.0,5.0,923.7322100547536,144.04778051208092,-23.95221948791908,1.3958852029135052,144.0477805120809,-23.95221948791911,1.3958852029135085,218.11724120795873,50.11724120795873,6.111284346220721
NGC 4013,20.79,172.0,5.0,858.4657335257335,142.145688657022,-29.854311342978008,2.1685642475996723,142.145688657022,-29.854311342978008,2.1685642475996723,216.90860022076888,44.908600220768875,4.907013074912025
NGC 4013,21.48,173.0,5.0,801.6045530726258,140.12899916253184,-32.87100083746816,2.628960331038522,140.12899916253184,-32.87100083746816,2.628960331038522,215.87995522981686,42.87995522981686,4.4736996606109445
NGC 4013,22.3,171.0,5.0,742.6910358744394,136.85961169037668,-34.14038830962332,2.835927284505753,136.85961169037668,-34.14038830962332,2.835927284505753,214.88954142203698,43.889541422036984,4.6868414750284675
NGC 4013,22.99,170.0,5.0,698.7454023488473,134.44929790688408,-35.55070209311592,3.075066713658093,134.44929790688408,-35.55070209311592,3.075066713658093,214.18239809025044,44.182398090250445,4.749596839429115
NGC 4013,23.69,172.0,5.0,659.0968383284087,132.82579464757922,-39.17420535242079,3.7338646350210056,132.82579464757922,-39.17420535242079,3.7338646350210056,213.6125697963704,41.612569796370394,4.213153199654009
NGC 4013,24.39,173.0,5.0,625.3490159901597,131.23258961986875,-41.76741038013125,4.244565863411912,131.23258961986875,-41.76741038013125,4.244565863411912,213.34392938195626,40.34392938195626,3.9601767347354584
NGC 4013,25.2,176.0,5.0,588.6560555555556,129.11655927790645,-46.88344072209355,5.348070593532993,129.18106288202208,-46.81893711797792,5.3333646541537005,212.96441605063922,36.964416050639215,3.3244964816660687
NGC 4013,25.9,178.0,5.0,556.8786795366796,127.4102290115954,-50.5897709884046,6.227067952942149,127.87539688195308,-50.12460311804693,6.113079897181802,212.3581749338406,34.35817493384059,2.8722242938792983
NGC 4013,26.59,180.0,6.0,527.6960135389244,125.7170149613753,-54.2829850386247,6.982565082235908,126.58022549135484,-53.41977450864515,6.762256655342403,211.75608738628463,31.756087386284634,2.3896897774534267
NGC 4013,27.41,180.0,8.0,495.6206676395476,124.4968113736789,-55.50318862632111,6.845786550419957,125.9673710309895,-54.0326289690105,6.487833318450562,211.04678463783262,31.046784637832616,2.142006302995465
NGC 4013,28.1,180.0,5.0,470.40740925266897,123.40398626704824,-56.596013732951775,7.793451996254175,125.44519357204172,-54.55480642795828,7.241427991221407,210.42691883346436,30.426918833464356,2.2525483934263453
NGC 4013,28.8,180.0,5.0,447.1279201388888,122.27016852077644,-57.72983147922356,8.10884049299161,124.89835621804984,-55.10164378195016,7.387326392878167,209.88372261759346,29.883722617593463,2.1728391179690196
NGC 4013,29.61,178.0,5.0,422.4109084768659,120.52792045366311,-57.472079546336886,8.036593497276094,123.7018849346322,-54.29811506536781,7.1734435514645325,209.307647887094,31.307647887093992,2.3848389689106106
NGC 4013,30.31,174.0,5.0,403.3385879247774,118.9293347312722,-55.07066526872781,7.379022319076067,122.4513780414448,-51.54862195855519,6.4653538341266135,208.93756073835144,34.937560738351436,2.969910341474442
NGC 4013,31.01,170.0,10.0,383.1152595936794,117.29149179227574,-52.708508207724265,5.716433821982997,121.3104251459132,-48.6895748540868,4.877931480394489,208.2050661603587,38.20506616035871,3.003347901887626
NGC 4088,1.74,84.9,11.3,10805.68643678161,150.55230182294426,65.65230182294425,8.390711780745136,150.55230182294423,65.65230182294422,8.390711780745129,154.51740930372517,69.61740930372517,9.43484139882497
NGC 4088,3.5,136.0,9.9,9284.935114285716,195.4681958485237,59.46819584852369,7.306597627070454,195.4681958485237,59.46819584852369,7.306597627070454,205.97217827102435,69.97217827102435,10.115711931555158
NGC 4088,5.24,162.0,8.0,11133.27671755725,263.7126657939183,101.71266579391828,22.989925295345145,263.7126657939183,101.71266579391828,22.989925295345145,271.47272675665346,109.47272675665346,26.631728674526464
NGC 4088,6.98,179.0,6.5,10138.482020057309,294.7451709456849,115.74517094568488,31.282999643306056,294.7451709456849,115.74517094568488,31.282999643306056,301.47957132638385,122.47957132638385,35.02917779870344
NGC 4088,8.72,182.0,6.1,7006.974782110093,273.8558465336832,91.85584653368318,19.93690258363356,273.8558465336832,91.85584653368318,19.93690258363356,290.6190589105473,108.61905891054732,27.877649296124737
NGC 4088,10.47,179.0,7.0,5291.4558261700095,260.1677045037673,81.16770450376731,15.145278745772156,260.1677045037673,81.16770450376731,15.145278745772156,285.81993922279884,106.81993922279884,26.231033139223992
NGC 4088,12.19,174.0,6.2,4173.267744052502,246.6722885219212,72.67228852192122,12.442893033204603,246.6722885219212,72.67228852192119,12.442893033204594,282.28984020957466,108.28984020957466,27.62861533459432
NGC 4088,13.94,171.0,7.2,3060.056678622669,221.771798288211,50.77179828821099,5.887482873695378,221.771798288211,50.77179828821099,5.887482873695378,269.94871287577894,98.94871287577894,22.36170240218651
NGC 4088,15.68,168.0,6.1,2353.8139030612247,205.5825561554208,37.582556155420775,3.337464916177208,205.5825561554208,37.582556155420775,3.337464916177208,261.31934473749396,93.31934473749396,20.577255032336765
NGC 4088,17.42,165.0,5.6,1882.663478760046,194.6314556919416,29.63145569194154,2.103754951177628,194.6314556919416,29.63145569194154,2.103754951177628,255.39704231245275,90.39704231245275,19.579320631683373
NGC 4088,19.28,171.0,8.6,1515.2441338174272,185.41219890355305,14.41219890355302,0.4515859579867268,185.41219890355305,14.412198903553048,0.4515859579867285,250.1086341965711,79.1086341965711,13.605913567368683
NGC 4088,21.48,174.0,7.6,1199.2552141527,176.14542998107612,2.14542998107612,0.0103724306014518,176.1454299810761,2.1454299810760915,0.0103724306014515,244.82884283962318,70.82884283962318,11.305040963584007
NGC 4100,2.61,120.0,10.5,6112.6423371647525,168.4149535420681,48.414953542068105,4.723441262429446,168.41495354206808,48.41495354206808,4.723441262429441,150.7834069284594,30.783406928459414,1.9095579690138498
NGC 4100,3.5,148.0,7.5,5242.553714285713,179.58551093653776,31.58551093653776,2.255838329275628,179.58551093653773,31.58551093653773,2.2558383292756234,164.67543705427389,16.675437054273885,0.6287624668197864
NGC 4100,4.37,168.0,6.2,5362.762677345539,198.4727102757452,30.47271027574516,2.187791140207107,198.4727102757452,30.47271027574516,2.187791140207107,185.5926329435653,17.59263294356529,0.7291978463081208
NGC 4100,5.24,182.0,6.1,6096.409312977098,222.03007815625537,40.03007815625537,3.786316857342486,222.0300781562553,40.03007815625534,3.786316857342481,213.4294021214871,31.4294021214871,2.334083121178937
NGC 4100,6.11,190.0,5.2,6404.190965630114,252.4390300015837,62.43903000158366,9.438873880347336,252.4390300015837,62.43903000158366,9.438873880347336,234.89272653206595,44.89272653206595,4.879326204442325
NGC 4100,6.98,194.0,5.7,6207.818982808022,278.5462657587224,84.54626575872237,17.08062571087603,278.5462657587224,84.54626575872237,17.08062571087603,248.0548346240343,54.0548346240343,6.982066826523208
NGC 4100,7.85,195.0,6.1,5108.77152866242,270.1091268949824,75.10912689498241,13.329980253128635,270.1091268949824,75.10912689498241,13.329980253128635,244.22766947505107,49.22766947505107,5.72614881960463
NGC 4100,8.72,193.0,4.8,4263.171341743118,259.95503077998166,66.95503077998166,10.959750016497877,259.95503077998166,66.95503077998166,10.959750016497877,240.63305309671946,47.633053096719465,5.546909219917112
NGC 4100,9.6,192.0,3.9,3449.8612083333337,243.7646950678216,51.764695067821606,6.678755902057662,243.7646950678216,51.764695067821606,6.678755902057662,233.78973649452982,41.78973649452982,4.352788006984466
NGC 4100,10.47,192.0,3.5,2811.7521489971346,224.05201461373147,32.05201461373147,2.579614917260153,224.05201461373147,32.05201461373147,2.579614917260153,227.09067540382594,35.09067540382594,3.0919158827286246
NGC 4100,11.35,191.0,4.4,2376.054079295154,209.7654736841962,18.765473684196195,0.8687167026649395,209.76547368419625,18.765473684196223,0.8687167026649422,223.04699783631048,32.04699783631048,2.5335752672204674
NGC 4100,12.19,189.0,4.8,2095.1726004922066,201.16455559001065,12.16455559001065,0.3617651396011621,201.16455559001065,12.16455559001065,0.3617651396011621,221.46162415436058,32.46162415436058,2.5761711391036726
NGC 4100,13.12,185.0,5.3,1835.357995426829,191.6134185309094,6.613418530909399,0.1056227019850173,191.61341853090937,6.613418530909371,0.1056227019850164,219.77236733112264,34.77236733112264,2.9199389741614747
NGC 4100,13.94,182.0,4.5,1618.3076398852224,181.229258438093,-0.7707415619069877,0.0014622585975404,181.22925843809304,-0.7707415619069593,0.0014622585975403,217.30038305474622,35.30038305474622,3.0673650309213882
NGC 4100,14.86,179.0,6.6,1417.618068640646,169.14616485228248,-9.853835147717518,0.2260407559325662,169.14616485228248,-9.853835147717518,0.2260407559325662,214.87401259500854,35.87401259500854,2.9959604704042073
NGC 4100,15.68,176.0,6.2,1270.0900510204085,160.54985266660734,-15.450147333392664,0.5624047041361334,160.54985266660734,-15.450147333392664,0.5624047041361334,213.0479014224024,37.04790142240239,3.2337833375837457
NGC 4100,16.61,174.0,6.6,1132.675839855509,156.23138034106043,-17.76861965893957,0.7349935854922567,156.23138034106043,-17.76861965893957,0.7349935854922567,211.42374126473047,37.42374126473047,3.2603976400258166
NGC 4100,17.42,178.0,8.7,1029.8943111366243,152.68620493453952,-25.31379506546048,1.3879187780028404,152.68620493453955,-25.313795065460454,1.3879187780028377,210.12222175799658,32.122221757996584,2.234913319911432
NGC 4100,18.35,177.0,6.2,924.867673024523,149.47386241834425,-27.526137581655743,1.7851480778537383,149.47386241834425,-27.526137581655743,1.7851480778537383,208.53730938480015,31.537309384800153,2.3433274037145506
NGC 4100,19.16,169.0,5.9,840.2477035490605,148.90242856905803,-20.09757143094197,0.9598450070621296,148.90242856905803,-20.09757143094197,0.9598450070621296,206.85976065418672,37.859760654186715,3.406196328015742
NGC 4100,20.09,158.0,6.3,755.6022896963664,148.93367409134018,-9.06632590865982,0.1930941893914264,148.93367409134018,-9.06632590865982,0.1930941893914264,205.0381486271001,47.0381486271001,5.197649524924614
NGC 4100,21.02,158.0,7.6,683.7869885823026,147.97698883543495,-10.023011164565048,0.2263853272151514,147.97698883543495,-10.023011164565048,0.2263853272151514,203.4627863116241,45.462786311624086,4.657618846260128
NGC 4100,21.95,158.0,8.9,622.2926150341686,146.3313058474738,-11.6686941525262,0.2926816345848093,146.3313058474738,-11.6686941525262,0.2926816345848093,202.0936898208011,44.0936898208011,4.1793028568023445
NGC 4100,22.76,159.0,9.0,573.1689367311071,144.13731264403992,-14.862687355960077,0.4730181486959647,144.68801908249978,-14.311980917500222,0.4386141280147548,200.78710536015524,41.78710536015524,3.739105298459774
NGC 4157,1.74,96.4,12.1,12591.864942528737,138.72122365202677,42.32122365202676,3.364110312362408,138.72122365202677,42.32122365202676,3.364110312362408,164.6686824791334,68.26868247913339,8.753804412833595
NGC 4157,3.5,157.0,10.5,14266.326914285715,211.8845882149517,54.88458821495166,6.070162264029846,211.8845882149517,54.88458821495166,6.070162264029846,246.18893296933376,89.18893296933376,16.029553177245965
NGC 4157,5.24,192.0,8.4,11180.18711832061,228.69296367349293,36.69296367349298,2.948952127090143,228.69296367349293,36.69296367349298,2.948952127090143,271.94554776742916,79.94554776742916,13.998796670392275
NGC 4157,6.98,201.0,6.9,8950.710300859599,232.6328007789141,31.63280077891409,2.3076822147055367,232.6328007789141,31.63280077891412,2.3076822147055407,286.5926513978296,85.59265139782963,16.89560197714625
NGC 4157,8.72,201.0,7.3,7446.868451834862,237.18234372088617,36.182343720886166,2.9801770974444004,237.18234372088625,36.18234372088622,2.9801770974444097,297.65963646808433,96.65963646808433,21.26860461686407
NGC 4157,10.47,194.0,6.4,5331.7153104106965,220.15944160132835,26.159441601328325,1.6027646264130293,220.15944160132835,26.159441601328325,1.6027646264130293,286.6409724731091,92.64097247310912,20.101062817976768
NGC 4157,12.19,190.0,6.0,3845.64605414274,203.17447280162887,13.174472801628866,0.4112955772532198,203.1744728016289,13.174472801628896,0.4112955772532215,273.98239959763333,83.98239959763333,16.713373085726452
NGC 4157,13.94,186.0,6.4,2891.38118364419,189.8480264407776,3.848026440777545,0.0346807838882403,189.8480264407776,3.848026440777545,0.0346807838882403,264.6108668351306,78.6108668351306,14.473647143925975
NGC 4157,15.68,184.0,6.4,2234.475216836735,178.2833721885526,-5.71662781144741,0.0765407380893151,178.28337218855256,-5.716627811447438,0.0765407380893159,256.7165393198798,72.71653931987981,12.384521010538753
NGC 4157,17.42,182.0,7.3,1828.333094144661,171.3090116142417,-10.690988385758288,0.2601862839227358,171.30901161424168,-10.690988385758317,0.2601862839227372,252.9156725712291,70.9156725712291,11.448092640920063
NGC 4157,19.16,181.0,6.6,1494.2568162839248,163.16010373098416,-17.83989626901584,0.7409020832694972,163.16010373098416,-17.83989626901584,0.7409020832694972,248.19824158378535,67.19824158378535,10.512160517629152
NGC 4157,20.9,183.0,6.5,1228.4367511961725,154.60819913995394,-28.39180086004606,1.882298554761266,154.60819913995397,-28.39180086004604,1.8822985547612625,243.35891928251144,60.35891928251144,8.507178370000538
NGC 4157,22.65,185.0,6.5,1065.807033112583,150.3713176311895,-34.6286823688105,2.8001065793344244,150.3713176311895,-34.6286823688105,2.8001065793344244,242.19212992838953,57.192129928389534,7.637921134257536
NGC 4157,24.39,186.0,9.1,909.601225912259,144.64253537415482,-41.35746462584518,3.648471406919724,144.64253537415482,-41.35746462584518,3.648471406919724,239.18177977403045,53.181779774030446,6.03293807711754
NGC 4157,26.13,186.0,11.4,782.0625220053579,138.07030644260684,-47.929693557393165,4.452390736695898,138.07030644260684,-47.929693557393165,4.452390736695898,236.3097099205271,50.3097099205271,4.905548709759638
NGC 4157,27.87,184.0,13.6,679.9194079655541,131.99560566536374,-52.00439433463626,4.736683883481064,131.99560566536374,-52.00439433463626,4.736683883481064,233.87945405569354,49.87945405569354,4.357503042059063
NGC 4157,29.61,185.0,13.6,598.0968355285376,127.03220574150716,-57.967794258492845,5.885289987380825,127.03220574150716,-57.967794258492845,5.885289987380825,231.94898936697925,46.94898936697925,3.8605289382456394
NGC 4183,0.87,47.1,8.2,1769.8340229885057,60.10386316729584,13.00386316729584,0.3730925277419323,60.10386316729584,13.00386316729584,0.3730925277419323,55.913758222933055,8.813758222933053,0.17139337660471277
NGC 4183,1.74,65.9,6.6,1386.7222988505748,71.8931364936969,5.993136493696895,0.0836150596705501,71.8931364936969,5.993136493696895,0.0836150596705501,73.00508853598214,7.105088535982134,0.11752091233854349
NGC 4183,2.61,76.1,5.6,1289.3250957854405,84.03437012952119,7.934370129521199,0.1508391540929611,84.0343701295212,7.934370129521213,0.1508391540929616,87.34070538699916,11.240705386999167,0.3027445313334102
NGC 4183,3.5,85.7,5.6,1066.3628857142858,92.56769070445716,6.867690704457161,0.113008375532124,92.56769070445716,6.867690704457161,0.113008375532124,95.22066811999477,9.520668119994767,0.21718210046742542
NGC 4183,4.37,96.6,5.2,1052.59233409611,106.96798170428988,10.367981704289887,0.2602533522673103,106.96798170428988,10.367981704289887,0.2602533522673103,105.96491687325631,9.36491687325632,0.21233214226951608
NGC 4183,5.24,99.3,5.2,997.3734732824428,114.73746168565032,15.437461685650334,0.5769785572727145,114.73746168565032,15.437461685650334,0.5769785572727145,114.0901638650836,14.7901638650836,0.529607174017104
NGC 4183,6.11,103.0,5.2,957.8858428805236,119.71407848019231,16.714078480192327,0.6763519742446936,119.71407848019231,16.714078480192313,0.6763519742446924,121.65384703070177,18.65384703070177,0.8424511162231774
NGC 4183,6.98,107.0,5.2,930.042693409742,124.14375224484996,17.14375224484995,0.7115733125915109,124.14375224484996,17.143752244849964,0.7115733125915121,128.83869820320768,21.838698203207684,1.1546793027570854
NGC 4183,7.85,111.0,5.2,906.5673630573248,125.48040519714226,14.48040519714226,0.5076557589420506,125.48040519714225,14.480405197142248,0.5076557589420496,135.55236447767646,24.552364477676463,1.4594678516479491
NGC 4183,8.72,114.0,6.1,884.8669036697248,120.3025329075101,6.302532907510098,0.0938586542148051,120.3025329075101,6.302532907510098,0.0938586542148051,141.79855984224997,27.798559842249972,1.8259491252644144
NGC 4183,9.6,115.0,6.1,783.8363854166668,112.61081047742351,-2.3891895225764728,0.0134879293371829,112.61081047742351,-2.3891895225764728,0.0134879293371829,143.33378962116103,28.33378962116103,1.8969391892824192
NGC 4183,10.47,111.0,5.6,670.1451766953198,116.19470218796232,5.194702187962335,0.0646562459785812,116.19470218796232,5.194702187962335,0.0646562459785812,142.72385436716263,31.72385436716263,2.4113545522065927
NGC 4183,11.35,110.0,5.6,596.5315418502204,122.5341505937962,12.534150593796213,0.3764254626891938,122.5341505937962,12.534150593796213,0.3764254626891938,143.4929847234456,33.4929847234456,2.6877995631707887
NGC 4183,12.31,111.0,5.2,497.57615759545087,123.8090904783493,12.809090478349304,0.3972322266185812,126.85084890018464,15.850848900184644,0.6082931698055509,141.59821945504092,30.59821945504092,2.266732117516087
NGC 4183,13.12,109.0,4.8,430.6369283536587,121.84994097506592,12.849940975065934,0.4036793053556582,127.69389658028852,18.693896580288524,0.8543461992825224,140.11259760964109,31.112597609641085,2.3665013935542834
NGC 4183,14.05,108.0,4.4,376.91839145907466,117.72953432880988,9.72953432880989,0.233530289755995,125.9847009712947,17.9847009712947,0.797931391915553,139.48516266595846,31.485162665958455,2.4455187194145056
NGC 4183,14.98,109.0,5.2,340.6278838451268,114.82096487573348,5.820964875733466,0.0820347474446124,124.84261854948689,15.842618549486872,0.6076616368984735,139.8828541800347,30.882854180034712,2.3091000443184377
NGC 4183,16.03,111.0,5.3,299.87398627573293,111.2876424798706,0.2876424798706125,0.0001998072791569,123.58218657596754,12.58218657596754,0.3823116207405583,139.51756988996277,28.517569889962772,1.9639493647006963
NGC 4183,16.95,110.0,4.9,265.26571091445425,108.19799179823268,-1.802008201767308,0.00791988868378,122.79676414844234,12.796764148442335,0.3993979968070513,138.5518253502083,28.551825350208304,1.9882606054213252
NGC 4183,17.88,109.0,4.9,244.49289709172265,106.28133189645898,-2.7186681035410203,0.0180267707061079,122.2953483114096,13.295348311409612,0.4311267694000205,139.0612925981869,30.061292598186895,2.2040470053750063
NGC 4183,18.93,110.0,5.3,218.8207712625462,100.97786558338308,-9.022134416616908,0.1965729900058038,118.0100068271956,8.01000682719561,0.154942667950736,138.69463950182646,28.694639501826458,1.988413958655798
NGC 4183,19.97,112.0,10.2,195.5979619429144,92.809080546644,-19.190919453356003,0.7515537292163862,109.34217264045591,-2.657827359544072,0.0144152442109644,138.05828856918023,26.058288569180235,1.3856713802029819
NGC 4183,21.02,113.0,11.5,177.76590865842056,84.3412102345252,-28.6587897654748,1.584807005927029,98.97742879211486,-14.022571207885136,0.3794163112015614,137.928319838302,24.928319838302002,1.1990759864171368
NGC 4214,0.21,55.5,7.21,5107.419523809523,37.99349187706453,-17.50650812293547,0.6997464671854655,37.993491877064535,-17.506508122935465,0.699746467185465,39.94168613998655,-15.558313860013449,0.5526710448317338
NGC 4214,0.63,63.2,5.22,4635.322222222222,59.74457986131944,-3.455420138680566,0.0288928604074431,59.74457986131944,-3.455420138680566,0.0288928604074431,66.71447490707796,3.514474907077954,0.02988888492364542
NGC 4214,1.04,66.6,7.97,3412.15625,68.92242580076167,2.3224258007616783,0.0119986892712742,68.92242580076167,2.3224258007616783,0.0119986892712742,76.64712320336405,10.047123203364052,0.22456060366398164
NGC 4214,1.46,70.5,4.62,2414.9551369863016,72.41345468094748,1.9134546809474813,0.0089882389841122,72.41345468094748,1.9134546809474813,0.0089882389841122,80.44442248780754,9.944422487807543,0.24277132229143783
NGC 4214,1.88,76.1,4.69,1683.366170212766,66.65623254429623,-9.443767455703764,0.2185921477127098,66.65623254429623,-9.443767455703764,0.2185921477127098,80.84300750114474,4.743007501144746,0.05513807645689585
NGC 4214,2.3,78.8,4.52,1149.4854347826088,58.79785614104702,-20.002143858952977,0.9843893541286534,58.79785614104702,-20.002143858952977,0.9843893541286534,79.0423945200111,0.2423945200111035,0.0001445637514600612
NGC 4214,2.71,80.1,6.65,845.9752398523985,54.17648371132989,-25.9235162886701,1.5620491647204504,54.17648371132989,-25.9235162886701,1.5620491647204504,77.95996983045094,-2.14003016954905,0.01064502467114141
NGC 4214,3.14,80.1,6.28,625.9027070063695,50.37568274824629,-29.724317251753703,2.0767637243908936,50.3756827482463,-29.724317251753696,2.0767637243908927,76.56929487653323,-3.5307051234667597,0.029301254115459315
NGC 4214,3.55,80.1,5.09,482.4494929577464,47.448648603960216,-32.65135139603978,2.588224771466424,48.283341804092025,-31.81665819590797,2.45758638578663,75.35137921256167,-4.748620787438327,0.05474376294831637
NGC 4214,3.96,80.4,5.4,385.89318181818174,45.044486087869686,-35.35551391213032,3.0109171499923897,46.85975351763543,-33.54024648236457,2.709673701940864,74.55850530831994,-5.841494691680069,0.08219255283005689
NGC 4214,4.38,80.1,7.58,315.0182876712328,42.90570591362911,-37.19429408637088,3.119620130825586,45.636911380624376,-34.46308861937562,2.678289178342983,73.96242822000575,-6.137571779994246,0.08494586469962265
NGC 4214,4.8,80.4,8.9,262.98520833333333,41.11425466052832,-39.28574533947169,3.3175765501124683,44.679247755176256,-35.72075224482375,2.7427874313451577,73.55064517443903,-6.8493548255609795,0.10084405220531689
NGC 4214,5.22,80.6,9.37,223.2737547892721,39.09448212539528,-41.50551787460472,3.6359630340323714,43.08690728055984,-37.51309271944015,2.9701167850133965,73.24401372347614,-7.355986276523851,0.11420618011727646
NGC 4214,5.63,80.6,9.37,196.7352220248668,37.39680695889959,-43.203193041100405,3.939485228684668,41.323889391326304,-39.27611060867369,3.255852591151968,73.42248236341587,-7.177517636584128,0.10873173594735677
NGC 4217,0.87,47.8,8.2,27649.459080459776,122.2549968988573,74.4549968988573,12.230929669069038,122.2549968988573,74.4549968988573,12.230929669069038,164.11068419334623,116.31068419334623,29.84770818445927
NGC 4217,1.74,98.9,8.2,28221.64517241379,178.3987331631781,79.49873316317809,13.94415447566453,178.3987331631781,79.49873316317809,13.94415447566453,234.2467518404028,135.3467518404028,40.41731363901592
NGC 4217,2.61,146.0,7.7,26975.57670498085,210.6643934582713,64.66439345827129,9.390473132848523,210.6643934582713,64.66439345827132,9.390473132848532,281.1003353010345,135.10033530103448,40.989244309218584
NGC 4217,3.5,164.0,6.4,22794.211685714283,221.5382060960441,57.538206096044064,7.75399372482397,221.5382060960441,57.538206096044064,7.75399372482397,301.87073529798846,137.87073529798846,44.520188428911375
NGC 4217,4.37,174.0,5.95,16414.44089244851,210.0661566131089,36.06615661310886,3.086758272296191,210.0661566131089,36.06615661310886,3.086758272296191,292.1183293948495,118.11832939484952,33.10834591401373
NGC 4217,5.24,175.0,6.0,12174.115458015269,198.10121053390665,23.10121053390665,1.2646112041039803,198.10121053390668,23.10121053390668,1.2646112041039832,281.752044120182,106.752044120182,27.004736786344278
NGC 4217,6.11,184.0,6.4,9538.97101472995,189.3875212693236,5.387521269323543,0.0679815098075078,189.3875212693236,5.387521269323543,0.0679815098075078,275.1392523492084,91.13925234920839,19.45466394690998
NGC 4217,6.98,185.0,6.4,7718.301489971347,183.14779986422823,-1.8522001357717384,0.0080350509250347,183.14779986422823,-1.8522001357717384,0.0080350509250347,270.10843258124106,85.10843258124106,16.965161365082572
NGC 4217,7.85,188.0,6.65,6524.005668789809,181.883414847793,-6.116585152206994,0.0869610815896403,181.88341484779303,-6.116585152206966,0.0869610815896395,268.16716704001186,80.16716704001186,14.938257927516956
NGC 4217,8.72,190.0,7.35,5269.303887614678,179.41162266671546,-10.58837733328454,0.2547909130828851,179.41162266671546,-10.58837733328454,0.2547909130828851,260.42845642085507,70.42845642085507,11.272531458787407
NGC 4217,9.6,191.0,6.4,4288.16753125,173.09685789653528,-17.903142103464717,0.7507084906709084,173.09685789653528,-17.903142103464717,0.7507084906709084,253.02755233004524,62.02755233004524,9.011188982706813
NGC 4217,10.47,191.0,5.55,3591.753381088825,164.14619183161577,-26.85380816838424,1.7301408056438716,164.14619183161577,-26.85380816838424,1.7301408056438716,247.71773006925537,56.71773006925537,7.718046087077008
NGC 4217,11.35,189.0,5.95,3061.675506607929,159.46728329786626,-29.53271670213374,2.069710919627884,159.46728329786623,-29.53271670213377,2.069710919627888,243.62900472155056,54.62900472155056,7.081894760631921
NGC 4217,12.19,186.0,6.85,2653.853215750616,156.40927008232288,-29.590729917677123,2.022558996265872,156.4092700823229,-29.59072991767709,2.022558996265868,240.1466765882932,54.14667658829319,6.772257356818409
NGC 4217,13.12,183.0,6.4,2291.235221036585,153.38408647500432,-29.61591352499568,2.054296266441872,153.3840864750043,-29.615913524995705,2.054296266441876,236.8441923025064,53.8441923025064,6.790324725288761
NGC 4217,13.94,179.0,6.85,2023.8742109038733,149.24261958990238,-29.757380410097625,2.0454046367912544,149.24261958990235,-29.757380410097653,2.0454046367912584,234.0753174429916,55.075317442991604,7.0065441076550545
NGC 4217,14.86,177.0,7.25,1777.174380888291,139.98997163525934,-37.01002836474066,3.123254267200019,139.98997163525934,-37.01002836474066,3.123254267200019,231.40076437230303,54.40076437230303,6.748053388720729
NGC 4217,15.79,177.0,8.55,1575.555579480684,129.68112171689307,-47.318878283106926,4.877072640579148,129.68112171689307,-47.318878283106926,4.877072640579148,229.2485072914344,52.24850729143441,5.946180894643515
NGC 4217,16.72,178.0,12.0,1412.2394377990431,122.34098320211116,-55.65901679788884,5.845143680957872,122.34098320211116,-55.65901679788884,5.845143680957872,227.64495126920647,49.64495126920647,4.650228653814878
NGC 4559,0.67,43.8,10.9,5197.405970149253,84.49560144979611,40.69560144979612,3.280703586221841,84.49560144979611,40.69560144979612,3.280703586221841,71.81476921252562,28.01476921252562,1.5546983895546311
NGC 4559,1.32,64.2,7.71,4404.057272727273,107.5718904100192,43.371890410019205,4.223023445004022,107.5718904100192,43.371890410019205,4.223023445004022,94.75310741728,30.553107417280003,2.095644263448209
NGC 4559,1.97,73.3,8.62,3977.262182741116,120.4881016303219,47.18810163032191,4.837487835166445,120.4881016303219,47.18810163032191,4.837487835166445,111.5006971003747,38.2006971003747,3.1702787523964053
NGC 4559,2.62,84.2,8.4,3570.5631297709924,122.8228664897935,38.622866489793495,3.2673160502199345,122.82286648979348,38.62286648979348,3.267316050219932,123.65408364447369,39.454083644473684,3.409463632874378
NGC 4559,3.28,96.2,5.67,3458.994207317074,133.23202320162193,37.032023201621925,3.279622982161293,133.2320232016219,37.0320232016219,3.279622982161289,136.78504995194632,40.58504995194632,3.9391381385960305
NGC 4559,3.93,102.0,4.79,3370.736132315521,154.5779639470212,52.5779639470212,6.759951525928022,154.5779639470212,52.5779639470212,6.759951525928022,148.3464149131721,46.34641491317211,5.252527607817064
NGC 4559,4.58,104.0,5.67,3019.5490174672486,169.22108712552435,65.22108712552435,10.172907798717723,169.22108712552438,65.22108712552438,10.172907798717734,154.0063819297977,50.0063819297977,5.98025783090377
NGC 4559,5.22,106.0,5.37,2617.753601532567,174.25400627974705,68.25400627974705,11.2299782715466,174.25400627974707,68.25400627974707,11.229978271546608,156.4029596909496,50.40295969094959,6.123993178059832
NGC 4559,5.9,106.0,5.24,2290.6351186440675,172.91680640299123,66.91680640299123,10.83027371893855,172.91680640299123,66.91680640299123,10.83027371893855,158.81187688790405,52.81187688790405,6.74578080176331
NGC 4559,6.54,108.0,5.22,1988.935290519878,164.35725516602244,56.35725516602244,7.685789490892556,164.35725516602244,56.35725516602244,7.685789490892556,159.39303600781497,51.39303600781497,6.391420148512531
NGC 4559,7.19,111.0,4.68,1741.3830598052848,150.1444672012342,39.14446720123419,3.756509676011957,150.1444672012342,39.14446720123419,3.756509676011957,159.8789040519766,48.878904051976605,5.857154214641382
NGC 4559,7.87,114.0,4.61,1601.502986022872,140.50838668126974,26.50838668126974,1.7254535076521864,140.50838668126974,26.50838668126974,1.7254535076521864,162.7152587818404,48.71525878184039,5.8272908554226674
NGC 4559,8.51,116.0,4.47,1489.8488014101058,137.81754853539445,21.81754853539445,1.1724823115922265,137.81754853539442,21.817548535394423,1.1724823115922234,165.25245819747062,49.25245819747062,5.975169370021079
NGC 4559,9.16,117.0,5.22,1347.150152838428,136.73465386918443,19.734653869184427,0.942427274579928,136.73465386918443,19.734653869184427,0.942427274579928,165.94692378445887,48.946923784458875,5.797484873411793
NGC 4559,9.84,118.0,5.22,1181.951758130081,135.99702383323768,17.997023833237677,0.7837728273215939,135.99702383323765,17.997023833237648,0.7837728273215915,164.9432720213151,46.943272021315096,5.332557338557596
NGC 4559,10.48,120.0,4.5,1044.98106870229,134.82758304118462,14.827583041184624,0.5411870002294791,134.82758304118462,14.827583041184624,0.5411870002294791,163.72366495146042,43.72366495146042,4.705868004400168
NGC 4559,11.13,121.0,3.62,936.0958939802337,133.51349306840356,12.513493068403562,0.3923472373969918,133.51349306840356,12.513493068403562,0.3923472373969918,163.02042979456613,42.02042979456613,4.424197077556801
NGC 4559,11.78,122.0,3.17,838.3083955857387,133.0457722278606,11.045772227860596,0.3080657063048942,133.0457722278606,11.045772227860596,0.3080657063048942,162.0846673592022,40.0846673592022,4.0570256786419305
NGC 4559,12.43,122.0,2.74,754.8500160901046,131.44529810228582,9.445298102285818,0.2267139344730421,131.44529810228582,9.445298102285818,0.2267139344730421,161.23090703677275,39.23090703677275,3.9111419116883774
NGC 4559,13.08,122.0,3.18,688.4951987767585,129.45774705437398,7.457747054373982,0.1404096189036844,129.45774705437398,7.457747054373982,0.1404096189036844,160.8326760390795,38.8326760390795,3.806941485184759
NGC 4559,13.73,123.0,3.56,635.4380844865259,127.5679566367235,4.567956636723494,0.0523391261297116,127.56795663672352,4.567956636723508,0.0523391261297119,160.84162303726262,37.84162303726262,3.591881765169013
NGC 4559,14.38,124.0,4.31,586.0215924895688,125.07135436130736,1.0713543613073568,0.0028370439269454,125.26921869390584,1.2692186939058416,0.0039817381525009,160.65864720636108,36.65864720636108,3.321640638190059
NGC 4559,15.03,124.0,4.76,540.5606520292748,121.97867950559392,-2.0213204944060834,0.009997945813576,123.33103957141918,-0.6689604285808173,0.0010950684754352,160.3464191127348,36.34641911273479,3.232687174589615
NGC 4559,15.68,123.0,5.23,506.9610331632653,119.4642918778607,-3.5357081221392974,0.0302434842599672,121.68219173027909,-1.3178082697209137,0.004201297815365,160.6933705829023,37.693370582902304,3.4372328968782
NGC 4559,16.33,123.0,5.66,479.6869136558482,117.315613269833,-5.684386730166992,0.0772954564111252,120.22368997691504,-2.7763100230849744,0.0184383754500384,161.337766347205,38.33776634720499,3.515931008011958
NGC 4559,16.98,123.0,5.62,454.1522379269729,114.35843015244735,-8.641569847552645,0.1788302662411025,117.80858703524154,-5.191412964758456,0.0645396920255215,161.8954290673855,38.89542906738549,3.622870974911937
NGC 4559,17.72,121.0,5.67,427.1636681715575,113.82690950458164,-7.173090495418364,0.1230500122216303,118.17842608397856,-2.8215739160214355,0.0190393406835998,162.44838058497118,41.448380584971176,4.1085083641655284
NGC 4559,18.28,122.0,6.32,410.25245623632384,114.51951674675168,-7.480483253248323,0.1313737014726137,119.6365599568282,-2.363440043171792,0.0131140943885085,163.064230869775,41.064230869775,3.9589180530658186
NGC 4559,19.02,122.0,6.35,387.75136172450055,113.59016767127216,-8.40983232872783,0.1658961931338734,119.53621764227394,-2.4637823577260605,0.0142385717531732,163.6287529122694,41.62875291226939,4.064887659062745
NGC 4559,19.67,121.0,5.86,368.38560244026434,111.45492209916036,-9.54507790083963,0.2167497712161715,117.90622478510204,-3.0937752148979456,0.0227707431807919,163.95187446834606,42.95187446834606,4.3889833847311985
NGC 4559,20.32,120.0,5.94,349.0451624015748,106.1313498237688,-13.868650176231212,0.4565557683961067,112.31811053590654,-7.681889464093459,0.1400752978244348,164.06674093758,44.06674093757999,4.609430931704411
NGC 4559,20.97,119.0,6.13,329.59525512637106,99.6168735311108,-19.3831264688892,0.8869831940999454,105.00267379179004,-13.997326208209955,0.4625491639866132,163.94617133714115,44.94617133714115,4.769283494609004
NGC 5005,0.49,211.0,40.1,130900.17020408162,199.92438022244625,-11.075619777553754,0.061518925911575,199.92438022244625,-11.075619777553754,0.061518925911575,256.7232970071486,45.723297007148574,1.0484500525092257
NGC 5005,0.98,233.0,17.4,99183.29673469388,258.70852868647376,25.708528686473755,0.9595917986283232,258.70852868647376,25.708528686473755,0.9595917986283232,317.33606012398093,84.33606012398093,10.326631972291837
NGC 5005,1.47,227.0,14.4,65687.8349659864,251.0036027478356,24.0036027478356,0.9710343549883726,251.00360274783563,24.00360274783563,0.971034354988375,318.9479576690366,91.94795766903661,14.24839375675298
NGC 5005,1.97,234.0,10.8,48148.08593908629,238.7705323997464,4.770532399746372,0.0452768967392763,238.7705323997464,4.770532399746372,0.0452768967392763,318.83834416697863,84.83834416697863,14.319482414839085
NGC 5005,2.46,245.0,7.67,40513.580040650406,244.76356001535663,-0.23643998464334,0.0001256749872549,244.76356001535663,-0.23643998464334,0.0001256749872549,328.7312107191989,83.73121071919888,15.760926613587577
NGC 5005,2.95,244.0,23.3,35169.76518644067,250.143082626901,6.143082626900991,0.0406264080364012,250.143082626901,6.143082626900991,0.0406264080364012,337.2192195727061,93.2192195727061,9.355061307306991
NGC 5005,3.44,261.0,23.3,30973.507674418604,253.065249570868,-7.934750429132066,0.0677801078411991,253.065249570868,-7.934750429132066,0.0677801078411991,343.5781671031462,82.5781671031462,7.341185374064892
NGC 5005,3.93,259.0,22.7,26599.837633587787,250.6714891500599,-8.328510849940102,0.0769609037907554,250.6714891500599,-8.328510849940102,0.0769609037907554,342.76174682043893,83.76174682043893,7.784431459809064
NGC 5005,4.42,258.0,22.7,22954.71809954752,247.5033469494269,-10.496653050573087,0.1222466966948543,247.5033469494269,-10.496653050573087,0.1222466966948543,340.2933931321738,82.29339313217378,7.5138995808302615
NGC 5005,4.92,258.0,22.5,20365.627418699187,248.2388667670271,-9.761133232972895,0.1067859030449402,248.2388667670271,-9.761133232972895,0.1067859030449402,340.5039002064541,82.50390020645409,7.628908432924107
NGC 5005,5.74,261.0,22.4,17249.832648083622,258.13650259955017,-2.8634974004498304,0.0092362996332149,258.13650259955017,-2.8634974004498304,0.0092362996332149,342.05372749106897,81.05372749106897,7.4003184871997725
NGC 5005,6.56,263.0,22.4,14933.917957317077,266.5585141562122,3.5585141562121976,0.0142640161755008,266.5585141562122,3.5585141562121976,0.0142640161755008,343.6766395119798,80.67663951197977,7.331621342419051
NGC 5005,7.37,264.0,22.3,12837.778249660789,275.4099573545859,11.409957354585911,0.1473888834170761,275.4099573545859,11.409957354585911,0.1473888834170761,341.6624809579558,77.66248095795578,6.828403976660942
NGC 5005,8.19,265.0,22.2,11252.163626373624,279.4227242075045,14.422724207504473,0.2366926557345313,279.4227242075045,14.422724207504473,0.2366926557345313,340.88852549362844,75.88852549362844,6.553033887393716
NGC 5005,9.01,265.0,22.2,10012.81631520533,267.45233266645766,2.4523326664576643,0.0068430379898222,267.45233266645766,2.4523326664576643,0.0068430379898222,340.78209540423427,75.78209540423427,6.534666132466052
NGC 5005,9.83,264.0,22.0,8805.747436419126,260.765960541492,-3.234039458507993,0.0120218519760766,260.765960541492,-3.234039458507993,0.0120218519760766,337.87494696385346,73.87494696385346,6.2729974585197255
NGC 5005,10.65,264.0,21.9,7623.388225352114,249.6461178907581,-14.353882109241852,0.2380216628805274,249.6461178907581,-14.353882109241852,0.2380216628805274,332.0145307129619,68.01453071296191,5.344180852929656
NGC 5005,11.47,265.0,22.0,6572.522275501307,234.2524367408848,-30.7475632591152,1.0866812027279205,234.2524367408848,-30.7475632591152,1.0866812027279205,325.08903831016966,60.089038310169656,4.150221293150617
NGC 5033,0.76,206.0,16.0,113163.5680263158,227.8362545714606,21.83625457146061,0.7427134169932003,227.8362545714606,21.83625457146061,0.7427134169932003,297.8790739580288,91.87907395802881,13.14916546944693
NGC 5033,2.28,214.0,10.0,40969.90078947369,238.17206321469257,24.17206321469257,1.2022400001133615,238.1720632146926,24.1720632146926,1.2022400001133644,318.1253652584392,104.12536525843922,22.30883063827856
NGC 5033,3.8,222.0,8.0,22370.529947368417,230.06634144745303,8.066341447453055,0.1445908096597756,230.06634144745303,8.066341447453055,0.1445908096597756,311.93110465641314,89.93110465641314,17.972452410494963
NGC 5033,5.33,224.0,8.0,13184.5017260788,214.9370785676428,-9.062921432357255,0.1825256553090678,214.9370785676428,-9.062921432357255,0.1825256553090678,293.83211184124013,69.83211184124013,10.836719653794379
NGC 5033,6.85,225.0,8.0,8590.29700729927,208.4362609575166,-16.563739042483405,0.6096832245944201,208.43626095751665,-16.563739042483377,0.609683224594418,279.25381758264774,54.25381758264774,6.5410593828693715
NGC 5033,8.0,222.0,6.0,6365.8347,196.6173441257401,-25.38265587425994,1.5267280076566412,196.6173441257401,-25.38265587425994,1.5267280076566412,268.1536760344536,46.15367603445361,5.047776804486487
NGC 5033,10.28,220.0,3.0,4171.895038910506,174.37276591140463,-45.62723408859537,5.270492381203746,174.37276591140463,-45.62723408859537,5.270492381203746,259.2014864531848,39.20148645318483,3.8905228864284394
NGC 5033,12.56,218.0,2.0,3007.909984076433,165.87519052167156,-52.12480947832845,6.966655802953945,165.87519052167156,-52.12480947832845,6.966655802953945,254.68834522721951,36.688345227219514,3.4513709628503615
NGC 5033,14.91,219.0,2.0,2217.163266264252,157.8393217123749,-61.1606782876251,9.591355304108658,157.83932171237487,-61.16067828762513,9.591355304108667,249.67205976212722,30.67205976212722,2.4122442309012917
NGC 5033,17.15,217.0,2.0,1730.8360699708453,151.907702825506,-65.092297174494,10.864120901160618,151.907702825506,-65.092297174494,10.864120901160618,246.42543748092476,29.425437480924757,2.220144540881568
NGC 5033,19.39,218.0,2.0,1411.7361990716863,147.11402034065569,-70.88597965934431,12.884159262217889,147.11402034065566,-70.88597965934434,12.884159262217898,245.11996096464844,27.119960964648442,1.885877648010398
NGC 5033,21.64,220.0,2.0,1222.0175970425137,146.57887442911817,-73.42112557088183,13.82220943614153,146.57887442911817,-73.42112557088183,13.82220943614153,247.2160633371196,27.216063337119607,1.8992669322310411
NGC 5033,24.01,222.0,2.0,1035.6595626822154,144.38284254670546,-77.61715745329454,15.44723879776799,144.38284254670546,-77.61715745329454,15.44723879776799,247.11825043469048,25.11825043469048,1.6177602689739192
NGC 5033,26.25,218.0,3.0,873.9022095238096,138.443380762524,-79.55661923747599,16.02343206201705,138.443380762524,-79.55661923747599,16.02343206201705,245.0777946815829,27.0777946815829,1.8562201640960994
NGC 5033,28.5,217.0,3.0,737.8750631578947,130.7422918519779,-86.25770814802209,18.83643598721356,130.7422918519779,-86.25770814802209,18.83643598721356,242.45147637054615,25.451476370546146,1.6399434163049844
NGC 5033,30.87,207.0,3.0,622.8024263038549,122.45156503430316,-84.54843496569683,18.097311025692825,122.45156503430316,-84.54843496569683,18.097311025692825,239.72348079446527,32.723480794465274,2.710952393179083
NGC 5033,33.12,199.0,3.0,538.5177687198068,115.41816724517378,-83.58183275482622,17.68588042191327,115.4181790172835,-83.5818209827165,17.68587543996675,237.75889317051488,38.75889317051488,3.803169113426291
NGC 5033,35.36,191.0,3.0,467.5351951357465,109.46258571432818,-81.53741428567182,16.831265641501968,109.46261792170796,-81.53738207829204,16.831252344762987,235.62578217022636,44.62578217022636,5.041671985580995
NGC 5033,37.73,193.0,3.0,407.77256824807847,105.15818943096356,-87.84181056903644,19.53464223809236,105.1582420378708,-87.8417579621292,19.534618840195662,233.85561578447437,40.85561578447437,4.22577554716099
NGC 5033,39.98,192.0,3.0,361.4874762381191,102.59759872590644,-89.40240127409356,20.234909755883663,102.59766605325515,-89.40233394674483,20.234879278798186,232.46897551204367,40.46897551204367,4.146172098719975
NGC 5033,42.22,194.0,4.0,323.0727759355755,102.03708010902628,-91.96291989097372,21.03775779819316,102.03715099345612,-91.96284900654388,21.03772536666764,231.29828038723178,37.298280387231785,3.4606012931456696
NGC 5033,44.59,196.0,5.0,288.71946400538235,102.12740809242756,-93.87259190757244,21.440543823468698,102.12747398987732,-93.87252601012268,21.44051372146268,230.19228800686852,34.19228800686852,2.8445561049748056
NGC 5055,0.72,125.0,17.6,56387.54222222222,159.77193065032833,34.77193065032833,1.7377934361723049,159.7719306503283,34.7719306503283,1.7377934361723018,207.62895763004352,82.62895763004352,9.813074392071298
NGC 5055,1.43,162.0,8.5,40333.04566433567,191.322901049883,29.322901049883,1.876339391121068,191.32290104988297,29.32290104988297,1.8763393911210648,250.11611828386452,88.11611828386452,16.943699512091662
NGC 5055,2.16,178.0,5.22,32096.213425925915,214.32727184229068,36.327271842290685,3.1934078377646125,214.32727184229068,36.327271842290685,3.1934078377646125,276.71188935234704,98.71188935234704,23.579128435851185
NGC 5055,2.87,193.0,1.88,27471.589965156792,240.2512337044408,47.25123370444081,5.73166089205904,240.2512337044408,47.25123370444081,5.73166089205904,297.2024211807154,104.20242118071542,27.874674431637384
NGC 5055,3.59,192.0,3.59,20818.99256267409,237.61912540599587,45.619125405995874,5.217264197172034,237.61912540599587,45.619125405995874,5.217264197172034,293.6975551343331,101.69755513433307,25.92805531250673
NGC 5055,4.3,190.0,0.97,17234.433604651163,219.78554346611804,29.78554346611804,2.2928013026589,219.785543466118,29.78554346611801,2.292801302658896,295.9405811772172,105.94058117721721,29.005480527301582
NGC 5055,5.03,195.0,0.99,14910.33982107356,212.87723792720897,17.877237927208967,0.8258709838207152,212.87723792720897,17.877237927208967,0.8258709838207152,300.7384780233957,105.73847802339571,28.891991434970787
NGC 5055,5.75,201.0,0.45,13303.369808695652,217.36238290307315,16.362382903073154,0.6932310750623848,217.36238290307315,16.362382903073154,0.6932310750623848,306.34697715388165,105.34697715388165,28.736182690325574
NGC 5055,6.46,204.0,0.81,12168.493885448916,220.9382215306515,16.938221530651504,0.7420116962371115,220.93822153065148,16.938221530651475,0.7420116962371089,312.7763188810686,108.77631888106862,30.60157992933753
NGC 5055,7.18,204.0,0.65,10650.847423398329,219.5172223829289,15.517222382928908,0.6231112072440653,219.51722238292888,15.517222382928878,0.6231112072440631,312.0199274362748,108.01992743627483,30.19571770106057
NGC 5055,7.91,206.0,0.66,9398.215537294564,223.5234581423199,17.523458142319896,0.7946255087927651,223.5234581423199,17.523458142319896,0.7946255087927651,311.1703672895792,105.17036728957919,28.622637655084024
NGC 5055,8.62,206.0,1.54,8369.92438515081,233.3449936117445,27.344993611744545,1.9253433454617943,233.3449936117445,27.344993611744545,1.9253433454617943,310.0154004850578,104.0154004850578,27.857864833749332
NGC 5055,11.49,206.0,1.9,5344.052332463012,222.8490787467885,16.849078746788535,0.7286554621685303,222.8490787467885,16.849078746788535,0.7286554621685303,300.54190707064964,94.54190707064964,22.941331568890305
NGC 5055,14.3,206.0,0.42,3687.393972027972,214.90236176896545,8.90236176896542,0.2052223933558268,214.90236176896545,8.90236176896542,0.2052223933558268,292.2619148415216,86.26191484152162,19.26870195104084
NGC 5055,17.19,203.0,4.19,2659.3425247236764,204.1954642880912,1.195464288091216,0.0035413536410462,204.1954642880912,1.1954642880911877,0.0035413536410461,285.38063599177434,82.38063599177434,16.81691637521828
NGC 5055,20.07,200.0,1.23,1905.409152964624,186.6996900782088,-13.300309921791182,0.456496400547432,186.69969007820885,-13.300309921791154,0.45649640054743,275.2380052738487,75.23800527384873,14.607919988180237
NGC 5055,22.96,194.0,4.09,1418.246607142857,170.45701850692808,-23.54298149307192,1.3762932797168288,170.45701850692805,-23.54298149307195,1.376293279716832,267.1300745700077,73.13007457000771,13.279450345319555
NGC 5055,25.85,188.0,5.2,1097.5242166344292,157.105857851766,-30.89414214823401,2.310788347557837,157.105857851766,-30.89414214823401,2.310788347557837,261.138353922101,73.13835392210098,12.950849347362247
NGC 5055,28.74,184.0,1.16,880.7361169102297,146.33966924685845,-37.66033075314155,3.661589320844278,146.33966924685845,-37.66033075314155,3.661589320844278,257.0564058922371,73.05640589223708,13.779008828011193
NGC 5055,31.62,182.0,2.47,727.1375205566095,137.83979218260396,-44.16020781739604,4.973525830916497,137.83979218260393,-44.16020781739607,4.973525830916504,254.24139677235692,72.24139677235692,13.309888877126017
NGC 5055,34.51,180.0,3.85,614.7984613155608,131.42929404902114,-48.57070595097886,5.885681259351593,131.42929404902114,-48.57070595097886,5.885681259351593,252.48124422495337,72.48124422495337,13.106875897429253
NGC 5055,37.4,181.0,8.43,519.3978743315507,125.07719116823132,-55.92280883176869,6.842268018468595,125.07990381635332,-55.92009618364668,6.841604238672224,249.96180434763485,68.96180434763485,10.404934745331506
NGC 5055,40.29,180.0,4.55,450.9057830727229,119.90936491240456,-60.09063508759543,8.87844167476363,119.915500731546,-60.084499268454,8.876628622496417,248.8578522719199,68.85785227191991,11.658162463967017
NGC 5055,43.17,179.0,0.44,396.09258281213806,114.96602569933268,-64.03397430066732,10.61734286828814,114.97611889412472,-64.02388110587528,10.61399606792876,248.04315661683634,69.04315661683634,12.343439859223437
NGC 5055,45.92,179.0,1.96,354.9231380662021,111.80287598726116,-67.19712401273883,11.582790229630191,111.81627396414748,-67.18372603585252,11.57817186277834,247.82725071821133,68.82725071821133,12.151577567472334
NGC 5055,48.81,179.0,2.99,315.5538311821348,109.8492125209286,-69.1507874790714,12.107738386088668,109.86450946358558,-69.13549053641442,12.102382239004466,247.0242318892477,68.02423188924769,11.71645047976172
NGC 5055,51.7,174.0,3.39,281.5027562862669,109.5186414933064,-64.4813585066936,10.460196806096894,109.53306965704668,-64.46693034295332,10.45551624256984,246.0884709485528,72.08847094855281,13.073838810130674
NGC 5055,54.59,172.0,4.84,250.83513464004392,109.04503820305048,-62.95496179694952,9.680213486541568,109.05726517038522,-62.94273482961478,9.676453714255292,244.7463109722763,72.74631097227629,12.925488196329507
NGC 5371,1.45,216.0,10.0,40022.6275862069,197.8154054226441,-18.184594577355824,0.6804104525571992,197.8154054226441,-18.184594577355824,0.6804104525571992,250.95841945636792,34.95841945636792,2.514590721990459
NGC 5371,2.88,215.0,7.0,18779.22,182.86819254451552,-32.13180745548448,2.3734552881754665,182.86819254451552,-32.13180745548448,2.3734552881754665,251.41363001416002,36.41363001416002,3.0481665535819205
NGC 5371,4.33,215.0,5.0,12812.72323325635,185.2114468186961,-29.788553181303826,2.15902165604712,185.2114468186961,-29.788553181303826,2.15902165604712,261.6681693009247,46.66816930092472,5.299070622627183
NGC 5371,5.78,214.0,4.0,10280.093010380622,191.67519874603445,-22.32480125396557,1.239792913007619,191.6751987460344,-22.324801253965603,1.2397929130076222,275.9066275636254,61.90662756362542,9.533409294282157
NGC 5371,7.22,215.0,4.0,8335.443545706372,192.9593505769241,-22.040649423075905,1.2084334004749655,192.9593505769241,-22.040649423075905,1.2084334004749655,283.25715337952505,68.25715337952505,11.589649222577133
NGC 5371,8.66,221.0,3.0,7391.339491916859,200.4737114643027,-20.52628853569729,1.066654483672653,200.4737114643027,-20.52628853569729,1.066654483672653,295.7594026973466,74.75940269734662,14.149286814339334
NGC 5371,11.55,233.0,3.0,6875.639307359306,230.5631349503683,-2.436865049631706,0.0150336994180165,230.5631349503683,-2.436865049631706,0.0150336994180165,332.00299115739745,99.00299115739745,24.814157615472702
NGC 5371,14.48,237.0,3.0,6259.636643646409,252.33846686206425,15.338466862064225,0.5956166219712463,252.33846686206425,15.338466862064225,0.5956166219712463,358.4247424230307,121.4247424230307,37.326501449365445
NGC 5371,17.28,242.0,3.0,5137.342019675925,234.2848806135094,-7.715119386490613,0.150691309234945,234.2848806135094,-7.715119386490613,0.150691309234945,363.1151446032286,121.1151446032286,37.13640063863538
NGC 5371,20.2,241.0,3.0,4393.762316831684,234.2594495685631,-6.740550431436901,0.1150253673892258,234.2594495685631,-6.740550431436901,0.1150253673892258,370.34500150057744,129.34500150057744,42.354758008061715
NGC 5371,23.12,240.0,3.0,3655.030631487889,228.584727620153,-11.41527237984701,0.3298947936863241,228.58472762015305,-11.415272379846982,0.3298947936863224,370.43705049049544,130.43705049049544,43.07297250800014
NGC 5371,26.04,234.0,3.0,2868.9950614439326,215.27541865711515,-18.724581342884846,0.887620117636231,215.27541865711515,-18.724581342884846,0.887620117636231,360.6719725552855,126.67197255528549,40.62224969885317
NGC 5371,28.84,226.0,3.0,2268.180350208044,205.1137011453764,-20.88629885462361,1.1043986831510175,205.1137011453764,-20.88629885462361,1.1043986831510175,349.94066060392754,123.94066060392754,38.88933506566571
NGC 5371,31.76,213.0,3.0,1830.7316908060457,202.2197446218012,-10.78025537819886,0.2942124203017353,202.2197446218012,-10.78025537819886,0.2942124203017353,341.650024949467,128.65002494946702,41.90083270759111
NGC 5371,34.68,207.0,3.0,1517.791234140715,202.0568919716344,-4.943108028365657,0.0618590303293494,202.0568919716344,-4.943108028365657,0.0618590303293494,335.62372015977485,128.62372015977485,41.883699715797654
NGC 5371,37.48,208.0,4.0,1241.7277081109926,195.76384745814107,-12.236152541858928,0.3724463408647779,195.76384745814107,-12.236152541858928,0.3724463408647779,327.01408533237105,119.01408533237105,35.23470773010174
NGC 5371,40.4,209.0,4.0,1040.7012128712872,187.35127487741136,-21.648725122588644,1.1658390533169172,187.35127487741136,-21.648725122588644,1.1658390533169172,321.04183386957544,112.04183386957544,31.227294867804833
NGC 5371,43.32,207.0,4.0,888.1993374884578,178.92950264004114,-28.070497359958864,1.960081646854372,178.92950264004114,-28.070497359958864,1.960081646854372,316.419261902581,109.41926190258101,29.782524565436855
NGC 5371,46.24,213.0,6.0,769.7986894463668,171.5324878598006,-41.4675121401994,4.074773846202808,171.5324878598006,-41.4675121401994,4.074773846202808,312.8396718503216,99.83967185032162,23.620758471990296
NGC 5585,0.09,11.2,2.02,1798.897777777778,21.4441424276228,10.244142427622798,0.2690277544768245,21.4441424276228,10.244142427622794,0.2690277544768243,18.0812596673743,6.881259667374302,0.12138967917852905
NGC 5585,0.26,26.5,1.03,2794.943076923077,45.05228843720786,18.552288437207856,0.8892332091858318,45.05228843720786,18.552288437207856,0.8892332091858318,35.71099122144021,9.21099122144021,0.21919640883759792
NGC 5585,0.43,33.7,1.03,2910.408372093024,57.737674789676,24.037674789676,1.4928136871852076,57.737674789676,24.037674789676,1.4928136871852076,46.58122057375579,12.88122057375579,0.4286814903539713
NGC 5585,0.6,32.7,1.12,2679.105666666667,61.67286742197839,28.972867421978385,2.167637208645109,61.67286742197839,28.972867421978385,2.167637208645109,53.45400025149539,20.754000251495384,1.112262446699303
NGC 5585,0.77,33.7,1.03,2441.2723376623376,64.85810678065894,31.15810678065894,2.508203794686946,64.85810678065896,31.158106780658954,2.5082037946869487,58.63856124320422,24.93856124320422,1.6068061560365503
NGC 5585,0.94,35.7,2.24,2249.8138297872347,73.02291426119731,37.32291426119731,3.5624993068053348,73.02291426119731,37.32291426119731,3.5624993068053348,63.00236181485841,27.302361814858408,1.9063565442308439
NGC 5585,1.11,37.8,3.35,2095.894144144144,77.25203593906966,39.45203593906966,3.918366003279381,77.25203593906966,39.45203593906966,3.918366003279381,66.83572499425823,29.03572499425823,2.1224208748049067
NGC 5585,1.28,41.8,3.35,1889.643125,73.5846218306627,31.7846218306627,2.5433156100629746,73.58462183066271,31.784621830662715,2.543315610062977,69.31601403876424,27.51601403876424,1.9060627949863633
NGC 5585,1.46,43.9,2.14,1742.727260273973,69.74205590024339,25.842055900243388,1.709797063521249,69.7420559002434,25.8420559002434,1.709797063521251,72.06329245306628,28.163292453066283,2.0307538893402017
NGC 5585,1.63,44.9,1.25,1632.159263803681,71.37179993787885,26.47179993787885,1.808111445124548,71.37179993787886,26.471799937878863,1.80811144512455,74.51423550574934,29.614235505749342,2.2628684266150234
NGC 5585,2.05,53.2,1.6,1435.378048780488,78.58294653761506,25.38294653761505,1.6581582636695082,78.58294653761506,25.38294653761505,1.6581582636695082,80.13160468379229,26.931604683792287,1.8666649445235297
NGC 5585,2.74,64.3,0.9,1202.1878102189778,81.24554802903067,16.945548029030675,0.7423582585873825,81.24554802903067,16.945548029030675,0.7423582585873825,87.51016750197402,23.210167501974027,1.3927041065890002
NGC 5585,3.42,73.1,2.4,984.0948830409357,81.33753286481144,8.237532864811442,0.1732105056637957,81.33753286481145,8.237532864811456,0.1732105056637963,91.78591295234929,18.685912952349298,0.891268488009943
NGC 5585,4.11,76.2,4.4,879.4497566909974,79.95399741451868,3.753997414518679,0.0347653853074129,79.95399741451867,3.7539974145186648,0.0347653853074127,97.16496167832207,20.96496167832207,1.0842944991452361
NGC 5585,4.79,78.4,3.8,757.4253862212943,78.42935072611832,0.0293507261183094,2.15129638315856e-06,78.4293507261183,0.0293507261182952,2.151296383156476e-06,100.19170941226417,21.79170941226417,1.1858920165531983
NGC 5585,5.48,83.1,3.1,626.6233576642336,83.45258364347927,0.3525836434792779,0.000314236813147,83.45258364347927,0.3525836434792779,0.000314236813147,101.18827781059133,18.088277810591336,0.8270412632469626
NGC 5585,6.16,88.0,3.0,528.1847402597401,87.0176033020561,-0.9823966979438978,0.0024432994231166,88.41036200708008,0.4103620070800815,0.0004263214603918,101.94976920300515,13.949769203005147,0.492648255233192
NGC 5585,6.85,89.9,2.4,436.7723941605839,87.08765269635629,-2.812347303643719,0.0201891396679398,91.18140512286296,1.2814051228629495,0.0041913393120773,101.6601156527861,11.760115652786098,0.35302307577829434
NGC 5585,7.53,90.6,2.8,368.3564674634794,85.8423700137486,-4.757629986251388,0.0574726870964817,92.59140744818092,1.9914074481809363,0.0100693266927445,101.43825497792602,10.838254977926027,0.29826267257398514
NGC 5585,8.21,91.6,2.6,326.14482338611447,84.90548825982127,-6.694511740178726,0.1141065471010051,93.60104816233682,2.0010481623368293,0.0101950141256533,102.27344299175164,10.673442991751642,0.2900559764186074
NGC 5585,8.9,92.3,1.4,289.93335955056176,83.0032199303961,-9.296780069603898,0.2227810074816585,93.4082393937488,1.1082393937488175,0.0031657762497596,102.96405132169048,10.66405132169048,0.29312813329118587
NGC 5585,9.57,90.9,1.0,258.07256008359457,79.59758498277631,-11.302415017223694,0.3300893674975805,91.23234028056274,0.3323402805627324,0.0002854006772209,103.3011815234743,12.401181523474293,0.3973883803053234
NGC 5585,10.31,89.6,2.7,230.63094083414163,73.76059511968641,-15.83940488031358,0.6379179408642519,85.39891727714922,-4.201082722850771,0.0448755270773099,103.87680650338443,14.276806503384435,0.51826185241191
NGC 5585,10.96,89.4,2.7,207.25956204379565,66.47430257799083,-22.92569742200918,1.3363868958923906,76.90179829290022,-12.49820170709978,0.3971752292490322,103.9428145302063,14.5428145302063,0.53775446733957
NGC 5907,5.03,214.0,6.0,6359.308648111331,231.1742858516845,17.174285851684488,0.6989480912686492,231.1742858516845,17.17428585168446,0.6989480912686469,212.5447315757635,-1.4552684242364933,0.005018498072463901
NGC 5907,7.55,220.0,6.0,5697.868622516557,254.4747706695992,34.47477066959917,2.816373963794917,254.4747706695992,34.47477066959917,2.816373963794917,249.63490177588486,29.634901775884856,2.081107590678539
NGC 5907,10.07,235.0,4.0,5119.78585898709,289.41131220708445,54.41131220708445,7.364653970390092,289.4113122070845,54.41131220708451,7.364653970390108,276.83886803083857,41.83886803083857,4.354454920651556
NGC 5907,12.58,235.0,4.0,4331.249682034977,317.9217966126141,82.92179661261412,17.104538192695877,317.9217966126141,82.92179661261412,17.104538192695877,290.71883447054637,55.71883447054637,7.722857001880961
NGC 5907,15.1,230.0,2.0,3381.2211523178808,307.750406792775,77.75040679277498,15.50032245241536,307.75040679277487,77.75040679277487,15.500322452415311,291.10639120453527,61.10639120453527,9.574336015491552
NGC 5907,17.61,231.0,2.0,2735.080777967064,298.9082600109175,67.9082600109175,11.824440455667634,298.90826001091745,67.90826001091745,11.824440455667611,291.6835043688987,60.683504368898696,9.442276160231147
NGC 5907,20.13,232.0,2.0,2257.210755091903,290.2454050812187,58.24540508121868,8.698787725833986,290.2454050812186,58.24540508121862,8.698787725833968,291.8775425149194,59.87754251491941,9.193128455451236
NGC 5907,22.65,225.0,7.0,1864.6840309050767,278.07188660912414,53.071886609124135,6.475000340808574,278.0718866091241,53.07188660912408,6.475000340808561,290.2918847844876,65.29188478448759,9.800069468300697
NGC 5907,25.16,224.0,7.0,1497.3292567567564,256.14438153739286,32.14438153739286,2.375313251543639,256.14438153739286,32.14438153739286,2.375313251543639,284.60781831252893,60.607818312528934,8.44438538070004
NGC 5907,27.68,229.0,2.0,1250.7879660404624,237.88071325430136,8.880713254301355,0.2022232510387788,237.88071325430133,8.880713254301327,0.2022232510387776,281.68189917082634,52.68189917082634,7.1163653852438795
NGC 5907,30.2,218.0,2.0,1087.862546357616,222.83278382327825,4.832783823278248,0.0598866653398459,222.83278382327825,4.83278382327822,0.0598866653398452,281.47005656263093,63.47005656263093,10.329354051445051
NGC 5907,32.71,214.0,2.0,920.5340660348515,206.9699132564112,-7.030086743588839,0.1267233836471372,206.9699132564112,-7.030086743588839,0.1267233836471372,278.0177868972569,64.01778689725688,10.50840266467332
NGC 5907,35.23,213.0,2.0,806.3974595515186,200.31656260680515,-12.68343739319485,0.4124861130951112,200.31656260680515,-12.68343739319485,0.4124861130951112,276.97821506252933,63.97821506252933,10.495415391249372
NGC 5907,37.75,211.0,2.0,692.8523072847681,193.6265182589229,-17.373481741077057,0.7739432507885587,193.6265182589229,-17.373481741077057,0.7739432507885587,273.7526974246732,62.752697424673215,10.097182138647662
NGC 5907,40.26,217.0,2.0,613.0078614008942,190.11615462041087,-26.883845379589133,1.8531824163939896,190.11615462041084,-26.88384537958916,1.8531824163939936,272.4668485162044,55.46684851620438,7.888644318768113
NGC 5907,42.78,216.0,3.0,536.528894343151,185.1778465819164,-30.82215341808368,2.405076307159208,186.98400024304635,-29.015999756953647,2.131463903532998,269.9200134524098,53.92001345240982,7.360424938501407
NGC 5907,45.29,215.0,3.0,478.953133141974,181.8364053047288,-33.16359469527123,2.784364590157524,185.8847783970906,-29.1152216029094,2.146066149332968,268.5644142991338,53.56441429913377,7.2636619726816365
NGC 5907,47.81,217.0,5.0,429.82703409328593,176.00783556597128,-40.99216443402872,4.088461180015692,181.967307170409,-35.032692829590985,2.9861060021714736,267.31966890637324,50.31966890637324,6.16075201665943
NGC 5907,50.33,214.0,5.0,395.2382137889927,170.32767746401032,-43.67232253598968,4.640563882451367,177.28779209302607,-36.71220790697393,3.279285181033769,267.65627410924,53.65627410923997,7.004855842544759
NGC 5985,3.54,223.0,8.0,7386.05638418079,188.51220342861703,-34.48779657138297,2.6431291385535447,188.512203428617,-34.487796571383,2.643129138553549,189.0422272383753,-33.95777276162471,2.5625118465114247
NGC 5985,4.23,230.0,6.13,6100.846832151298,186.93527996385984,-43.06472003614016,4.378355174210708,186.93527996385984,-43.06472003614016,4.378355174210708,191.81406715688502,-38.18593284311498,3.4425046953667384
NGC 5985,4.97,248.0,5.1,5216.129899396378,186.26936786169304,-61.73063213830696,9.248976831132682,186.26936786169307,-61.73063213830693,9.248976831132673,195.8592679670359,-52.14073203296411,6.598519300340694
NGC 5985,5.74,258.0,6.6,4798.355418118467,189.80711217656167,-68.19288782343833,10.825658696573338,189.80711217656167,-68.19288782343833,10.825658696573338,203.98738257778353,-54.012617422216465,6.79151420243673
NGC 5985,6.47,263.0,7.0,4574.713091190109,194.1130472490437,-68.88695275095631,10.908993699568937,194.1130472490437,-68.88695275095631,10.908993699568937,212.75363508084902,-50.24636491915098,5.803901580663187
NGC 5985,7.22,272.0,6.25,4512.447396121884,200.78647322071936,-71.21352677928064,11.930872274885036,200.78647322071936,-71.21352677928064,11.930872274885036,223.60659471052494,-48.393405289475055,5.509593708010921
NGC 5985,8.02,287.0,4.01,4399.029837905237,205.4350837466893,-81.56491625331066,16.546045336264044,205.4350837466893,-81.56491625331066,16.546045336264044,233.4588330204735,-53.54116697952651,7.129565878862296
NGC 5985,8.79,289.0,7.25,4298.393458475541,207.89477792059995,-81.10522207940005,14.999132503460286,207.89477792059995,-81.10522207940005,14.999132503460286,242.3303634066971,-46.6696365933029,4.966350245976245
NGC 5985,9.5,292.0,6.93,4261.470915789473,217.140405939699,-74.85959406030099,12.91160673701682,217.1404059396989,-74.85959406030102,12.911606737016829,251.12794965523184,-40.872050344768155,3.8489139664228085
NGC 5985,10.27,302.0,10.4,4303.403836416748,229.10376042219025,-72.89623957780978,10.753322293559656,229.10376042219025,-72.89623957780978,10.753322293559656,262.05056664705506,-39.949433352944936,3.2296366060008688
NGC 5985,11.08,302.0,10.3,4302.14440433213,238.5536541298303,-63.446345870169694,8.180289793080938,238.5536541298304,-63.44634587016967,8.18028979308093,272.1591272624838,-29.84087273751618,1.809582974123913
NGC 5985,11.82,304.0,10.4,4185.722436548223,247.11835670300096,-56.881643296999016,6.547517695011804,247.118356703001,-56.88164329699899,6.5475176950117975,278.2770951273547,-25.7229048726453,1.3389748969709392
NGC 5985,12.56,303.0,10.4,4041.704585987261,256.0846107397212,-46.9153892602788,4.454131757818284,256.0846107397212,-46.9153892602788,4.454131757818284,283.1977666860461,-19.802233313953877,0.7935252635184247
NGC 5985,13.39,305.0,10.1,3880.0972442120974,262.81817339582614,-42.18182660417386,3.6460451541251,262.81817339582614,-42.18182660417386,3.6460451541251,288.0844607202922,-16.915539279707787,0.5863311594502921
NGC 5985,14.1,300.0,8.78,3747.979921985816,267.2517863955514,-32.74821360444861,2.3158548006872834,267.2517863955514,-32.74821360444861,2.3158548006872834,291.92800788082627,-8.071992119173728,0.1407011205031324
NGC 5985,14.93,295.0,9.72,3536.8607501674487,269.01068556655684,-25.989314433443155,1.4057748792045108,269.01068556655684,-25.989314433443155,1.4057748792045108,294.1745400397153,-0.8254599602847179,0.0014181368944644504
NGC 5985,15.64,294.0,5.32,3347.1764769820966,267.83536884534715,-26.16463115465285,1.6523870570361907,267.83536884534715,-26.16463115465285,1.6523870570361907,295.19581276450833,1.1958127645083323,0.0034515082890204363
NGC 5985,16.35,290.0,5.32,3195.829363914373,267.3723259901545,-22.62767400984552,1.2358403694881768,267.3723259901544,-22.627674009845578,1.2358403694881832,296.88641558145764,6.886415581457641,0.11446402328478565
NGC 5985,17.18,291.0,4.03,3036.27888242142,265.6396169673024,-25.3603830326976,1.5989150470902789,265.63961696730246,-25.36038303269754,1.5989150470902718,298.8578041850739,7.857804185073917,0.15350275571421296
NGC 5985,17.89,286.0,3.25,2866.8071212968143,259.0556377430645,-26.944362256935506,1.830729475008279,259.0556377430645,-26.94436225693545,1.8307294750082712,298.8690081327259,12.869008132725924,0.4176173246844217
NGC 5985,18.72,287.0,3.61,2650.901549145299,249.4730431742169,-37.52695682578306,3.529221054156259,249.4730431742169,-37.52695682578306,3.529221054156259,297.4813458790126,10.481345879012622,0.27531271653457173
NGC 5985,19.44,294.0,3.35,2493.0145936213985,242.1265496521857,-51.8734503478143,6.774175307257658,242.1265496521857,-51.8734503478143,6.774175307257658,296.7725134169894,2.7725134169893977,0.01935144823716236
NGC 5985,20.26,290.0,3.75,2354.56988153998,236.5030756199047,-53.496924380095294,7.153684532115943,236.5030756199047,-53.496924380095294,7.153684532115943,297.0749473254865,7.074947325486505,0.1251176495132852
NGC 5985,20.98,288.0,3.04,2241.8000476644424,238.60741159833248,-49.39258840166752,6.172497502835078,238.60741159833248,-49.39258840166752,6.172497502835078,297.2813322061258,9.281332206125796,0.21795055864683258
NGC 5985,21.69,290.0,6.4,2132.5013831258643,241.5442176315948,-48.45578236840521,5.499257178504424,241.5442176315948,-48.45578236840518,5.4992571785044175,297.18123271918734,7.181232719187335,0.12078439049823572
NGC 5985,22.52,294.0,4.19,2014.003663410302,233.9686268414684,-60.03137315853158,8.930024260069084,233.9686268414684,-60.03137315853158,8.930024260069084,297.0255192630055,3.025519263005492,0.02268276160567836
NGC 5985,23.23,297.0,4.12,1920.7396082651744,239.7669640468065,-57.23303595319345,8.128606691689432,239.7669640468065,-57.23303595319348,8.128606691689441,296.90919511047633,-0.0908048895236675,2.046166694808767e-05
NGC 5985,24.06,293.0,5.15,1827.7789858686613,239.5779698138689,-53.42203018613114,6.918200362908463,239.57796981386883,-53.42203018613117,6.918200362908471,297.204691125072,4.2046911250719745,0.04285688043018024
NGC 5985,24.77,291.0,6.21,1755.7262010496563,236.28552859976145,-54.71447140023858,7.051169377268415,236.28552859976145,-54.71447140023858,7.051169377268415,297.55670571996944,6.556705719969443,0.10125771325997657
NGC 5985,25.95,297.0,4.0,1652.2757957610793,235.88067532967847,-61.11932467032142,9.292467283970549,235.88067532967847,-61.11932467032142,9.292467283970549,298.51372977019827,1.5137297701982675,0.0056999448188669154
NGC 5985,28.92,292.0,4.0,1411.0180463347165,229.4772504551335,-62.522749544866514,9.724114951865934,229.4772504551335,-62.522749544866514,9.724114951865934,299.3073471964292,7.307347196429191,0.13282916181383472
NGC 5985,31.76,288.0,4.0,1183.8105447103271,217.68201892194207,-70.31798107805793,12.300045927597296,217.68201892194207,-70.31798107805793,12.300045927597296,296.47925785804256,8.479257858042558,0.17885028314223003
NGC 5985,34.72,285.0,4.0,1038.2022062211984,211.8485601627052,-73.15143983729482,13.31127649320737,211.8485601627052,-73.15143983729484,13.311276493207382,297.39449864253385,12.394498642533847,0.3821482502481925
NGC 6015,0.34,35.5,2.1,5165.670588235293,60.15654881017279,24.656548810172787,1.5571973034205913,60.15654881017278,24.65654881017278,1.5571973034205904,51.04019310574685,15.540193105746852,0.6185743238234214
NGC 6015,0.67,62.4,4.2,5764.768208955224,88.9257654450633,26.525765445063307,1.7431776643705148,88.9257654450633,26.525765445063307,1.7431776643705148,74.69748842296161,12.297488422961614,0.3746611374315601
NGC 6015,1.0,90.7,3.8,6438.959600000001,113.62107137126864,22.92107137126864,1.3119955868714184,113.62107137126864,22.92107137126864,1.3119955868714184,95.22700099236988,4.527000992369878,0.05117804910827555
NGC 6015,1.32,104.0,2.0,5671.402045454544,118.86767620384218,14.86767620384218,0.5667892197494744,118.86767620384218,14.86767620384218,0.5667892197494744,104.19504753161422,0.19504753161422173,9.75475374071816e-05
NGC 6015,1.65,105.0,2.4,5113.910303030303,119.40702798133592,14.40702798133593,0.5298204391846958,119.40702798133592,14.407027981335917,0.5298204391846947,112.01249087845527,7.012490878455267,0.12552335184913807
NGC 6015,1.98,108.0,2.0,4813.445000000001,126.76682678504818,18.76682678504818,0.9030609937948766,126.76682678504818,18.76682678504818,0.9030609937948766,119.947054064746,11.947054064745998,0.36597974570759967
NGC 6015,2.31,116.0,2.3,4737.199523809524,127.76182274308805,11.761822743088032,0.3535497309919059,127.76182274308805,11.761822743088032,0.3535497309919059,128.7874130871359,12.787413087135889,0.4178944860871839
NGC 6015,2.63,130.0,3.3,4763.160798479087,135.2202399394315,5.220239939431508,0.0686611026360852,135.2202399394315,5.220239939431508,0.0686611026360852,137.69910190843882,7.69910190843882,0.14935163444915792
NGC 6015,2.96,141.0,2.2,4914.919290540541,138.5060233964658,-2.4939766035342075,0.0159142342108689,138.5060233964658,-2.4939766035342075,0.0159142342108689,147.80671112573032,6.806711125730317,0.11854292382852544
NGC 6015,3.28,146.0,1.6,5077.967408536586,149.11223533651415,3.1122353365141464,0.024927961678627,149.11223533651415,3.1122353365141464,0.024927961678627,157.51000691562288,11.510006915622881,0.34095187151967926
NGC 6015,3.61,150.0,1.4,5204.263628808864,167.59857296021576,17.598572960215762,0.7983033566244906,167.59857296021576,17.598572960215762,0.7983033566244906,166.78082310170151,16.780823101701515,0.7258377770146387
NGC 6015,3.94,152.0,1.1,5227.0280203045695,186.3957636362792,34.39576363627921,3.055366741878535,186.3957636362792,34.39576363627921,3.055366741878535,174.52447617319655,22.524476173196547,1.3102761469923272
NGC 6015,4.27,155.0,1.3,5141.901358313818,201.7112806222736,46.71128062227359,5.628062981693602,201.7112806222736,46.71128062227359,5.628062981693602,180.56419321555117,25.56419321555117,1.6856972704016935
NGC 6015,4.6,152.0,1.8,4894.232282608696,209.90286986223512,57.90286986223512,8.613560626561855,209.90286986223512,57.90286986223512,8.613560626561855,183.9673917649429,31.967391764942903,2.6254088383859298
NGC 6015,4.94,150.0,2.4,4557.103684210527,215.498970364732,65.498970364732,10.95087583939157,215.498970364732,65.498970364732,10.95087583939157,185.6377607657487,35.63776076574871,3.2419082918029862
NGC 6015,5.3,147.0,5.5,4146.324773584905,213.61455687442293,66.61455687442293,10.660658708890637,213.6145568744229,66.6145568744229,10.660658708890626,185.69439667431374,38.69439667431374,3.5970122137877283
NGC 6015,5.63,145.0,3.8,3814.347087033748,210.3437792541397,65.34377925413975,10.662794643926045,210.3437792541397,65.34377925413972,10.66279464392603,185.64598283214596,40.64598283214596,4.125701529295536
NGC 6015,5.96,152.0,4.1,3605.3831040268456,206.05111980634,54.05111980633998,7.252857556464135,206.05111980634,54.05111980633998,7.252857556464135,187.1543474967294,35.1543474967294,3.068017546537585
NGC 6015,6.27,149.0,1.4,3415.299728867624,194.34655711784595,45.34655711784595,5.300315090323912,194.34655711784595,45.34655711784595,5.300315090323912,188.25919974037734,39.25919974037734,3.9727929793144767
NGC 6015,8.24,149.0,4.0,2365.159381067961,182.82935113509416,33.82935113509416,2.8468283537848165,182.82935113509416,33.82935113509416,2.8468283537848165,189.74823174195103,40.74823174195103,4.130394005213297
NGC 6015,10.3,146.0,4.0,1618.129330097087,161.9813444576099,15.981344457609907,0.6353317678427336,161.9813444576099,15.981344457609907,0.6353317678427336,186.7807001820071,40.78070018200711,4.136978873967052
NGC 6015,11.13,149.0,3.2,1434.395399820305,152.18964932595864,3.1896493259586407,0.0256760115651837,152.18964932595864,3.1896493259586407,0.0256760115651837,186.67150979856598,37.67150979856598,3.58152294191261
NGC 6015,11.95,152.0,2.8,1290.833288702929,148.67837362593806,-3.3216263740619354,0.0280144265916713,148.67837362593806,-3.3216263740619354,0.0280144265916713,186.95765538726758,34.95765538726758,3.102878504405236
NGC 6015,12.72,153.0,2.4,1159.8468081761005,147.21235914400563,-5.787640855994368,0.0855033354042659,147.21235914400563,-5.787640855994368,0.0855033354042659,186.41292697372114,33.41292697372114,2.8497643683664027
NGC 6015,13.58,156.0,2.2,1029.1250220913107,141.436414744226,-14.563585255774,0.5426722328886447,141.436414744226,-14.563585255774,0.5426722328886447,185.4795273951283,29.479527395128287,2.2235250625322873
NGC 6015,14.43,158.0,2.8,920.6541718641718,137.66479454604223,-20.33520545395777,1.0499710056232832,137.6647945460422,-20.3352054539578,1.049971005623286,184.66435230461852,26.664352304618518,1.8052703733110271
NGC 6015,15.29,158.0,3.1,825.9250228907785,136.0699276037509,-21.930072396249106,1.2156620795852653,136.0699276037509,-21.930072396249106,1.2156620795852653,183.81653565027372,25.81653565027372,1.6847236242305654
NGC 6015,16.02,159.0,3.8,754.6877465667915,135.0542462838756,-23.945753716124383,1.4319226876268225,135.0542462838756,-23.945753716124383,1.4319226876268225,183.0271453918328,24.02714539183279,1.4416734484074312
NGC 6015,16.88,161.0,3.6,678.5504798578198,132.53771549502625,-28.462284504973752,2.0305334851666057,132.53771549502625,-28.462284504973752,2.0305334851666057,181.9052227237219,20.90522272372189,1.0954189320443606
NGC 6015,17.73,163.0,4.0,613.8361872532431,129.912344426603,-33.087655573397,2.723365550606342,129.912344426603,-33.087655573397,2.723365550606342,180.88685138845017,17.886851388450168,0.7958692850559744
NGC 6015,18.59,162.0,4.8,556.6782356105433,128.46368406447522,-33.53631593552478,2.7495709136694053,129.29481749051672,-32.70518250948328,2.614973995156002,179.89217386869757,17.89217386869757,0.7826371155576572
NGC 6015,19.32,164.0,5.7,515.3896946169773,127.3472230266064,-36.6527769733936,3.2101748186607377,129.2602387055925,-34.73976129440749,2.883822826811662,179.24447279418854,15.244472794188539,0.5553154215698213
NGC 6015,20.18,165.0,7.0,473.6706888007929,124.8010475896581,-40.1989524103419,3.7148408618136393,127.87399427540626,-37.12600572459374,3.1685983932472808,178.68628419052115,13.68628419052115,0.43060775849128546
NGC 6015,21.04,166.0,6.3,435.8184790874525,122.41827970856863,-43.58172029143135,4.461853328855645,126.66695309753564,-39.333046902464375,3.634308014356603,178.05355160964402,12.053551609644018,0.34130025700944794
NGC 6015,21.89,163.0,7.0,402.1468250342622,120.2588376945124,-42.741162305487606,4.199556218905827,125.68414033059526,-37.315859669404745,3.20108823647519,177.4078682136844,14.407868213684395,0.47721072750091303
NGC 6015,22.63,159.0,8.5,377.0546177640301,118.13786784151785,-40.86213215848216,3.64367451071961,124.41916696950057,-34.58083303049945,2.6095668588833205,177.04250381695203,18.042503816952035,0.7103806742710939
NGC 6015,23.48,155.0,9.1,351.2950085178875,115.79543374714876,-39.20456625285125,3.278509449615416,122.98189642706194,-32.01810357293806,2.186725872757384,176.6897474086208,21.689747408620804,1.0034878578737076
NGC 6015,24.34,154.0,8.0,327.1924774034511,114.24146281596872,-39.75853718403127,3.512758397808882,122.54784337697204,-31.45215662302796,2.1983070138655147,176.25885362394604,22.258853623946038,1.1010145881161237
NGC 6015,25.19,149.0,5.4,306.8919809448193,114.83740999068468,-34.16259000931531,2.8111633012442674,124.79607428114416,-24.203925718855828,1.41109456644159,176.0531292960823,27.05312929608229,1.7628668578633437
NGC 6015,25.93,153.0,3.1,298.11068260701893,116.76026832212926,-36.239731677870736,3.319729410490301,127.8814448268952,-25.11855517310481,1.5948581026372193,177.14667928025403,24.146679280254034,1.4738305913992302
NGC 6015,26.78,156.0,3.0,268.2231067961165,112.9029875932028,-43.09701240679719,4.70215817314337,125.72928120309037,-30.270718796909648,2.3197883961558965,174.70147198370785,18.701471983707847,0.8854305173605305
NGC 6015,27.64,151.0,9.4,247.641494211288,109.97232434108746,-41.02767565891254,3.5485078210070933,123.91098866168308,-27.08901133831692,1.5469570269151334,173.52354691209968,22.523546912099675,1.0694623608684435
NGC 6015,28.37,158.0,7.7,232.1680824814945,105.36891567931312,-52.63108432068688,6.2207348846173325,119.06637656081722,-38.93362343918278,3.4041344609222817,172.6353040085747,14.635304008574707,0.4810171425888811
NGC 6015,29.23,152.0,3.4,217.14136161477927,98.26456366010903,-53.73543633989095,7.263047385648639,110.09366717431216,-41.906332825687855,4.417297341023552,171.97350367821,19.973503678209994,1.003473310150589
NGC 6195,1.33,175.0,13.6,44287.4830075188,194.3572692591753,19.357269259175297,0.6562699193852685,194.35726925917527,19.35726925917527,0.6562699193852666,251.9374969453298,76.9374969453298,10.367413542476935
NGC 6195,2.34,237.0,3.65,31632.44461538462,220.2397549139505,-16.76024508604948,0.7034560169898909,220.2397549139505,-16.76024508604948,0.7034560169898909,286.1033479989717,49.103347998971685,6.038073949522294
NGC 6195,3.33,247.0,3.81,23788.921381381377,234.2392036891211,-12.760796310878902,0.4065702289814082,234.2392036891211,-12.760796310878902,0.4065702289814082,300.1043626788323,53.104362678832274,7.0410985613935475
NGC 6195,4.34,242.0,3.56,19120.09089861751,252.3355507584417,10.335550758441713,0.267947537735945,252.33555075844168,10.335550758441684,0.2679475377359436,311.0668810793618,69.06688107936179,11.96526196374855
NGC 6195,5.35,240.0,4.2,15830.21482242991,257.5834647880628,17.58346478806277,0.7659752104673554,257.5834647880628,17.58346478806277,0.7659752104673554,318.2142263153736,78.2142263153736,15.155745709326329
NGC 6195,6.34,233.0,4.59,13782.492570977916,242.4206053122312,9.420605312231174,0.2180170945569997,242.4206053122312,9.420605312231174,0.2180170945569997,326.52815610970214,93.52815610970214,21.48907267673594
NGC 6195,7.34,233.0,4.63,12115.216485013629,232.04838576609453,-0.9516142339054454,0.0022226009724976,232.04838576609453,-0.9516142339054454,0.0022226009724976,332.78938501345704,99.78938501345704,24.44040135138463
NGC 6195,8.32,247.0,6.41,10642.699387019233,231.5571125515241,-15.442887448475858,0.5583924552013816,231.5571125515241,-15.442887448475858,0.5583924552013816,335.7723619549511,88.77236195495112,18.451772004560308
NGC 6195,9.34,248.0,7.64,9284.330364025696,229.4420178763092,-18.557982123690863,0.7750275907785538,229.4420178763092,-18.557982123690863,0.7750275907785538,336.4623827334173,88.46238273341731,17.610550224123365
NGC 6195,10.38,242.0,9.05,8321.745626204236,233.1845449988772,-8.815455001122785,0.1660864109014607,233.1845449988772,-8.815455001122785,0.1660864109014607,339.4104928548084,97.41049285480841,20.279447359688564
NGC 6195,11.36,252.0,12.5,7514.35829225352,237.7485593473356,-14.251440652664456,0.3745570505789158,237.7485593473356,-14.251440652664428,0.3745570505789143,340.9556311785376,88.9556311785376,14.593092334480426
NGC 6195,12.34,245.0,8.72,6786.696482982172,228.30620983580948,-16.693790164190517,0.6031590232457389,228.30620983580943,-16.693790164190546,0.603159023245741,341.4292349461679,96.42923494616792,20.125161355210416
NGC 6195,13.32,247.0,4.44,6269.56740990991,226.3635421147624,-20.63645788523766,1.049665069273467,226.3635421147624,-20.63645788523766,1.049665069273467,343.97886720388425,96.97886720388425,23.181132414956302
NGC 6195,14.3,238.0,9.29,5910.545692307692,232.4650313322066,-5.534968667793407,0.0648647304849878,232.4650313322066,-5.534968667793407,0.0648647304849878,348.4092623894465,110.4092623894465,25.810077069798133
NGC 6195,15.47,249.0,9.98,5589.576199095023,243.50238376629625,-5.497616233703781,0.0622400316249396,243.5023837662962,-5.497616233703809,0.0622400316249402,354.7311058482786,105.73110584827862,23.021123425557096
NGC 6195,16.35,250.0,6.15,5300.83095412844,232.66250896569147,-17.337491034308528,0.7092322738050212,232.66250896569144,-17.337491034308556,0.7092322738050234,357.4118051955844,107.4118051955844,27.22199952898719
NGC 6195,17.92,253.0,6.96,4826.183671874999,236.80516618346115,-16.194833816538846,0.6037005718267086,236.80516618346115,-16.194833816538875,0.6037005718267107,361.2061525042734,108.2061525042734,26.95085240404711
NGC 6195,19.1,258.0,15.4,4541.952884816753,247.434650313993,-10.56534968600701,0.1791299409262604,247.43465031399296,-10.56534968600704,0.1791299409262613,364.57147545845265,106.57147545845265,18.225623245059978
NGC 6195,22.52,254.0,6.51,3666.323006216697,255.2352042906724,1.2352042906723284,0.003561625854458,255.2352042906724,1.2352042906723284,0.003561625854458,366.00643404630506,112.00643404630506,29.285770435576456
NGC 6195,26.05,256.0,7.73,2778.97375815739,247.0815275634696,-8.918472436530408,0.1784377636155651,247.0815275634696,-8.918472436530408,0.1784377636155651,356.73801103709826,100.73801103709826,22.7663058786842
NGC 6195,29.48,255.0,8.5,2133.9918215739485,230.5141198534708,-24.48588014652927,1.308365142499064,230.5141198534708,-24.48588014652927,1.308365142499064,346.54378641123265,91.54378641123265,18.28753918277225
NGC 6195,33.0,244.0,5.75,1682.4117181818183,214.7989641444176,-29.20103585558246,2.034781196215392,214.7989641444176,-29.20103585558246,2.034781196215392,338.64078341742163,94.64078341742163,21.373608676183885
NGC 6195,36.43,246.0,4.24,1404.2524155915455,204.8008478791772,-41.199152120822816,4.201644188872599,204.8008478791772,-41.199152120822845,4.201644188872605,335.4070873531569,89.4070873531569,19.78730322912713
NGC 6503,0.76,77.0,10.0,6602.1578947368425,78.98071044784673,1.9807104478467323,0.0080724565395251,78.98071044784673,1.9807104478467323,0.0080724565395251,83.82757183268178,6.827571832681784,0.09591715458936151
NGC 6503,1.52,100.0,5.0,10019.021907894738,133.6927072168261,33.69270721682611,2.7620401936709635,133.6927072168261,33.69270721682611,2.7620401936709635,140.0058437998315,40.005843799831496,3.894081601305392
NGC 6503,2.28,110.0,2.0,8965.19649122807,160.12828863681688,50.12828863681688,6.443193132451343,160.12828863681688,50.12828863681688,6.443193132451343,163.9034622260717,53.903462226071696,7.45021343578856
NGC 6503,3.04,118.0,2.0,5994.405526315788,154.7912867045264,36.79128670452639,3.4707660958324613,154.7912867045264,36.79128670452639,3.4707660958324613,161.51285481995168,43.512854819951684,4.854791114313314
NGC 6503,3.79,121.0,2.0,3972.270026385224,147.77883260323304,26.77883260323304,1.8387330143384024,147.77883260323304,26.77883260323304,1.8387330143384024,154.5841581907331,33.58415819073309,2.89204020866714
NGC 6503,4.55,121.0,2.0,2781.8438021978022,135.49466008482722,14.494660084827215,0.5387055666017522,135.49466008482722,14.494660084827215,0.5387055666017522,149.1447089150616,28.144708915061614,2.0310888202911506
NGC 6503,5.31,117.0,2.0,2064.865423728814,125.7994772850153,8.7994772850153,0.1985405140756416,125.7994772850153,8.7994772850153,0.1985405140756416,145.44765634442246,28.447656344422455,2.0750491063855363
NGC 6503,6.07,116.0,2.0,1599.647858319605,117.0825127880304,1.0825127880304135,0.0030047024006394,117.08251278803044,1.0825127880304422,0.0030047024006395,142.84666997673995,26.846669976739946,1.848060740615359
NGC 6503,6.83,116.0,2.0,1298.6750366032209,109.77790443936658,-6.22209556063342,0.0992678799119336,109.77790443936658,-6.22209556063342,0.0992678799119336,141.61644264918664,25.616442649186638,1.682569574356585
NGC 6503,7.59,116.0,2.0,1073.3096179183135,102.84440284963158,-13.155597150368422,0.4437685548276455,102.84440284963156,-13.155597150368436,0.4437685548276464,140.50962393489704,24.509623934897036,1.5403119626412247
NGC 6503,8.35,115.0,1.0,892.2091736526946,96.65833781413856,-18.34166218586145,0.8692934670290953,96.65833781413856,-18.34166218586145,0.8692934670290953,139.1129101754832,24.112910175483194,1.5024093982711135
NGC 6503,9.11,115.0,1.0,757.9739626783754,92.33552753869844,-22.66447246130156,1.3273341394033504,92.33552753869844,-22.66447246130156,1.3273341394033504,138.20353990295268,23.203539902952684,1.3912254884442312
NGC 6503,9.86,116.0,1.0,660.9332352941177,89.59841292166658,-26.40158707833342,1.8011467706842952,89.59841292166658,-26.40158707833342,1.8011467706842952,137.92634181446797,21.926341814467975,1.2422854402193455
NGC 6503,10.64,117.0,1.0,578.0906015037596,87.2384661651049,-29.761533834895104,2.288756837740584,87.40386859203136,-29.59613140796864,2.263387582216403,137.6348366577732,20.634836657773207,1.1002493123849637
NGC 6503,11.38,117.0,1.0,510.3826362038664,85.0393498847512,-31.9606501152488,2.639491358628819,86.00321679721927,-30.996783202780733,2.4826888085793017,137.17010414972623,20.170104149726228,1.051248324058923
NGC 6503,12.12,118.0,1.0,455.9168646864688,83.2533211226379,-34.7466788773621,3.1197201369677563,85.01206583617557,-32.987934163824434,2.81189612505637,136.93384282086387,18.933842820863873,0.9263317931916755
NGC 6503,12.86,117.0,1.0,411.0154354587871,81.61724712010428,-35.38275287989572,3.234985016433511,84.14131737442803,-32.85868262557197,2.789904454491125,136.84406436504406,19.844064365044062,1.0175371848165675
NGC 6503,13.7,116.0,1.0,367.16884671532847,79.86684065630008,-36.13315934369992,3.3736568582873607,83.28104789984916,-32.718952100150844,2.7662269419430627,136.69712200820115,20.69712200820115,1.1069014455358253
NGC 6503,14.44,115.0,1.0,332.1019459833795,78.32959212383231,-36.67040787616769,3.4747256170658947,82.62877147356082,-32.37122852643918,2.707742729485658,136.34206687931533,21.342066879315325,1.1769607717859643
NGC 6503,15.18,117.0,1.0,301.14104084321474,76.77262921968077,-40.227370780319234,4.1815022219568005,81.96528695752005,-35.03471304247995,3.171656635578591,135.9315822148985,18.931582214898498,0.9261106076471863
NGC 6503,15.91,116.0,1.0,275.1044186046512,75.37763251941581,-40.62236748058419,4.264022583275514,81.42926503292514,-34.570734967074856,3.0882059849192043,135.62689322777237,19.62689322777237,0.9953874361095012
NGC 6503,16.65,115.0,2.0,253.3928768768769,74.01293941186276,-40.98706058813724,4.307536245270854,80.73667747419658,-34.26332252580342,3.010193001300584,135.55350056649613,20.553500566496126,1.0831958603511707
NGC 6503,17.49,115.0,2.0,230.8723727844483,72.43883323590876,-42.56116676409124,4.644751067489192,79.9351424141085,-35.0648575858915,3.1526775320996228,135.33553079819862,20.33553079819862,1.0603431098576526
NGC 6503,18.23,115.0,2.0,212.7019473395502,71.16424574220618,-43.83575425779382,4.927111157306896,79.4639205655832,-35.536079434416806,3.237981901459438,135.02975295725315,20.02975295725315,1.028694880842542
NGC 6503,18.97,114.0,2.0,195.8641275698471,69.77855067605061,-44.221449323949386,5.014196359770829,78.84355130483564,-35.15644869516436,3.169168935527497,134.60823330991528,20.608233309915278,1.0889725132202606
NGC 6503,19.71,115.0,2.0,181.713932014206,68.74166715378044,-46.25833284621956,5.486752199260604,78.64901312483467,-36.35098687516533,3.3881903764062624,134.37747593044955,19.37747593044955,0.962786085731158
NGC 6503,20.45,114.0,2.0,169.306097799511,67.66553195542933,-46.33446804457067,5.504828023008566,78.24738096778778,-35.75261903221222,3.2775635068269326,134.2208982896738,20.220898289673812,1.0484223785675213
NGC 6503,21.29,116.0,2.0,156.8127101925787,66.24242334518199,-49.75757665481801,6.348247268102796,77.23778818021779,-38.76221181978221,3.852587346568368,134.08192714511034,18.081927145110342,0.8383489468745595
NGC 6503,22.03,115.0,3.0,146.59945528824326,64.66590538825771,-50.33409461174229,6.413977418693225,75.61172212227578,-39.38827787772422,3.927687175121061,133.88789988955955,18.88789988955955,0.90317154996968
NGC 6503,22.76,118.0,4.0,137.53993848857644,62.43028950147483,-55.56971049852517,7.681573942512185,72.22925741462578,-45.77074258537422,5.211345464717884,133.7270877224208,15.727087722420805,0.6152768363898489
NGC 6503,23.5,115.0,10.0,128.8798170212766,59.8915169020462,-55.1084830979538,6.248857838184074,67.90097182067635,-47.09902817932365,4.564441266330707,133.48722784899078,18.487227848990784,0.7032460772438279
NGC 6674,2.5,206.0,75.0,17807.61316,212.15323145267143,6.1532314526714345,0.0062988283663525,212.15323145267143,6.1532314526714345,0.0062988283663525,228.87970737647836,22.879707376478365,0.0870871751178304
NGC 6674,7.49,285.0,8.0,7676.3208811749,241.65003713005987,-43.34996286994013,4.176042846278195,241.65003713005984,-43.34996286994016,4.1760428462782,279.19838608305645,-5.801613916943552,0.07479716453616245
NGC 6674,12.54,291.0,7.0,4840.945079744816,250.1385785695016,-40.86142143049847,3.838289106484596,250.1385785695016,-40.86142143049847,3.838289106484596,302.50388395824694,11.503883958246945,0.3042283818961181
NGC 6674,17.45,274.0,5.0,3056.5470830945565,234.46610419952736,-39.53389580047264,3.8027467570866857,234.46610419952736,-39.53389580047264,3.8027467570866857,301.90579548908585,27.905795489085847,1.8947285203860924
NGC 6674,22.47,266.0,4.0,2046.1612016021363,217.68390370628845,-48.31609629371155,5.8070775150826055,217.68390370628845,-48.31609629371155,5.8070775150826055,298.2827441871328,32.28274418713278,2.592476547890187
NGC 6674,27.48,255.0,2.0,1459.7883915574964,203.2304299617124,-51.76957003828758,6.872021492177342,203.2304299617124,-51.76957003828761,6.87202149217735,294.9935231066885,39.993523106688485,4.101235616628784
NGC 6674,32.5,250.0,2.0,1058.8029784615385,187.9189782264349,-62.08102177356511,9.88218785756376,187.9189782264349,-62.08102177356511,9.88218785756376,289.5119930280671,39.51199302806708,4.003070751410312
NGC 6674,37.51,242.0,2.0,796.4537696614237,174.77305119687978,-67.22694880312022,11.588365757377812,174.77305119687978,-67.22694880312022,11.588365757377812,284.7150762158863,42.71507621588631,4.67840445161276
NGC 6674,42.42,237.0,2.0,626.1500518623291,164.60604494546968,-72.39395505453032,13.438165970352197,164.60604494546968,-72.39395505453032,13.438165970352197,281.46648665597314,44.46648665597314,5.069919065450866
NGC 6674,47.44,235.0,2.0,500.4054426644182,155.5546959815632,-79.44530401843681,16.1834777707227,156.98892714047798,-78.01107285952202,15.604429458188854,278.43758613403367,43.437586134033666,4.838009972183573
NGC 6674,52.45,236.0,2.0,404.21407244995225,146.99128653906533,-89.00871346093467,20.314233517873777,150.22853588292307,-85.77146411707693,18.863446299453887,275.02366309603605,39.023663096036046,3.904734054956219
NGC 6674,57.47,242.0,2.0,340.1603862884984,141.12934456480502,-100.87065543519498,26.08945930237392,145.81083044550653,-96.18916955449347,23.72399061431563,273.87835557623015,31.87835557623015,2.605716805755292
NGC 6674,62.48,246.0,2.0,289.20873399487834,135.75217670779094,-110.24782329220906,31.1655962581286,142.16468510159746,-103.83531489840254,27.64557082064209,272.61629426747044,26.616294267470437,1.8164797962373838
NGC 6674,67.4,242.0,4.0,245.9403456973293,129.99836279976225,-112.00163720023777,31.20489237694946,137.73655613327523,-104.26344386672476,27.04195454465092,270.44261362037736,28.442613620377358,2.012393705368347
NGC 6674,72.41,242.0,5.0,209.66510979146528,124.2719484631174,-117.7280515368826,33.72237011842065,132.39125724678277,-109.60874275321724,29.231329654357545,268.0334334022093,26.03343340220931,1.6490015929617214
NGC 6946,0.19,153.0,8.0,289287.0026315789,182.4139968486042,29.4139968486042,1.92262935691044,182.41399684860417,29.41399684860417,1.922629356910436,235.92219755435596,82.92219755435596,15.28020188276364
NGC 6946,0.56,130.0,9.0,57713.01946428571,139.90243751112538,9.902437511125385,0.2099748793613342,139.90243751112538,9.902437511125385,0.2099748793613342,185.13393449174777,55.133934491747766,6.509102211007139
NGC 6946,0.94,128.0,3.0,28983.99329787234,129.0071026029962,1.007102602996213,0.0025677358302829,129.00710260299618,1.0071026029961845,0.0025677358302827,174.26325257469048,46.26325257469048,5.418451996935711
NGC 6946,1.22,134.0,3.0,21727.98204918033,131.70620477093732,-2.293795229062681,0.0133202444376473,131.70620477093732,-2.293795229062681,0.0133202444376473,174.47586647795174,40.47586647795174,4.147584220610069
NGC 6946,1.59,129.0,4.0,17297.86471698113,129.39537479652654,0.3953747965265393,0.0003888587804189,129.39537479652654,0.3953747965265393,0.0003888587804189,180.24381219317743,51.24381219317743,6.5321599206209955
NGC 6946,1.96,131.0,7.0,14396.567499999996,130.5731554636266,-0.4268445363734088,0.0004188419729467,130.5731554636266,-0.4268445363734088,0.0004188419729467,184.9443918731138,53.9443918731138,6.689649228873716
NGC 6946,2.34,138.0,8.0,13014.236153846152,135.73001188336644,-2.269988116633556,0.011450768999239,135.73001188336644,-2.269988116633556,0.011450768999239,193.62681560859355,55.626815608593546,6.876316921672148
NGC 6946,2.71,139.0,5.0,12659.557269372695,145.0652052534441,6.065205253444105,0.0895053887260486,145.06520525344408,6.065205253444077,0.0895053887260477,205.9671834651568,66.96718346515681,10.911444431279735
NGC 6946,2.99,143.0,3.0,11714.415551839464,148.2670660175149,5.267066017514907,0.0702328719819249,148.2670660175149,5.267066017514907,0.0702328719819249,209.44290597066984,66.44290597066984,11.176353807157655
NGC 6946,3.37,146.0,2.0,10877.84599406528,152.92187559717476,6.921875597174761,0.1228522096993934,152.92187559717473,6.921875597174733,0.1228522096993924,215.63048823979327,69.63048823979327,12.431807416697406
NGC 6946,3.74,154.0,2.0,10025.804438502671,164.22457990559843,10.224579905598432,0.2680564980665826,164.2245799055984,10.224579905598404,0.2680564980665811,219.67484261160888,65.67484261160888,11.05944859502461
NGC 6946,4.12,161.0,1.0,9311.190995145633,169.64689936097702,8.646899360977017,0.1932012107464205,169.64689936097702,8.646899360977017,0.1932012107464205,223.7278948952135,62.727894895213495,10.167412914689796
NGC 6946,4.4,167.0,2.0,8980.240840909088,178.6311745620494,11.63117456204941,0.3468826197252955,178.6311745620494,11.63117456204941,0.3468826197252955,227.84573237062642,60.84573237062642,9.492828583892042
NGC 6946,4.77,173.0,2.0,8641.96283018868,173.6812125528616,0.6812125528616093,0.0011898731850672,173.6812125528616,0.6812125528616093,0.0011898731850672,233.59250633033406,60.59250633033406,9.413979034337368
NGC 6946,5.15,176.0,4.0,8334.9053592233,174.55523434731924,-1.4447656526807575,0.0051924074407115,174.55523434731924,-1.4447656526807575,0.0051924074407115,239.22396530243395,63.22396530243395,9.943457185481027
NGC 6946,5.52,178.0,5.0,8231.159873188406,173.480175342854,-4.519824657145989,0.0497051458183573,173.480175342854,-4.519824657145989,0.0497051458183573,246.43153272719752,68.43153272719752,11.39385564815938
NGC 6946,5.89,180.0,3.0,7730.217351443124,166.40984074436844,-13.590159255631562,0.4675757685909575,166.4098407443684,-13.59015925563159,0.4675757685909594,248.2753652428099,68.2753652428099,11.801330377314162
NGC 6946,6.17,179.0,4.0,7152.272123176662,163.28933811772998,-15.710661882270015,0.6139922805448061,163.28933811772995,-15.710661882270044,0.6139922805448084,246.43592737792886,67.43592737792886,11.312448510749492
NGC 6946,6.55,180.0,5.0,6688.497221374047,162.69648012911023,-17.303519870889772,0.7284958635578521,162.6964801291102,-17.3035198708898,0.7284958635578545,247.34119334627724,67.34119334627724,11.033665015330154
NGC 6946,6.92,181.0,4.0,6367.546329479769,163.16704479258917,-17.832955207410834,0.7910803269391073,163.16704479258917,-17.832955207410834,0.7910803269391073,249.42328916520097,68.42328916520097,11.646135572598778
NGC 6946,7.3,179.0,4.0,5879.013671232877,161.0628813654984,-17.937118634501587,0.8003488181795624,161.0628813654984,-17.937118634501587,0.8003488181795624,248.42336809981077,69.42336809981077,11.989064771944836
NGC 6946,7.58,179.0,2.0,5483.073614775726,159.43945617855863,-19.56054382144137,0.9810637810013544,159.43945617855863,-19.56054382144137,0.9810637810013544,246.49636922616816,67.49636922616816,11.68143553516723
NGC 6946,7.95,179.0,1.0,4978.956905660377,160.06168184182093,-18.938318158179072,0.9267697536444836,160.06168184182093,-18.938318158179072,0.9267697536444836,243.4112372514362,64.4112372514362,10.720432775867708
NGC 6946,8.33,178.0,1.0,4527.820756302522,165.16291995746974,-12.83708004253026,0.4258155659388339,165.16291995746974,-12.83708004253026,0.4258155659388339,240.4840841905096,62.484084190509606,10.088529139862255
NGC 6946,8.7,177.0,2.0,4247.084528735632,169.90122517275498,-7.098774827245023,0.1292118052510964,169.90122517275498,-7.098774827245023,0.1292118052510964,240.02268113319974,63.02268113319974,10.18425214671018
NGC 6946,9.08,176.0,2.0,4000.290848017621,170.82307524802172,-5.176924751978277,0.0687193586862701,170.82307524802172,-5.176924751978277,0.0687193586862701,239.88492822453782,63.884928224537816,10.464830908344483
NGC 6946,9.36,173.0,3.0,3815.963440170941,164.86707527565645,-8.132924724343553,0.1674543406881991,164.86707527565645,-8.132924724343553,0.1674543406881991,239.4065895663701,66.40658956637009,11.164139589459069
NGC 6946,9.73,172.0,2.0,3559.754511819116,165.42412805076418,-6.575871949235818,0.1108771586993499,165.42412805076418,-6.575871949235818,0.1108771586993499,238.03459789136016,66.03459789136016,11.180943894034945
NGC 6946,10.1,172.0,2.0,3333.566683168317,157.4875742796526,-14.512425720347409,0.5400269238169256,157.48757427965262,-14.51242572034738,0.5400269238169235,236.87562453401162,64.87562453401162,10.7919145094309
NGC 6946,10.48,170.0,2.0,3115.220047709924,156.88948954568409,-13.110510454315914,0.4407320112121202,156.8894895456841,-13.110510454315886,0.4407320112121182,235.54614117674132,65.54614117674132,11.016145187593086
NGC 6946,10.76,171.0,2.0,2968.2592657992573,158.1065285870716,-12.893471412928392,0.4262605258359017,158.1065285870716,-12.893471412928392,0.4262605258359017,234.63312639004943,63.633126390049426,10.382499420953858
NGC 6946,11.13,174.0,2.0,2779.5608086253364,152.43827180334551,-21.561728196654485,1.192072109811295,152.43827180334554,-21.561728196654457,1.192072109811292,233.19817870390077,59.198178703900766,8.985703491946078
NGC 6946,11.51,174.0,2.0,2610.504682884448,155.07268979189158,-18.927310208108423,0.9185719787537572,155.07268979189158,-18.927310208108423,0.9185719787537572,232.0222816713193,58.02228167131929,8.632269667553627
NGC 6946,11.88,175.0,2.0,2457.67984006734,156.09828386600157,-18.90171613399844,0.9160894174621966,156.09828386600157,-18.90171613399844,0.9160894174621966,230.8593145268374,55.85931452683741,8.000674408738844
NGC 6946,12.26,174.0,2.0,2317.4607585644376,158.0567575573831,-15.943242442616937,0.6517614861129796,158.0567575573831,-15.943242442616937,0.6517614861129796,229.8423928852237,55.84239288522369,7.995827802942772
NGC 6946,12.54,173.0,6.0,2223.1791547049443,148.84853370477492,-24.15146629522508,1.3822116687426371,148.8485337047749,-24.151466295225102,1.3822116687426405,229.18189561008904,56.18189561008904,7.47963363588375
NGC 6946,12.91,173.0,6.0,2106.781107668474,142.19263184731932,-30.80736815268068,2.2490377547270235,142.19263184731932,-30.80736815268068,2.2490377547270235,228.33426702948876,55.33426702948876,7.255642435286176
NGC 6946,13.29,173.0,8.0,1998.688164033108,147.71979581083983,-25.280204189160173,1.4201971641014035,147.71979581083983,-25.280204189160173,1.4201971641014035,227.5919989026668,54.5919989026668,6.622858542641719
NGC 6946,13.66,175.0,9.0,1903.3113177159585,144.7858885921704,-30.21411140782959,1.9548019875047928,144.7858885921704,-30.21411140782959,1.9548019875047928,226.98653263900079,51.986532639000785,5.787151125965512
NGC 6946,14.03,174.0,9.0,1812.730149679259,144.46148168804945,-29.53851831195056,1.8683598802257777,144.46148168804945,-29.53851831195056,1.8683598802257777,226.32998505734852,52.32998505734852,5.863870098720171
NGC 6946,14.31,171.0,9.0,1748.9804402515724,147.9054556636668,-23.0945443363332,1.1420941715264663,147.9054556636668,-23.0945443363332,1.1420941715264663,225.87733228308608,54.877332283086076,6.448654386527283
NGC 6946,14.69,167.0,8.0,1654.3152144315864,145.2777516909584,-21.72224830904159,1.0485690479992449,145.27775169095838,-21.722248309041618,1.0485690479992475,224.6895626057937,57.6895626057937,7.395745852550646
NGC 6946,15.06,165.0,7.0,1564.0465471447546,135.37666212833682,-29.623337871663185,2.017338268180952,135.37666212833682,-29.623337871663185,2.017338268180952,223.34976861842168,58.34976861842168,7.826886201892752
NGC 6946,15.44,163.0,8.0,1483.5923380829015,133.19529196591873,-29.80470803408128,1.9740458244373973,133.1952919659187,-29.8047080340813,1.974045824437401,222.28588961335797,59.285889613357966,7.810703793882814
NGC 6946,15.72,162.0,8.0,1431.1064949109411,132.49198924216262,-29.508010757837383,1.9349393308547704,132.49198924216262,-29.508010757837383,1.9349393308547704,221.68355476843718,59.683554768437176,7.915837132882311
NGC 6946,16.09,161.0,9.0,1313.859328775637,125.35176397839597,-35.64823602160405,2.7211921444368063,125.35176397839597,-35.64823602160405,2.7211921444368063,218.17387436176318,57.17387436176318,6.999682889795892
NGC 6946,16.47,159.0,10.0,1251.0226775956285,125.83615298861892,-33.16384701138108,2.263046807807181,125.8361529886189,-33.163847011381094,2.2630468078071826,217.29451010249244,58.29451010249244,6.99228376150122
NGC 6946,16.84,158.0,10.0,1194.779394299287,127.90127454553038,-30.098725454469616,1.8640602345340271,127.90127454553036,-30.09872545446963,1.864060234534029,216.52073811337021,58.520738113370214,7.046660060357328
NGC 6946,17.21,157.0,10.0,1141.807443346891,125.18418912759526,-31.81581087240474,2.0828103322399745,125.18418912759525,-31.81581087240476,2.082810332239976,215.75654672706492,58.756546727064915,7.103563340102393
NGC 6946,17.5,157.0,10.0,1102.2067828571426,119.34230494820989,-37.657695051790114,2.9179053428263737,119.34230494820989,-37.657695051790114,2.9179053428263737,215.15090941575522,58.15090941575522,6.957877090286768
NGC 6946,17.87,157.0,9.0,1055.066821488528,118.31896257175308,-38.68103742824691,3.2039029047653926,118.31896257175308,-38.68103742824693,3.203902904765395,214.43926307683842,57.439263076838415,7.064815723362426
NGC 6946,18.24,160.0,11.0,1011.423360745614,117.14021532113416,-42.85978467886584,3.623197520155311,117.14021532113416,-42.85978467886584,3.623197520155311,213.7944902706399,53.7944902706399,5.707785371751421
NGC 6946,18.62,159.0,12.0,969.2473093447904,115.70616500951864,-43.29383499048136,3.5365210343076,115.70616500951864,-43.29383499048136,3.5365210343076,213.15311976362239,54.153119763622385,5.533132792704206
NGC 6946,18.9,160.0,14.0,939.5032063492064,116.43274339323524,-43.56725660676476,3.261350254707367,116.43274339323524,-43.56725660676476,3.261350254707367,212.67483138367896,52.67483138367896,4.767419005668402
NGC 6946,19.27,158.0,16.0,903.9999429164504,111.01845976629032,-46.98154023370967,3.438107667806355,111.01845976629032,-46.98154023370967,3.438107667806355,212.19312371018805,54.19312371018805,4.574602270198981
NGC 6946,19.65,155.0,18.0,870.9101781170483,107.36152030933506,-47.63847969066494,3.196372883433656,107.36152030933506,-47.63847969066494,3.196372883433656,211.81679697923977,56.81679697923977,4.546687914056548
NGC 6946,20.02,157.0,19.0,833.6397252747252,103.29688796380216,-53.70311203619784,3.860808892064816,103.29688796380216,-53.70311203619784,3.860808892064816,210.93799749803236,53.93799749803236,3.894655387011707
NGC 6946,20.4,154.0,21.0,798.6659852941177,100.22853279746028,-53.77146720253971,3.496216064224672,100.22853279746028,-53.771467202539725,3.496216064224674,210.14605659194046,56.146056591940464,3.8118254786280303
NGC 7331,2.67,221.0,20.0,44809.40644194756,269.39090425548835,48.39090425548835,2.979236150971808,269.39090425548835,48.39090425548835,2.979236150971808,358.9191630416514,137.91916304165142,24.200630450521153
NGC 7331,3.21,237.0,13.0,41676.3878504673,284.8153895612414,47.815389561241375,4.119480142150038,284.8153895612414,47.815389561241375,4.119480142150038,380.4804522819868,143.4804522819868,37.09304538206034
NGC 7331,3.74,249.0,8.0,39251.654786096246,298.35825303162966,49.35825303162966,5.413860316298619,298.35825303162966,49.35825303162966,5.413860316298619,399.42915946671445,150.42915946671445,50.28651559524935
NGC 7331,4.27,250.0,5.0,34573.7368618267,300.0552114138701,50.0552114138701,6.0961659116477644,300.05521141387004,50.05521141387004,6.096165911647751,402.5359941373485,152.5359941373485,56.61126400844091
NGC 7331,4.81,253.0,5.0,30253.202515592508,297.0331607069218,44.03316070692182,4.717565065308039,297.0331607069218,44.03316070692182,4.717565065308039,401.9452007646595,148.9452007646595,53.977306157724385
NGC 7331,5.35,257.0,5.0,27489.22274766356,298.61032203221544,41.61032203221544,4.212698052614777,298.6103220322155,41.61032203221549,4.212698052614789,405.89538107213286,148.89538107213286,53.94120317424735
NGC 7331,5.88,257.0,5.0,24103.204642857145,293.138453606699,36.13845360669899,3.177585958840718,293.138453606699,36.13845360669899,3.177585958840718,401.1289087222108,144.12890872221078,50.54292537580381
NGC 7331,6.41,257.0,5.0,21450.427285491423,288.76223082317773,31.76223082317773,2.454596853685697,288.76223082317773,31.76223082317773,2.454596853685697,397.6615580671129,140.66155806711288,48.14032583422814
NGC 7331,7.48,257.0,5.0,16875.924812834226,277.33588300659665,20.33588300659665,1.0061998483162682,277.33588300659665,20.33588300659665,1.0061998483162682,386.7844738908928,129.7844738908928,40.982991881109086
NGC 7331,8.55,255.0,5.0,13011.638760233918,265.8574162306701,10.857416230670085,0.286821136754302,265.8574162306701,10.857416230670085,0.286821136754302,370.08726408635323,115.08726408635323,32.22646801674455
NGC 7331,9.62,248.0,6.0,10665.68363825364,265.9432477013323,17.943247701332325,0.7629387158089285,265.94324770133227,17.943247701332268,0.7629387158089236,361.3737033162699,113.37370331626988,30.458759724278636
NGC 7331,10.66,247.0,6.0,8953.535562851781,258.52289317099763,11.522893170997634,0.3146375995976869,258.52289317099763,11.522893170997634,0.3146375995976869,354.21849880337766,107.21849880337766,27.24124759632677
NGC 7331,11.74,246.0,6.0,7556.416533219761,245.5978576445384,-0.4021423554615921,0.0003832191328345,245.5978576445384,-0.4021423554615921,0.0003832191328345,347.3766689066522,101.37666890665218,24.353623219452558
NGC 7331,12.83,244.0,6.0,6550.990249415433,238.3099764202053,-5.69002357979474,0.0767212519872515,238.3099764202053,-5.69002357979474,0.0767212519872515,343.38416006806716,99.38416006806716,23.40571391572321
NGC 7331,13.91,242.0,4.0,5717.159928109274,235.2617086280657,-6.7382913719342525,0.1129466930673721,235.2617086280657,-6.7382913719342525,0.1129466930673721,339.27817111065116,97.27817111065116,23.539906902072453
NGC 7331,15.0,238.0,3.0,4998.076220000001,231.57621178473244,-6.423788215267564,0.1044684937585074,231.57621178473244,-6.423788215267564,0.1044684937585074,334.8325638823825,96.83256388238249,23.738089691229586
NGC 7331,16.08,236.0,3.0,4422.676050995025,228.12551684671163,-7.874483153288367,0.1569809745099298,228.12551684671163,-7.874483153288367,0.1569809745099298,331.227986285867,95.22798628586702,22.95789714445893
NGC 7331,17.07,233.0,3.0,4002.684803749268,225.09445442932864,-7.905545570671364,0.1582219006834471,225.09445442932864,-7.905545570671364,0.1582219006834471,328.9816784861019,95.98167848610188,23.322740772175777
NGC 7331,18.15,234.0,3.0,3643.2802809917353,223.5238459977516,-10.47615400224842,0.2778476017185459,223.5238459977516,-10.47615400224842,0.2778476017185459,327.83383151674025,93.83383151674025,22.290602372435433
NGC 7331,19.24,236.0,3.0,3352.048050935551,229.63495044679124,-6.365049553208763,0.1025667235817799,229.63495044679124,-6.365049553208763,0.1025667235817799,327.5820330749773,91.58203307497729,21.233591853534772
NGC 7331,20.32,237.0,3.0,3077.520895669292,229.63862523141148,-7.361374768588519,0.1371894645154725,229.63862523141148,-7.361374768588519,0.1371894645154725,326.57699686884,89.57699686884001,20.314021184911834
NGC 7331,21.41,238.0,3.0,2781.003311536665,219.10409861925527,-18.89590138074462,0.9039369341539908,219.1040986192554,-18.89590138074459,0.903936934153988,323.4928096819212,85.49280968192119,18.503849385592904
NGC 7331,22.49,240.0,3.0,2519.908915073366,214.06345464488567,-25.93654535511422,1.7030490758427772,214.06345464488567,-25.936545355114248,1.703049075842781,320.38965819155874,80.38965819155874,16.360752263685182
NGC 7331,23.48,238.0,3.0,2321.312167802385,216.17274457987065,-21.827255420129347,1.2061495675330784,216.17274457987065,-21.827255420129376,1.2061495675330816,318.25891263270336,80.25891263270336,16.30757735945294
NGC 7331,24.57,237.0,3.0,2114.206573056573,208.1397275813208,-28.860272418679244,2.108646390076906,208.1397275813208,-28.860272418679244,2.108646390076906,315.375140764222,78.37514076422201,15.551044784333202
NGC 7331,25.65,236.0,3.0,1938.0698362573096,202.6217159113508,-33.378284088649224,2.820531262538162,202.6217159113508,-33.378284088649224,2.820531262538162,312.93132514103684,76.93132514103684,14.983364020141584
NGC 7331,26.74,238.0,3.0,1782.9568362004488,199.8170146354552,-38.182985364544834,3.690988281896316,199.8170146354552,-38.182985364544834,3.690988281896316,310.7451134200966,72.74511342009657,13.397092472158771
NGC 7331,27.82,239.0,3.0,1642.9555176132278,199.0188260154673,-39.98117398453269,4.046820944763224,199.0188260154673,-39.98117398453269,4.046820944763224,308.50747048234877,69.50747048234877,12.231110007226796
NGC 7331,28.91,239.0,3.0,1513.8044517468004,193.49762632025383,-45.50237367974614,5.241686102509505,193.49762632025383,-45.50237367974614,5.241686102509505,306.1713662380981,67.17136623809807,11.422765676690384
NGC 7331,29.89,241.0,4.0,1408.2463198394112,186.99312574162843,-54.00687425837157,7.255578276516312,186.99312574162843,-54.00687425837157,7.255578276516312,304.0918433608894,63.09184336088941,9.90194203650499
NGC 7331,30.98,236.0,4.0,1303.2156391220144,184.804763614408,-51.19523638559198,6.519781663125973,184.804763614408,-51.19523638559201,6.519781663125981,301.94696062554635,65.94696062554635,10.818411979471048
NGC 7331,32.06,236.0,5.0,1212.953917654398,177.25730092418576,-58.74269907581424,8.395875169614763,177.25730092418576,-58.74269907581424,8.395875169614763,300.1917565817096,64.19175658170963,10.025746017142241
NGC 7331,33.15,239.0,5.0,1134.0609411764706,164.55873599429253,-74.44126400570747,13.482972717195713,164.55873599429253,-74.44126400570747,13.482972717195713,298.7987450597463,59.798745059746295,8.70046206987964
NGC 7331,34.23,237.0,5.0,1063.5209582237803,154.37239883965032,-82.62760116034968,16.611485337016596,154.37239883965032,-82.62760116034968,16.611485337016596,297.5334980438644,60.53349804386443,8.91558244629328
NGC 7331,35.32,241.0,7.0,998.5334852774632,148.1208779468456,-92.8791220531544,19.83110646750517,148.1208779468456,-92.8791220531544,19.83110646750517,296.31307909876057,55.31307909876057,7.0334177457143525
NGC 7331,36.31,238.0,9.0,933.014635086753,143.98327020978192,-94.01672979021808,18.92750638211324,143.9832702097819,-94.01672979021812,18.927506382113243,294.14562600849774,56.14562600849774,6.750174132518412
NGC 7793,0.11,9.1,8.5,6744.503636363636,37.38587949810516,28.28587949810516,1.7459704942309338,37.38587949810516,28.28587949810516,1.7459704942309338,32.15756856838966,23.057568568389655,1.1601777813114904
NGC 7793,0.14,17.6,7.4,6393.075714285714,41.06342480971296,23.46342480971296,1.2490523273460696,41.06342480971296,23.46342480971296,1.2490523273460696,35.53209235087173,17.932092350871727,0.729557891097632
NGC 7793,0.17,19.3,7.4,6147.087647058823,44.37040426334945,25.07040426334945,1.4260031988559991,44.37040426334945,25.07040426334945,1.4260031988559991,38.56540991737545,19.265409917375447,0.8420819023607138
NGC 7793,0.21,24.8,6.4,6043.842380952379,48.884557813631744,24.084557813631744,1.3585954775111715,48.884557813631744,24.084557813631744,1.3585954775111715,42.58445179916113,17.78445179916113,0.740787722027088
NGC 7793,0.24,30.0,7.2,6012.616666666666,51.87185359719655,21.871853597196548,1.0925862867193483,51.87185359719656,21.871853597196555,1.0925862867193492,45.434123005442935,15.434123005442935,0.5440621070417112
NGC 7793,0.28,35.0,7.3,5910.210357142857,55.23671330429817,20.23671330429817,0.9322419480533556,55.23671330429817,20.23671330429817,0.9322419480533556,48.751865536515325,13.751865536515325,0.4304987724154839
NGC 7793,0.32,38.3,7.6,5835.445312500001,57.11716751033927,18.817167510339274,0.7979218341269334,57.11716751033927,18.817167510339274,0.7979218341269334,51.86429271434487,13.564292714344873,0.4146160916721413
NGC 7793,0.35,42.7,8.8,5800.187714285715,58.387354005200784,15.68735400520078,0.5310138867695688,58.387354005200784,15.68735400520078,0.5310138867695688,54.11530069993895,11.415300699938946,0.2811779088339949
NGC 7793,0.39,47.0,5.3,5748.66282051282,59.48239756777409,12.482397567774091,0.3762714604070917,59.48239756777409,12.482397567774091,0.3762714604070917,56.92937942680892,9.929379426808921,0.23809455867453036
NGC 7793,0.42,49.8,5.6,5696.529761904762,60.39023681117544,10.590236811175444,0.2687203270959734,60.39023681117544,10.590236811175444,0.2687203270959734,58.873182168123435,9.073182168123438,0.19724610565447845
NGC 7793,0.46,52.2,6.2,5660.410652173913,63.39288999829102,11.192889998291015,0.2951672474645251,63.39288999829102,11.192889998291015,0.2951672474645251,61.4635459011164,9.263545901116395,0.2021800081568428
NGC 7793,0.49,53.4,6.3,5653.283469387756,68.21338502159591,14.813385021595913,0.515483980826522,68.21338502159591,14.813385021595913,0.515483980826522,63.405659925140185,10.005659925140186,0.235178722867712
NGC 7793,0.53,54.6,5.9,5673.585094339621,73.22862337674788,18.628623376747875,0.8246610320874442,73.22862337674788,18.628623376747875,0.8246610320874442,66.03312022075019,11.43312022075019,0.31063006578295876
NGC 7793,0.56,55.5,6.9,5654.120178571428,71.44622299268435,15.946222992684357,0.58643026621253,71.44622299268435,15.946222992684357,0.58643026621253,67.78732780075643,12.28732780075643,0.34818944323987416
NGC 7793,0.6,55.9,7.5,5532.129666666668,78.1466194245028,22.246619424502803,1.1190776163225902,78.14661942450279,22.24661942450279,1.1190776163225886,69.5860369971093,13.686036997109305,0.42353331528828647
NGC 7793,0.63,58.3,7.4,5446.481587301588,79.40108614712356,21.101086147123567,1.0102001919147157,79.40108614712356,21.101086147123567,1.0102001919147157,70.8829464000962,12.582946400096205,0.3592216628271487
NGC 7793,0.66,59.3,6.3,5389.4984848484855,78.88774061026011,19.58774061026012,0.901312180729717,78.88774061026011,19.58774061026012,0.901312180729717,72.2620979493545,12.9620979493545,0.3946909329527594
NGC 7793,0.7,59.5,6.7,5339.249285714286,82.53198729173158,23.031987291731586,1.2311087252117363,82.53198729173157,23.031987291731568,1.2311087252117348,74.15597614941906,14.655976149419061,0.49849761399043924
NGC 7793,0.87,59.1,5.1,5032.184482758621,89.70530906675064,30.60530906675064,2.273451962504136,89.70530906675064,30.60530906675064,2.273451962504136,80.8446877226598,21.744687722659798,1.1476212814154796
NGC 7793,1.05,62.6,5.5,4635.051523809524,91.48149660196886,28.88149660196885,2.003941972299192,91.48149660196886,28.88149660196885,2.003941972299192,86.12614536372972,23.526145363729718,1.3296805181389582
NGC 7793,1.22,65.6,4.8,4314.20131147541,90.87339212320292,25.27339212320294,1.561569404980384,90.87339212320292,25.27339212320294,1.561569404980384,90.40262295928484,24.802622959284847,1.503936303687766
NGC 7793,1.4,70.7,4.6,4101.717857142858,90.22466032179786,19.524660321797853,0.9362716393594348,90.22466032179786,19.524660321797853,0.9362716393594348,95.06101207734197,24.361012077341968,1.457557003223306
NGC 7793,1.57,73.9,4.0,4016.012738853504,89.05944058700268,15.159440587002678,0.5716632808727963,89.0594405870027,15.159440587002692,0.5716632808727973,99.89236243001547,25.99236243001546,1.6806042405305455
NGC 7793,1.75,78.5,4.2,3967.28697142857,91.54604652551032,13.046046525510334,0.4216612078728081,91.54604652551032,13.04604652551032,0.4216612078728072,104.99423649546722,26.49423649546722,1.7390361893710908
NGC 7793,1.92,82.4,4.6,4061.6692708333335,98.73249777272032,16.332497772720302,0.6551490409075391,98.73249777272032,16.332497772720302,0.6551490409075391,110.92477758573654,28.52477758573653,1.9983862273203095
NGC 7793,2.1,87.1,4.9,4145.060952380952,108.50802839376388,21.408028393763885,1.1177865898592736,108.50802839376388,21.408028393763885,1.1177865898592736,116.87508356226105,29.77508356226106,2.162277995999192
NGC 7793,2.27,89.6,5.4,4152.762114537444,117.61690711996263,28.01690711996264,1.8907098096363164,117.61690711996263,28.016907119962653,1.8907098096363184,121.59648555554382,31.996485555543828,2.4659771844737564
NGC 7793,2.45,94.9,5.7,3906.760204081632,123.98036642572468,29.080366425724662,2.020759663204412,123.98036642572464,29.080366425724648,2.0207596632044096,123.53651663652248,28.636516636522472,1.959545234232188
NGC 7793,2.62,98.1,5.0,3641.54858778626,129.19651771813025,31.09651771813025,2.3527820296690733,129.19651771813025,31.09651771813025,2.3527820296690733,124.53503552923317,26.435035529233176,1.700270324651631
NGC 7793,2.79,99.3,5.7,3466.6297491039427,134.42546850912137,35.125468509121376,2.9482151018788443,134.42546850912137,35.125468509121376,2.9482151018788443,126.25466527857488,26.95466527857488,1.7361322379985427
NGC 7793,2.97,98.6,7.2,3312.580875420875,136.10851957106962,37.50851957106963,3.213249224404607,136.10851957106962,37.50851957106963,3.213249224404607,128.1618392007265,29.561839200726496,1.9959399253828103
NGC 7793,3.16,101.0,8.7,3133.814082278481,136.14566775983027,35.145667759830275,2.6754271530342293,136.14566775983025,35.145667759830246,2.675427153034225,129.61483085537213,28.614830855372134,1.7735028804642878
NGC 7793,3.33,103.0,9.4,2945.840390390391,134.905148707965,31.905148707965,2.145919795255419,134.905148707965,31.905148707965,2.145919795255419,130.18062399794562,27.180623997945617,1.5574380658523002
NGC 7793,3.51,107.0,9.1,2760.338148148148,132.83769604658042,25.83769604658042,1.424002339957504,132.83769604658042,25.83769604658042,1.424002339957504,130.6407254795762,23.64072547957619,1.1921330628627438
NGC 7793,3.68,114.0,7.4,2604.834891304348,129.04326971800478,15.04326971800478,0.5134312637458925,129.0432697180048,15.043269718004808,0.5134312637458945,131.09572603950411,17.095726039504115,0.6630906815903872
NGC 7793,3.85,112.0,8.1,2442.1939740259745,123.60344395456788,11.603443954567863,0.2981331494138693,123.60344395456788,11.603443954567863,0.2981331494138693,131.13683764391163,19.136837643911633,0.8109177277062806
NGC 7793,4.03,114.0,7.6,2284.9435483870966,120.6352135470824,6.635213547082401,0.0992114179182121,120.6352135470824,6.635213547082401,0.0992114179182121,131.14163212924183,17.141632129241827,0.6621497026641782
NGC 7793,4.2,116.0,7.2,2136.7248809523808,115.49732117680054,-0.5026788231994601,0.0005771194940918,115.49732117680054,-0.5026788231994601,0.0005771194940918,130.86012004231205,14.860120042312047,0.5043467195138046
NGC 7793,4.38,114.0,7.8,1989.7568264840183,109.97855167088215,-4.021448329117845,0.0361920299520291,109.97855167088215,-4.021448329117845,0.0361920299520291,130.46012496729483,16.46012496729483,0.6063371988608064
NGC 7793,4.73,114.0,11.4,1760.4269133192386,107.79216035208502,-6.20783964791498,0.0746904277351445,107.79216035208502,-6.20783964791498,0.0746904277351445,130.14340744129814,16.143407441298137,0.5050965265054657
NGC 7793,5.25,109.0,9.9,1505.139523809524,101.66937067613482,-7.330629323865182,0.1110268925929466,101.66937067613482,-7.330629323865182,0.1110268925929466,130.22890252663302,21.22890252663302,0.931109486343848
NGC 7793,5.78,107.0,12.6,1248.3534948096883,96.64216421438276,-10.357835785617226,0.1969395002603216,96.64216421438276,-10.357835785617226,0.1969395002603216,128.63800217273024,21.63800217273024,0.8594668074511318
NGC 7793,6.3,105.0,12.5,1064.8811746031747,95.00256045833385,-9.997439541666168,0.1843223557201848,95.00256045833382,-9.997439541666182,0.1843223557201853,127.69603060913904,22.696030609139044,0.9499489265301547
NGC 7793,6.82,101.0,5.2,928.2527419354838,94.2312274307249,-6.7687725692751,0.1109245644358198,94.2312274307249,-6.7687725692751,0.1109245644358198,127.27726230073202,26.27726230073202,1.671737638053148
NGC 7793,7.35,94.5,4.6,794.9276326530613,90.94219318782702,-3.557806812172984,0.0310884893229798,90.942193187827,-3.5578068121729984,0.0310884893229801,125.95787841161268,31.457878411612683,2.430489522938912
NGC 7793,7.87,90.8,6.1,690.905628970775,87.17699273154093,-3.6230072684590624,0.0310157644368214,87.17699273154095,-3.623007268459048,0.0310157644368211,124.88701243297247,34.08701243297247,2.7455032173285603
NGC 7814,0.63,265.0,15.0,191669.31492063496,270.73408675477435,5.734086754774353,0.0538130129480829,270.73408675477435,5.734086754774353,0.0538130129480829,350.77205681345237,85.77205681345237,12.040664042569723
NGC 7814,1.72,250.0,15.0,55844.79540697675,244.5854774866453,-5.414522513354683,0.0479820851843285,244.5854774866453,-5.414522513354683,0.0479820851843285,319.44914265829556,69.44914265829556,7.893917211083941
NGC 7814,2.79,233.0,7.29,27282.855340501792,223.7615174132466,-9.238482586753406,0.1943543372340558,223.7615174132466,-9.238482586753406,0.1943543372340558,292.12050766973846,59.12050766973846,7.959197054287201
NGC 7814,3.91,230.0,6.45,16594.268260869565,203.8332354199443,-26.166764580055712,1.601252491713819,203.8332354199443,-26.166764580055712,1.601252491713819,277.6184296461516,47.61842964615158,5.302856840092113
NGC 7814,5.03,228.0,5.37,11229.160894632209,194.85436831720511,-33.145631682794885,2.6483490250059627,194.85436831720511,-33.145631682794885,2.6483490250059627,266.9231837640868,38.92318376408679,3.6520720175395898
NGC 7814,6.14,228.0,5.16,7997.66674267101,186.2674332793984,-41.732566720601625,4.220792711575497,186.2674332793984,-41.732566720601625,4.220792711575497,256.9376382520881,28.937638252088107,2.02941094204701
NGC 7814,7.26,227.0,5.94,5936.133953168044,175.128387365726,-51.87161263427399,6.386823976248239,175.12838736572598,-51.871612634274015,6.386823976248247,248.66215928219688,21.662159282196882,1.1138557132707483
NGC 7814,8.37,226.0,3.0,4633.698984468339,166.67966399019804,-59.32033600980196,8.90861332738179,166.67966399019804,-59.32033600980196,8.90861332738179,243.13973197964964,17.13973197964964,0.7437225628714546
NGC 7814,9.5,223.0,3.92,3690.1624947368414,160.88286090842962,-62.11713909157038,9.613507680068638,160.8828609084296,-62.11713909157041,9.613507680068649,238.27796559980877,15.277965599808766,0.5815539937297692
NGC 7814,10.65,219.0,2.9,2993.591765258216,157.53644672979254,-61.463553270207456,9.578277377854592,157.53644672979254,-61.463553270207456,9.578277377854592,234.13069389658529,15.130693896585285,0.580456625826331
NGC 7814,11.74,216.0,2.55,2492.317453151618,153.3384262276236,-62.661573772376414,10.003688709322798,153.3384262276236,-62.661573772376414,10.003688709322798,230.60445999794533,14.604459997945327,0.5434111931301971
NGC 7814,12.82,214.0,2.55,2097.1736817472697,146.338946655696,-67.66105334430401,11.66366619234464,146.338946655696,-67.66105334430401,11.66366619234464,227.18559134867178,13.185591348671778,0.4429521320607335
NGC 7814,14.01,214.0,3.07,1750.580506780871,138.845990778592,-75.15400922140799,14.283685984497884,138.845990778592,-75.15400922140799,14.283685984497884,223.56481603036244,9.564816030362437,0.23136050788576604
NGC 7814,15.09,214.0,3.61,1511.3684956925115,132.8436327977767,-81.15636720222327,16.5058298253752,132.8436327977767,-81.15636720222327,16.5058298253752,221.08387457811526,7.083874578115257,0.12575749930511257
NGC 7814,16.18,214.0,4.46,1319.8117799752783,129.93818728134846,-84.06181271865154,17.409545695317778,129.93818728134846,-84.06181271865154,17.409545695317778,219.10132330909255,5.10132330909255,0.06411440764945853
NGC 7814,17.36,214.0,5.07,1144.5575115207373,123.36650474932463,-90.63349525067537,19.95222903918363,123.36650474932462,-90.63349525067538,19.95222903918364,216.86002827353354,2.860028273533544,0.019868021307036337
NGC 7814,18.44,214.0,4.78,1012.7530911062904,113.34371478669622,-100.65628521330378,24.78103803987482,113.34371478669622,-100.65628521330378,24.78103803987482,215.0518962369487,1.0518962369486928,0.0027063471284388555
NGC 7814,19.53,214.0,4.87,902.3928417818736,105.52820922459162,-108.47179077540838,28.71770579642668,105.52820922459162,-108.47179077540838,28.71770579642668,213.50205744669034,-0.497942553309656,0.0006051661193290772
NGC0100,0.23,6.81,8.19,403.34478260869565,16.192615077390364,9.382615077390366,0.1943017203742881,17.179226001657092,10.369226001657092,0.2373129985745034,18.200755224607803,11.390755224607805,0.28637419759490734
NGC0100,0.69,20.0,4.09,813.4608695652173,39.15808480514998,19.158084805149983,0.9113647977415,39.15808480514998,19.158084805149983,0.9113647977415,38.866579362439836,18.866579362439836,0.883841521957968
NGC0100,1.15,33.0,4.0,1035.6396521739132,54.88818541415779,21.88818541415779,1.1917727878720143,54.88818541415778,21.888185414157785,1.1917727878720137,54.082285908339635,21.082285908339635,1.1056288037835222
NGC0100,1.59,42.7,4.0,1083.532578616352,63.48976664983184,20.78976664983184,1.0751601924240295,63.48976664983184,20.78976664983184,1.0751601924240304,64.50317869178156,21.803178691781554,1.1825338334969084
NGC0100,2.05,49.9,4.0,1056.3529756097564,73.34137163757796,23.44137163757797,1.3669102095797132,73.34137163757796,23.44137163757797,1.3669102095797132,72.65832018136201,22.758320181362016,1.2884107897447503
NGC0100,2.51,55.5,4.0,1013.3119521912348,81.42283316251452,25.92283316251452,1.6716250725660764,81.42283316251452,25.92283316251452,1.6716250725660764,79.35507941931415,23.85507941931415,1.4155841146810586
NGC0100,2.97,61.9,4.0,968.6664309764308,84.89275879474854,22.992758794748543,1.315091932819619,84.89275879474853,22.99275879474853,1.315091932819617,85.11358087730106,23.213580877301062,1.3404734754900438
NGC0100,3.42,67.9,4.0,917.2551169590644,84.80101986723663,16.901019867236627,0.7105583894346447,84.80101986723663,16.901019867236627,0.7105583894346447,89.79750968415307,21.897509684153064,1.1927883839989484
NGC0100,3.88,73.1,4.0,818.8369329896908,79.75703474611623,6.657034746116239,0.1102390836094499,79.75703474611623,6.657034746116239,0.1102390836094499,92.35199206423461,19.251992064234614,0.9219880558242601
NGC0100,4.34,76.1,3.0,718.5570737327189,73.96084977645125,-2.1391502235487394,0.0115847181744522,73.96084977645125,-2.1391502235487394,0.0115847181744522,93.85196290190878,17.751962901908783,0.7978030047360651
NGC0100,4.79,77.8,5.34,639.3851356993737,76.59201031930338,-1.2079896806966133,0.0035203477713975,76.59201031930338,-1.2079896806966133,0.0035203477713975,95.17871226639295,17.378712266392952,0.7286086218180374
NGC0100,5.24,79.0,4.0,572.6412977099235,81.18490691366246,2.18490691366246,0.0118751697049005,81.54159630705743,2.541596307057432,0.0160689347961392,96.31546853635695,17.315468536356946,0.7458344543123566
NGC0100,5.7,78.5,5.6,501.8414035087719,82.89998600148029,4.399986001480286,0.0463865171871345,84.77138709266579,6.27138709266579,0.0942359020175749,96.59626768534113,18.096267685341132,0.7846341387280087
NGC0100,6.16,79.8,7.15,440.1470779220779,81.18575870825283,1.3857587082528369,0.0043931099348548,84.60062959262116,4.800629592621164,0.0527221648063186,96.62133367329962,16.82133367329962,0.6473180093646145
NGC0100,7.16,83.4,5.12,341.6695530726256,80.71482296194415,-2.685177038055855,0.0174913242373444,87.80836759259105,4.408367592591048,0.0471446529558574,96.79353576462952,13.393535764629519,0.4351783932788617
NGC0100,7.52,84.6,4.0,315.11239361702127,81.1683174883068,-3.4316825116931966,0.029294638957863,89.71030303029508,5.110303030295086,0.064963176769759,96.9215019738014,12.321501973801404,0.3776602260955022
NGC0100,7.98,86.1,5.53,285.9069799498747,79.02898620907077,-7.0710137909292285,0.1200228719835963,88.76249578113908,2.6624957811390857,0.0170168238260165,97.11001937454417,11.010019374544171,0.29098916111573536
NGC0100,8.44,87.5,10.2,261.94135071090045,76.17054817125887,-11.329451828741128,0.2619306153370453,86.63870283910082,-0.8612971608991842,0.001513820911299,97.42003842288177,9.920038422881774,0.20081455046822858
NGC0100,8.9,89.0,7.77,241.22535955056176,71.6621346766672,-17.337865323332807,0.673431505295295,82.08698104381389,-6.913018956186107,0.1070625727695128,97.73973220201584,8.739732202015844,0.17111907771048088
NGC0100,9.35,90.4,5.16,223.87786096256684,66.65953778440124,-23.740462215598768,1.365910273648249,76.42743667688866,-13.972563323111345,0.473146905616996,98.10063807815003,7.700638078150021,0.14371339735259772
NGC0100,9.62,91.2,13.7,215.9533575883576,63.81336007433879,-27.38663992566121,1.3073751440984172,72.91289712217011,-18.28710287782989,0.5829248054948395,98.50709610305744,7.307096103057432,0.09307056678575035
UGC 00128,1.25,34.1,18.8,693.8272799999999,45.36726425581241,11.267264255812409,0.1716856591614031,45.36726425581241,11.267264255812409,0.1716856591614031,49.83562367248726,15.735623672487257,0.334861317161827
UGC 00128,3.75,78.4,6.54,649.0547733333333,70.58056610323659,-7.819433896763414,0.1426016706000413,70.58056610323659,-7.819433896763414,0.1426016706000413,84.59605781680125,6.196057816801243,0.08953748911808476
UGC 00128,6.25,96.9,2.44,416.726928,74.44133269454024,-22.45866730545977,1.286865938053197,77.28734659872039,-19.612653401279616,0.9813819121414497,95.78354026096711,-1.1164597390328908,0.0031801783396845714
UGC 00128,8.76,108.0,1.26,317.6970091324201,82.26359292287182,-25.736407077128177,1.708936635846073,88.890740008227,-19.109259991773,0.942145252926503,104.8524168921241,-3.147583107875903,0.025561394175112225
UGC 00128,11.25,113.0,1.0,271.54967111111114,91.27868265224684,-21.72131734775316,1.2191618277049154,101.536564233525,-11.463435766474989,0.33956165264108,113.6278626684932,0.6278626684931936,0.0010186344457038604
UGC 00128,13.74,114.0,0.86,258.7422197962154,96.28190139341513,-17.718098606584874,0.8117374539164464,107.61154205333516,-6.388457946664829,0.1055293922223248,123.86850567894503,9.868505678945027,0.25181647893148323
UGC 00128,16.22,121.0,0.68,238.655055487053,95.8059933277884,-25.1940066722116,1.6424313780575877,107.67786585361956,-13.32213414638045,0.4592406873583457,131.55023722901453,10.550237229014527,0.28801639069799323
UGC 00128,18.71,126.0,0.55,212.1999893105291,96.5014816695578,-29.498518330442195,2.2525419423675337,110.2793355191406,-15.720664480859398,0.6397558693504554,136.70550395988465,10.705503959884652,0.29667893693441266
UGC 00128,21.3,128.0,0.63,189.12818779342723,92.9373483273066,-35.062651672693406,3.181675480110296,107.102800968603,-20.897199031397008,1.1301667465702236,141.25302063507277,13.253020635072772,0.45456512708477914
UGC 00128,23.79,129.0,0.61,172.90081967213118,83.33600891305846,-45.663991086941536,5.39687022429486,94.21149730942211,-34.788502690577886,3.132317057707699,145.61147012852476,16.611470128524758,0.7141844347220473
UGC 00128,26.28,129.0,0.65,153.88365677321156,85.07166343266937,-43.92833656733063,4.993753607961953,98.53207241600876,-30.46792758399125,2.402278881957793,148.19697443502716,19.19697443502716,0.9536810808353197
UGC 00128,28.77,131.0,0.73,143.23894334376084,91.5428597429896,-39.45714025701041,4.027770772582079,109.22405788110817,-21.775942118891848,1.2267821320392855,152.03317459796313,21.033174597963125,1.1445194798900722
UGC 00128,31.25,131.0,0.83,126.81524480000002,96.12847757572771,-34.871522424272285,3.144706445379024,119.16611025389574,-11.833889746104262,0.3621540378401128,153.25520475226227,22.255204752262273,1.2808594675593667
UGC 00128,33.74,131.0,0.75,107.33283935981032,97.67181254926815,-33.328187450731846,2.873450163301199,126.61249620898946,-4.387503791010545,0.0497983884006645,152.1779090400119,21.17790904001191,1.1602362653051401
UGC 00128,36.23,127.0,1.24,94.50386144079492,98.91995050786986,-28.080049492130144,2.0346133626272094,132.60415851322924,5.604158513229237,0.0810414077018584,152.35491388130535,25.35491388130535,1.6588626701729348
UGC 00128,38.82,126.0,1.4,85.15015198351365,100.20314870833354,-25.796851291666457,1.7153251277563497,138.0359732957486,12.03597329574859,0.3734010031342746,153.34016747854943,27.340167478549432,1.92670573707375
UGC 00128,41.31,130.0,1.62,76.00810699588477,99.7768998473738,-30.223100152626188,2.350433433504621,141.27284001340087,11.272840013400868,0.3269916195888154,153.4326931775934,23.432693177593393,1.412909507368122
UGC 00128,43.8,132.0,2.01,66.79992009132421,97.3612614170602,-34.638738582939794,3.0762021920752303,141.85452444916982,9.854524449169816,0.2489786360922521,152.62863954083267,20.628639540832665,1.091017998676559
UGC 00128,46.28,134.0,2.1,59.04530034572169,94.50403131499752,-39.49596868500248,3.99562393987525,141.37350023603193,7.37350023603193,0.1392600233876256,151.81940824743896,17.819408247438957,0.8133278099661779
UGC 00128,48.77,129.0,2.66,51.8989747795776,90.63757212237174,-38.36242787762826,3.744002102054236,139.15343577621994,10.153435776219936,0.2622708152371272,150.60712254143297,21.60712254143297,1.1877301580675597
UGC 00128,51.26,132.0,4.67,46.18728053062817,85.53179370216442,-46.46820629783558,5.294867759232832,131.90713638797564,-0.0928636120243595,2.1146302687878502e-05,149.71751520630812,17.71751520630812,0.7697486373783394
UGC 00128,53.75,125.0,5.95,41.59792372093023,79.20334451022296,-45.79665548977704,4.977031825984243,120.41909343598265,-4.5809065640173685,0.0497972958116228,149.13946035946162,24.139460359461623,1.3827956560438512
UGC 00191,0.62,29.9,1.42,771.8001612903225,37.27177013412986,7.371770134129861,0.1400533454525349,37.271770134129866,7.371770134129868,0.1400533454525352,36.25378722121485,6.353787221214851,0.10404357148943484
UGC 00191,0.87,34.4,2.31,933.82183908046,46.28224648639218,11.882246486392184,0.3607839439381631,46.28224648639218,11.882246486392184,0.3607839439381631,45.54342110491741,11.143421104917408,0.3173124940978323
UGC 00191,1.12,46.3,2.05,924.3794642857142,51.73361741044805,5.433617410448051,0.0756637852477218,51.73361741044805,5.433617410448051,0.0756637852477218,51.511419599342354,5.211419599342356,0.06960205083363036
UGC 00191,1.37,49.8,1.87,878.5649635036496,55.80707805150425,6.0070780515042514,0.0926451191700476,55.80707805150425,6.0070780515042514,0.0926451191700476,56.08076129764655,6.280761297646556,0.10127927199937882
UGC 00191,1.62,57.6,2.76,808.7704320987656,58.25850239331151,0.6585023933115082,0.001101641293471,58.25850239331151,0.6585023933115082,0.001101641293471,59.44815355742589,1.8481535574258885,0.008677639342920557
UGC 00191,2.3,71.3,7.5,728.5805217391304,65.53937856456434,-5.760621435435652,0.075036199711477,65.53937856456434,-5.760621435435652,0.075036199711477,68.6105794677014,-2.6894205322985982,0.016354963933407067
UGC 00191,4.97,76.65,1.09,462.8997987927566,71.44225347024793,-5.207746529752072,0.0700450864015313,73.47032412292275,-3.1796758770772584,0.026112214407589,88.07938197605174,11.42938197605173,0.33738323144357
UGC 00191,7.45,81.0,0.63,330.9405771812081,65.94047318686047,-15.059526813139527,0.5869336628623789,69.77286825265749,-11.227131747342511,0.3262150583304009,97.83354385100598,16.833543851005984,0.7333604347854276
UGC 00191,9.98,83.85,1.04,216.1525050100201,56.82194411481234,-27.02805588518765,1.887239809210324,61.77267857009191,-22.07732142990808,1.259187007389343,100.35923201310054,16.509232013100544,0.7041273510866543
UGC 00731,0.91,29.6,2.38,67.90373626373626,15.112621030432438,-14.487378969567564,0.5358775252687468,17.340601640043293,-12.259398359956707,0.3837286415311405,22.0962628098878,-7.503737190112201,0.14376101534444527
UGC 00731,1.81,44.6,2.4,89.25569060773482,24.30084333052874,-20.299156669471262,1.0518066201034808,27.20144598754045,-17.398554012459552,0.7726916523495824,33.5329049260183,-11.067095073981704,0.3126419067198032
UGC 00731,2.73,50.4,2.86,77.64619047619048,26.882351485368183,-23.51764851463181,1.4031162233097905,30.36544713370995,-20.03455286629005,1.0182751937243095,39.66915891518368,-10.73084108481632,0.2921281324238542
UGC 00731,3.64,56.8,3.43,105.1086813186813,34.987924554722866,-21.81207544527713,1.1961000963897557,38.453225424540605,-18.346774575459392,0.8462389148029983,49.70091858530297,-7.099081414697025,0.12670036228057507
UGC 00731,4.55,60.7,2.98,103.06505494505495,36.077894585837,-24.622105414163,1.5352701096994306,39.46944205674478,-21.23055794325522,1.1414509066084753,55.27255676576633,-5.427443234233671,0.07459762515644952
UGC 00731,5.45,64.7,2.46,101.90286238532109,41.65795677774802,-23.042043222251984,1.3542496851336114,45.84902865373929,-18.85097134626072,0.906409056097571,60.30714607653314,-4.392853923466866,0.04922098415850934
UGC 00731,6.36,68.0,2.38,118.8687578616352,49.6392919451089,-18.3607080548911,0.860725662779009,54.09143462709215,-13.908565372907852,0.4939131326014091,67.92908504804387,-0.07091495195612652,1.283989663329047e-05
UGC 00731,7.28,71.5,2.52,153.59243131868132,62.04996473375993,-9.450035266240072,0.2276107442051315,66.51010890488301,-4.989891095116988,0.0634611641561415,77.95892280935146,6.4589228093514635,0.10632761902921624
UGC 00731,8.19,73.4,2.68,164.57471306471305,69.41701862110735,-3.98298137889266,0.0403480437186549,74.12989639288553,0.7298963928855215,0.001354965899662,84.27779991248914,10.877799912489138,0.3009456449122562
UGC 00731,9.09,74.0,2.83,154.36853685368538,71.47790444944498,-2.522095550555022,0.0161442189913208,76.69914230779773,2.699142307797729,0.018490367090042,87.2338087363961,13.2338087363961,0.4444917200385924
UGC 00731,10.0,73.8,3.22,146.94489000000002,72.8004946462348,-0.9995053537652012,0.002520410184579,78.36881595854874,4.56881595854874,0.0526633285173329,90.26407293080604,16.46407293080604,0.6838731278045883
UGC 00731,10.91,73.9,3.42,132.23385884509622,69.0435001301486,-4.856499869851405,0.0593055179424976,74.69233824525618,0.7923382452561754,0.0015785908418975,91.59427598964034,17.69427598964033,0.7872522929489991
UGC 01230,0.78,19.8,10.7,580.4825641025641,36.61408045757789,16.81408045757789,0.5648730277006588,36.718218741174624,16.918218741174623,0.5718917967876126,37.31128049817811,17.511280498178106,0.6126894537071128
UGC 01230,2.35,55.4,10.7,736.0015319148936,68.12872865475296,12.728728654752963,0.3237238169920062,68.12872865475296,12.728728654752963,0.3237238169920062,69.56650923995642,14.166509239956419,0.4009870008307271
UGC 01230,3.91,88.5,10.7,579.3239130434782,78.82891371128692,-9.671086288713084,0.1868766808602254,79.06282037811498,-9.437179621885022,0.1779463310270373,83.48764148234325,-5.01235851765675,0.05019828150317923
UGC 01230,5.48,105.0,10.7,527.014197080292,87.74879442138658,-17.251205578613423,0.5946254548853781,89.00920679994759,-15.990793200052408,0.5109102422962344,96.09496024567174,-8.905039754328257,0.15844419074540284
UGC 01230,7.03,106.0,10.7,459.0585775248933,90.31536175855022,-15.684638241449775,0.4915340501611394,93.13651266440004,-12.863487335599956,0.3306146105479439,104.49892516999431,-1.5010748300056918,0.0045020392920470265
UGC 01230,8.6,103.0,10.7,394.7866162790698,88.16888140735298,-14.831118592647016,0.4394934538335631,92.42585876561044,-10.574141234389572,0.2234059878215704,110.6035472772579,7.603547277257903,0.11551465803012262
UGC 01230,13.27,109.0,15.8,273.389133383572,89.08387993385391,-19.91612006614609,0.6240196313780553,97.7748490198452,-11.225150980154794,0.1982317263345134,123.64471128112206,14.644711281122056,0.33740414150686493
UGC 01230,14.85,113.0,14.7,250.80407407407407,88.31334812345266,-24.686651876547344,1.0121921654135406,97.74462225849014,-15.25537774150986,0.3865311664969598,127.64613041837347,14.646130418373474,0.35627420523842745
UGC 01230,25.8,105.0,10.4,140.84072093023258,94.45876376416984,-10.54123623583017,0.2248617075027905,116.10809934232752,11.10809934232752,0.2496961935385646,143.30666914948924,38.30666914948924,2.9694853920358395
UGC 01230,32.01,103.0,10.0,95.2921493283349,91.6830457694734,-11.316954230526605,0.2635256235716749,122.61167632407422,19.611676324074224,0.7913947494655421,143.52877871331947,40.52877871331947,3.379798156364645
UGC 01230,36.54,103.0,10.0,69.5783278598796,85.44488057411104,-17.55511942588896,0.6341197902412016,122.121748256879,19.121748256878988,0.7523482641964087,140.93123482841358,37.93123482841358,2.960449744049908
UGC 01281,0.08,1.41,4.0,-399.65625,0.0,-1.41,0.0049455223880597,0.0,-1.41,0.0049455223880597,0.0,-1.41,0.004945522388059701
UGC 01281,0.23,4.46,4.0,-94.0,0.0,-4.46,0.0494815920398009,0.0,-4.46,0.0494815920398009,0.0,-4.46,0.049481592039800994
UGC 01281,0.38,7.71,4.0,71.6728947368421,9.878038181765907,2.168038181765908,0.0116925113373005,12.746434598815227,5.036434598815228,0.0630986902192614,14.486279277074873,6.776279277074873,0.11422378318635414
UGC 01281,0.54,11.0,4.0,116.0,14.64665844723808,3.64665844723808,0.0330798951015244,17.54046935483052,6.54046935483052,0.1064122870185999,19.66239469163467,8.66239469163467,0.18665940744691673
UGC 01281,0.69,14.2,4.0,133.92391304347828,17.001291537226006,2.8012915372260068,0.0195204832749603,19.8548633962728,5.654863396272802,0.0795459702251392,23.114765182624332,8.914765182624333,0.1976941250281867
UGC 01281,0.84,17.2,5.78,150.07142857142858,19.801838551840618,2.6018385518406184,0.0161407445579155,22.78067223938383,5.58067223938383,0.0742567450805213,26.312868803235446,9.112868803235447,0.1980036113367826
UGC 01281,1.0,20.2,4.74,166.9656,22.56284757656064,2.362847576560643,0.0136682779002753,25.585507931439093,5.3855079314390935,0.0710061108386402,29.566639147481315,9.366639147481315,0.21478797564146948
UGC 01281,1.15,23.2,4.0,176.7353043478261,23.60228063979501,0.4022806397950127,0.0004025614755071,26.425437753627552,3.2254377536275527,0.025879225628174,32.209654659816906,9.009654659816906,0.20192506738597138
UGC 01281,1.3,26.4,7.13,213.17692307692303,26.20148057374568,-0.1985194262543217,9.021665202812556e-05,28.57886509694813,2.1788650969481367,0.0108677932443408,36.08102176106096,9.681021761060961,0.21454731122333273
UGC 01281,1.46,29.3,4.38,222.197602739726,28.60823346732608,-0.691766532673924,0.0011810448174404,31.10091688086733,1.80091688086733,0.0080045076063957,38.683421883241564,9.383421883241564,0.2173050251660643
UGC 01281,1.61,31.6,4.94,237.3444099378881,32.32330732947442,0.7233073294744159,0.0012747780303862,35.03125338374467,3.431253383744668,0.0286876133237116,41.381482964213966,9.781482964213964,0.23313004315558636
UGC 01281,1.76,34.6,4.0,241.6605113636364,35.49808624601559,0.8980862460155876,0.0020063654360257,38.52370181824576,3.92370181824576,0.0382971043743907,43.486348313079425,8.886348313079424,0.19643578691882962
UGC 01281,1.92,37.4,7.09,248.37213541666665,38.19324578350096,0.7932457835009643,0.0014423215289911,41.37497340214892,3.974973402148919,0.0362172103525134,45.772108996789555,8.372108996789557,0.16066315427170733
UGC 01281,2.07,39.9,4.0,247.97256038647348,40.056813663988585,0.1568136639885864,6.117046073016241e-05,43.43483188747576,3.534831887475761,0.0310821802803866,47.50488046235787,7.604880462357869,0.14386618618595134
UGC 01281,2.22,42.2,4.37,249.76981981981984,41.9618015386727,-0.2381984613273005,0.0001400615679327,45.48928418370631,3.289284183706308,0.0267081541260386,49.29631108100823,7.096311081008224,0.12431008718763366
UGC 01281,2.38,44.4,4.58,247.23714285714289,42.7000099746472,-1.6999900253527969,0.0071010655318072,46.30157936536561,1.9015793653656128,0.0088850461176232,50.895303343837945,6.495303343837946,0.10366440296899872
UGC 01281,2.53,46.7,5.91,243.5979446640316,42.87800992099243,-3.82199007900757,0.0347033333342019,46.504700997062166,-0.1952990029378369,9.06133388303448e-05,52.25572961654877,5.555729616548767,0.07332875037850196
UGC 01281,2.68,48.5,7.72,238.10514925373133,44.78266317522411,-3.717336824775892,0.0310113166224001,48.78670602300866,0.2867060230086622,0.0001844718105573,53.43817561076819,4.938175610768191,0.05472546212640305
UGC 01281,2.76,49.3,9.73,233.76231884057967,46.17804274329321,-3.1219572567067857,0.0202770264616627,50.5030679108245,1.203067910824501,0.0030111379236391,53.94981300211795,4.649813002117952,0.04498019537749093
UGC 01281,3.07,53.0,4.0,217.6344299674267,48.20057635450402,-4.7994236454959776,0.0572996699725022,53.252537336959136,0.2525373369591364,0.0001586445436776,55.768915442053206,2.7689154420532063,0.01907187245084752
UGC 01281,3.46,54.1,4.0,204.2220809248555,47.52622477869632,-6.573775221303684,0.1074988076125032,52.72761038941284,-1.3723896105871631,0.0046852070727551,58.16164088742097,4.061640887420971,0.04103713109047217
UGC 01281,3.83,55.0,4.0,183.12075718015663,45.53362088468538,-9.466379115314616,0.2229162526240416,50.980818208486376,-4.019181791513624,0.0401836374956086,59.36250925369894,4.3625092536989385,0.04734200743435042
UGC 01281,4.23,55.7,4.0,159.65382978723403,42.57026982378125,-13.12973017621875,0.4288303843291275,48.16616046517131,-7.533839534828694,0.1411908908869349,60.062381456307854,4.362381456307851,0.04733923375706121
UGC 01281,4.62,56.4,4.0,155.70677489177487,40.704780740171415,-15.695219259828583,0.612785839836055,45.68270450549878,-10.717295494501217,0.2857224445682986,62.33851420125923,5.938514201259231,0.08772624606606359
UGC 01281,4.99,56.9,4.0,150.48987975951906,38.36288504701933,-18.537114952980662,0.8547876387562672,42.59528479506523,-14.304715204934766,0.509017107199731,64.18173437742443,7.281734377424435,0.13189964065513637
UGC 02455,0.5,16.9,3.64,3395.465,54.79350068756919,37.8935006875692,3.5965405960552173,54.79350068756919,37.8935006875692,3.5965405960552173,53.05198354082296,36.15198354082296,3.273555975850531
UGC 02455,1.0,23.9,3.64,4208.276,79.1620567819545,55.262056781954506,7.649086986616803,79.1620567819545,55.262056781954506,7.649086986616803,81.10102205028689,57.20102205028689,8.195266629189877
UGC 02455,1.51,28.2,3.64,4108.530132450331,107.78239227206284,79.58239227206283,15.86315217283746,107.78239227206284,79.58239227206283,15.86315217283746,98.78499816999656,70.58499816999655,12.479015549817499
UGC 02455,2.01,33.0,3.64,3013.602437810945,123.47857453793722,90.47857453793722,20.50439737551913,123.4785745379372,90.4785745379372,20.50439737551912,101.9534520937713,68.9534520937713,11.908787274046146
UGC 02455,2.52,39.1,3.64,2387.4089682539684,123.03190970695022,83.93190970695022,17.644514777361444,123.03190970695024,83.93190970695022,17.644514777361444,105.27106195549092,66.17106195549093,10.96709787640969
UGC 02455,3.02,43.8,3.64,1975.9297019867552,121.79621209553989,77.99621209553987,15.237107566926657,121.79621209553989,77.99621209553987,15.237107566926657,108.07541743174022,64.27541743174022,10.3477355669848
UGC 02455,3.52,53.1,3.64,1582.7211363636363,113.949349195224,60.849349195224,9.274006279486086,113.949349195224,60.84934919522399,9.27400627948608,108.40077165302347,55.30077165302347,7.6598081636646445
UGC 02455,4.03,61.0,3.64,1276.2332754342433,105.3227368059456,44.32273680594561,4.92049334042946,105.3227368059456,44.3227368059456,4.920493340429457,108.1752817217061,47.1752817217061,5.5742252603943445
UGC 02487,9.93,377.0,10.3,10931.9021550856,304.2715412906512,-72.72845870934884,10.748905091014771,304.2715412906512,-72.72845870934879,10.748905091014755,370.90144256576303,-6.098557434236966,0.07558048889163967
UGC 02487,10.05,377.0,19.7,10840.107174129354,304.81663267112737,-72.18336732887263,6.731050031566042,304.8166326711274,-72.18336732887258,6.731050031566031,371.83947897338817,-5.160521026611832,0.034402947029548034
UGC 02487,10.35,378.0,10.8,10631.378541062802,306.34007056954545,-71.65992943045455,10.216348651077764,306.3400705695455,-71.6599294304545,10.216348651077746,374.33738028989103,-3.66261971010897,0.026688650208655733
UGC 02487,15.07,367.0,10.7,6895.695879230259,297.703895947014,-69.29610405298604,9.594497466327535,297.703895947014,-69.29610405298604,9.594497466327535,379.66629438619844,12.666294386198444,0.3205558821911371
UGC 02487,20.09,364.0,6.67,4778.123175709307,286.1261038931723,-77.87389610682771,14.087108157392668,286.1261038931723,-77.87389610682771,14.087108157392668,381.0235366675415,17.02353666754152,0.6731899490814529
UGC 02487,25.12,375.0,6.19,3492.0075477707,273.5182106245365,-101.48178937546344,24.27094700117654,273.5182106245365,-101.48178937546344,24.27094700117654,379.83280973427895,4.832809734278953,0.055043987083547866
UGC 02487,30.14,383.0,3.82,2673.1371499668217,262.1327741888178,-120.8672258111822,36.468206274735394,262.13277418881785,-120.86722581118217,36.46820627473536,378.5640179374616,-4.4359820625384145,0.04912209232916692
UGC 02487,35.17,378.0,2.21,1982.1674779641737,243.88342174786308,-134.11657825213692,46.01685400368438,243.8834217478631,-134.1165782521369,46.01685400368436,369.2064991963334,-8.793500803666575,0.19782246549318505
UGC 02487,40.19,364.0,4.0,1511.1649415277434,228.24804836339865,-135.75195163660135,45.842269584940674,228.24804836339865,-135.75195163660135,45.842269584940674,360.7882429242077,-3.2117570757923204,0.025660157994781184
UGC 02487,45.21,349.0,3.0,1194.779708029197,216.7610402568773,-132.23895974312262,44.27124676947646,216.7610402568774,-132.2389597431226,44.27124676947645,354.76906644292154,5.769066442921542,0.08425855094390737
UGC 02487,50.24,338.0,3.08,959.939289410828,206.56799867450383,-131.43200132549617,43.67879899896742,206.56799867450383,-131.43200132549617,43.67879899896742,349.07592128759086,11.075921287590859,0.31019026790531445
UGC 02487,55.26,332.0,2.19,788.8512160694896,197.74722153057752,-134.25277846942248,46.120748202860334,197.74722153057752,-134.25277846942248,46.120748202860334,344.5611410518125,12.561141051812513,0.40374575008176783
UGC 02487,60.28,330.0,1.61,666.8806984074319,190.9015121244566,-139.0984878755434,49.7910002011433,190.9015121244566,-139.0984878755434,49.7910002011433,341.95541070637796,11.955410706377961,0.3678197399231141
UGC 02487,65.31,329.0,2.2,563.3098974123411,183.25474244513623,-145.74525755486374,54.34878748268746,183.5643254501153,-145.43567454988474,54.11814407885578,338.3713761432365,9.371376143236489,0.2247024122864139
UGC 02487,70.33,330.0,3.53,483.5255993175031,175.74290408175557,-154.25709591824443,59.71790868597262,177.02994859318446,-152.97005140681554,58.7255528143509,335.6079427049853,5.607942704985305,0.0789262419032781
UGC 02487,75.35,332.0,13.4,417.8758168546782,168.90167679730283,-163.09832320269717,47.03490881874862,171.18234719599744,-160.81765280400256,45.72868918132244,332.84413234739486,0.8441323473948614,0.0012599183462733558
UGC 02487,80.38,333.0,15.3,363.86430579746207,163.1287306861232,-169.8712693138768,46.53558054203045,166.19610308795313,-166.80389691204687,44.87016404883929,330.2472143075691,-2.752785692430905,0.012220531001068066
UGC 02885,1.7,305.0,10.0,46583.55394117646,218.6695355745408,-86.33046442545918,15.335286189126489,218.6695355745408,-86.33046442545918,15.335286189126489,291.63856107349284,-13.361438926507162,0.3673416670509894
UGC 02885,3.41,257.0,10.0,23234.61407624633,218.5861747292064,-38.41382527079358,3.0362592015124683,218.5861747292064,-38.41382527079358,3.0362592015124683,300.5125078078219,43.51250780782192,3.8957578924398426
UGC 02885,6.82,256.0,10.0,11669.979252199411,219.09103100608863,-36.90896899391137,2.803028790521628,219.09103100608857,-36.90896899391143,2.803028790521636,315.81702746879023,59.81702746879023,7.362297891362149
UGC 02885,13.67,271.0,10.0,5510.403803950257,213.6318549420045,-57.36814505799546,6.771819068714422,213.6318549420045,-57.36814505799546,6.771819068714422,331.6506652631014,60.650665263101416,7.568936619046866
UGC 02885,19.49,282.0,10.0,3520.6815443817345,208.6552841378277,-73.34471586217234,11.068821697330852,208.6552841378277,-73.34471586217234,11.068821697330852,335.5559436293486,53.555943629348576,5.901726539156301
UGC 02885,23.36,287.0,10.0,2862.218964041096,215.9312945340528,-71.06870546594718,10.392512132933229,215.93129453405285,-71.06870546594715,10.392512132933222,341.32509376087626,54.32509376087626,6.072460518781885
UGC 02885,27.24,283.0,10.0,2334.604765051395,215.49442713196711,-67.50557286803289,9.376548082801024,215.49442713196711,-67.50557286803289,9.376548082801024,343.4658136505052,60.4658136505052,7.522869589336668
UGC 02885,31.22,280.0,10.0,1883.3448654708525,217.867677136116,-62.13232286388407,7.943262437164467,217.867677136116,-62.13232286388407,7.943262437164467,341.94851428307675,61.94851428307675,7.896334201400337
UGC 02885,35.1,280.0,10.0,1556.174928774929,210.64077909522223,-69.35922090477777,9.898562807649716,210.64077909522223,-69.35922090477774,9.898562807649707,340.41575721354474,60.41575721354474,7.510419176308607
UGC 02885,38.97,281.0,10.0,1328.7440595329742,209.7313706099108,-71.26862939008922,10.451064887123229,209.7313706099108,-71.26862939008922,10.451064887123229,340.77135334359315,59.77135334359315,7.3510590134252345
UGC 02885,42.85,282.0,10.0,1140.8804060676778,201.09680055086605,-80.90319944913395,13.467752430259974,201.09680055086608,-80.90319944913392,13.467752430259964,340.35895765281805,58.35895765281805,7.00775295951319
UGC 02885,46.73,287.0,10.0,951.6509265996148,181.63937138210608,-105.36062861789392,22.841279964522155,181.63937138210605,-105.36062861789397,22.84127996452217,335.75279183086576,48.75279183086576,4.890606401859529
UGC 02885,50.71,292.0,10.0,851.060451587458,175.0138008504231,-116.98619914957688,28.160022204659395,175.0138008504231,-116.98619914957688,28.160022204659395,337.85937628029615,45.859376280296146,4.327330026374051
UGC 02885,54.58,298.0,10.0,781.6794485159398,176.20979064680435,-121.79020935319564,30.52027797180088,176.20979064680438,-121.79020935319562,30.520277971800866,341.47862274716647,43.47862274716647,3.889692666646958
UGC 02885,58.46,298.0,10.0,703.041809784468,172.36034793276372,-125.63965206723628,32.480086772790514,172.36034793276372,-125.63965206723628,32.480086772790514,342.1769220918235,44.176922091823485,4.015638776763461
UGC 02885,62.34,298.0,10.0,618.5071254411292,167.65637330338532,-130.34362669661468,34.95773872515729,167.65637330338535,-130.34362669661465,34.95773872515728,339.9566745846272,41.956674584627194,3.6221451485602914
UGC 02885,66.21,298.0,10.0,551.6965307355385,161.9702283728326,-136.0297716271674,38.07427730234428,161.97485164873214,-136.02514835126786,38.07168926745767,338.58913465236475,40.58913465236475,3.3898721231024624
UGC 02885,70.19,298.0,10.0,504.0545789998575,160.3610395125035,-137.6389604874965,38.98041860921527,160.3711230369682,-137.6288769630318,38.97470735412622,339.41020132352617,41.41020132352617,3.528404884063721
UGC 02885,74.07,298.0,10.0,454.6245632509789,158.7581628178962,-139.2418371821038,39.89359922190845,158.77326551089766,-139.22673448910234,39.88494567180864,338.23554646568516,40.23554646568516,3.33106831150681
UGC 02916,0.37,183.0,47.6,41602.87486486487,96.4238915020512,-86.5761084979488,2.826584065921728,96.4238915020512,-86.5761084979488,2.826584065921728,129.0697255035013,-53.9302744964987,1.0968091031117815
UGC 02916,0.74,196.0,40.7,50100.20527027026,149.7482128803186,-46.25178711968141,1.0473626856260383,149.74821288031856,-46.25178711968144,1.0473626856260396,199.0905861332859,3.0905861332859104,0.0046765088922144805
UGC 02916,1.11,205.0,14.1,43948.97522522522,172.48201808037467,-32.51798191962533,1.808141358945777,172.48201808037467,-32.51798191962533,1.808141358945777,229.33725511212492,24.33725511212492,1.0128109751759558
UGC 02916,1.48,211.0,7.89,39891.78898648649,194.1569955590909,-16.84300444090914,0.6328733286391409,194.1569955590909,-16.84300444090914,0.6328733286391409,253.15670759785502,42.15670759785502,3.9647064575738677
UGC 02916,1.84,214.0,1.48,37474.08934782609,212.4522944363304,-1.547705563669581,0.0061706639623591,212.4522944363304,-1.547705563669581,0.0061706639623591,274.2252689355155,60.22526893551549,9.343567018543391
UGC 02916,2.21,214.0,1.5,35084.06624434389,217.9845076357995,3.984507635799503,0.0408919538950278,217.9845076357995,3.984507635799503,0.0408919538950278,291.5482254526511,77.54822545265108,15.48931685989749
UGC 02916,2.6,213.0,2.64,31491.927692307687,222.3501037930135,9.350103793013488,0.2224712571662673,222.3501037930135,9.350103793013488,0.2224712571662673,300.9674480407531,87.96744804075308,19.6917825572324
UGC 02916,2.96,211.0,4.5,26974.23040540541,219.5270555259173,8.527055525917376,0.1789801253958844,219.5270555259173,8.527055525917348,0.1789801253958832,299.34857345011085,88.34857345011085,19.213465675494476
UGC 02916,3.17,210.0,8.68,25249.21706624605,219.79674498183724,9.796744981837236,0.2080368338985384,219.79674498183724,9.796744981837236,0.2080368338985384,300.7147748114631,90.71477481146309,17.837446480302823
UGC 02916,3.33,209.0,3.0,23840.01324324324,218.89988664523003,9.899886645230056,0.2481209002238086,218.89988664523003,9.899886645230056,0.2481209002238086,300.3918501653382,91.39185016533821,21.145494371249693
UGC 02916,3.7,207.0,1.6,20971.61245945945,216.5980244672712,9.59802446727116,0.2370858391865756,216.5980244672712,9.59802446727113,0.2370858391865742,299.12564476316726,92.12564476316726,21.842532486692626
UGC 02916,4.07,206.0,1.73,18489.93889434889,215.5115383441876,9.511538344187528,0.2325732980549249,215.5115383441875,9.5115383441875,0.2325732980549235,296.85621754844715,90.85621754844715,21.22108724146573
UGC 02916,4.44,205.0,3.45,16309.411351351346,216.6561120431067,11.656112043106702,0.3414528633558651,216.6561120431068,11.65611204310673,0.3414528633558668,293.63491558795675,88.63491558795675,19.74390274322031
UGC 02916,4.81,205.0,2.77,14426.06925155925,223.6872537586208,18.687253758620813,0.8870650050818527,223.6872537586208,18.687253758620813,0.8870650050818527,289.97731069670704,84.97731069670704,18.343003374742533
UGC 02916,5.18,206.0,7.48,12818.07471042471,225.9731555199217,19.973155519921704,0.9026509341839692,225.97315551992173,19.973155519921733,0.9026509341839716,286.2516807596723,80.2516807596723,14.572522764437721
UGC 02916,5.55,207.0,5.02,11379.77472072072,222.0620177892853,15.062017789285337,0.5517124494157785,222.0620177892853,15.062017789285337,0.5517124494157785,281.93378491367775,74.93378491367775,13.655317751367265
UGC 02916,5.92,208.0,7.7,10177.412398648648,190.7666524887394,-17.233347511260604,0.6669547181474366,190.76665248873945,-17.233347511260575,0.6669547181474343,278.0817864855019,70.08178648550188,11.029793610904072
UGC 02916,6.28,210.0,1.95,9212.762117834396,188.7516765183057,-21.248323481694342,1.1582564267359063,188.7516765183057,-21.248323481694342,1.1582564267359063,275.03110099540106,65.03110099540106,10.849196956597385
UGC 02916,6.34,210.0,4.78,9071.31025236593,190.0269272102745,-19.97307278972545,0.9757250772258644,190.0269272102745,-19.97307278972542,0.9757250772258618,274.6178785568193,64.61787855681928,10.212759128282865
UGC 02916,6.65,212.0,1.96,8398.288691729324,183.6006263079073,-28.39937369209269,2.0688516210253773,183.6006263079073,-28.39937369209269,2.0688516210253773,272.66450725697774,60.66450725697774,9.440199405943094
UGC 02916,7.03,214.0,0.76,7687.103456614509,180.66452311475675,-33.33547688524325,2.874594956269031,180.66452311475675,-33.33547688524325,2.874594956269031,270.6394616875316,56.63946168753159,8.298537267170573
UGC 02916,7.39,215.0,2.22,7102.860771312585,179.62347299721634,-35.37652700278366,3.201350075304536,179.62347299721634,-35.37652700278366,3.201350075304536,268.96883446744084,53.96883446744084,7.450558961114186
UGC 02916,7.77,216.0,1.76,6554.087207207208,184.44605001585884,-31.553949984141155,2.5588740706745083,184.44605001585884,-31.553949984141155,2.5588740706745083,267.2742835725635,51.27428357256349,6.75679355482957
UGC 02916,8.14,217.0,1.53,6103.799557739557,187.1072704087959,-29.892729591204105,2.3010073943096114,187.1072704087959,-29.892729591204105,2.3010073943096114,266.13585372608526,49.13585372608526,6.217043122141518
UGC 02916,8.51,218.0,7.7,5694.219048178613,185.2422435262712,-32.75775647372879,2.40982418017948,185.2422435262712,-32.75775647372879,2.40982418017948,264.96614093283927,46.96614093283927,4.95366703524292
UGC 02916,8.88,218.0,6.86,5324.201013513513,192.23741269587828,-25.762587304121723,1.532608686200453,192.23741269587828,-25.762587304121723,1.532608686200453,263.8393221904536,45.83932219045357,4.852088393561092
UGC 02916,9.25,218.0,8.37,5009.2664864864855,169.94000982540348,-48.05999017459652,5.064637012579602,169.9400098254035,-48.05999017459649,5.064637012579595,263.1587159501331,45.158715950133114,4.471612262120816
UGC 02916,9.52,218.0,3.93,4790.734464285714,172.11164529024168,-45.88835470975832,5.245405030599712,172.11164529024168,-45.88835470975832,5.245405030599712,262.5475150180836,44.54751501808357,4.943346133644695
UGC 02916,9.62,218.0,4.05,4713.804324324325,176.15582819673938,-41.84417180326062,4.351202375484226,176.15582819673938,-41.84417180326062,4.351202375484226,262.33308759658,44.333087596580015,4.884220788504139
UGC 02916,9.99,217.0,20.2,4447.403993993993,165.40907885820693,-51.59092114179308,3.3520013403086897,165.40907885820693,-51.59092114179308,3.3520013403086897,261.6150389578507,44.615038957850686,2.5068028074285107
UGC 02916,10.4,217.0,4.2,4178.509173076922,165.12092739834222,-51.87907260165778,6.6679173868003145,165.12092739834222,-51.87907260165778,6.6679173868003145,260.86165946678796,43.861659466787955,4.766240142653031
UGC 02916,10.71,216.0,3.16,4000.500476190476,168.8096684596257,-47.1903315403743,5.623758517709851,168.8096684596257,-47.1903315403743,5.623758517709851,260.5332078031177,44.533207803117705,5.008279587024537
UGC 02916,11.12,215.0,6.72,3778.2163399280576,176.13820342359068,-38.86179657640932,3.502748022875628,176.13820342359068,-38.86179657640932,3.502748022875628,260.00617422048975,45.006174220489754,4.697938664688144
UGC 02916,12.67,212.0,1.82,3109.280544593528,173.50255032883396,-38.49744967116604,3.806849283978528,173.50255032883396,-38.49744967116604,3.806849283978528,258.8153989255968,46.81539892559681,5.62962180645356
UGC 02916,12.98,211.0,16.6,3001.679514637905,176.03742151890782,-34.96257848109218,1.847726425489041,176.03742151890782,-34.96257848109218,1.847726425489041,258.72238996355765,47.722389963557646,3.4425093775830877
UGC 02916,15.86,209.0,8.38,2246.5582219419925,154.8438131834376,-54.15618681656241,6.428618395926233,154.84381318343756,-54.15618681656244,6.42861839592624,258.6605475751531,49.66054757515309,5.405607384138252
UGC 02916,19.05,215.0,13.2,1747.1744566929133,158.41602807438332,-56.58397192561668,5.714954089102843,158.41602807438332,-56.58397192561668,5.714954089102843,260.5263817480132,45.52638174801319,3.699577743584587
UGC 02916,22.14,215.0,13.9,1421.7536991869918,160.12021629909592,-54.879783700904085,5.199825035924825,160.12021629909592,-54.879783700904085,5.199825035924825,262.5264823949109,47.526482394910886,3.8997367601280613
UGC 02916,25.34,210.0,10.6,1149.7305209155486,156.08366966329774,-53.91633033670226,5.833073836135324,156.08366966329777,-53.91633033670223,5.833073836135319,262.37885630158775,52.378856301587746,5.505146053981817
UGC 02916,28.53,196.0,12.8,929.0704591657905,147.35889628270158,-48.64110371729842,4.302991726387644,147.35889628270158,-48.64110371729842,4.302991726387644,260.3924262556205,64.39242625562048,7.541074783728942
UGC 02916,31.72,185.0,11.5,752.8270208070618,138.2783747683159,-46.7216252316841,4.212079622363609,138.2783747683159,-46.7216252316841,4.212079622363609,257.3497988300684,72.34979883006838,10.10032492185502
UGC 02916,34.91,182.0,10.8,628.4214036092811,133.0766401690682,-48.92335983093179,4.761847718340821,133.0766401690682,-48.92335983093179,4.761847718340821,255.6163720201683,73.61637202016831,10.781812488882341
UGC 02916,38.0,181.0,10.3,535.5927447368422,129.83241907075475,-51.16758092924525,5.320411587617838,129.83594466308423,-51.164055336915766,5.319678429797351,254.26199567101185,73.26199567101185,10.907191793573043
UGC 02953,0.09,231.0,52.9,73627.0,63.14697555297193,-167.85302444702808,8.847679104140047,63.14697555297194,-167.85302444702808,8.847679104140047,83.33320545850646,-147.66679454149354,6.847573713862119
UGC 02953,0.17,231.0,27.9,143290.3705882353,121.1052431908593,-109.8947568091407,10.371653948471913,121.10524319085933,-109.89475680914067,10.371653948471907,158.0296323778362,-72.97036762216379,4.572851960146109
UGC 02953,0.26,231.0,16.4,164494.08923076923,160.92556442293682,-70.07443557706318,7.497292233791343,160.92556442293682,-70.07443557706318,7.497292233791343,209.07043602019309,-21.929563979806915,0.7342521319537756
UGC 02953,0.34,231.0,11.9,154443.0382352941,181.48512680278444,-49.514873197215564,4.646846473221387,181.48512680278444,-49.514873197215564,4.646846473221387,231.82055916129374,0.820559161293744,0.0012761648512785817
UGC 02953,0.43,232.0,8.04,137484.25325581394,194.93614379845104,-37.06385620154896,3.04838576050036,194.93614379845107,-37.06385620154893,3.048385760500356,246.3122435685593,14.312243568559296,0.4545526111343625
UGC 02953,0.51,232.0,6.53,124330.42588235297,196.57761086102428,-35.42238913897572,2.927265345684523,196.5776108610243,-35.42238913897569,2.927265345684518,255.42871823229154,23.428718232291544,1.2805703748944868
UGC 02953,0.6,232.0,4.75,112703.98416666666,201.674037185622,-30.32596281437808,2.2509751154818214,201.674037185622,-30.325962814378016,2.250975115481813,264.1505661121621,32.150566112162096,2.529989662126372
UGC 02953,0.69,232.0,4.0,102941.90927536234,208.5205788028785,-23.479421197121496,1.3713512929150204,208.5205788028785,-23.479421197121496,1.3713512929150204,271.1070421181099,39.107042118109916,3.8043799582776687
UGC 02953,0.77,233.0,5.69,95725.40077922076,220.77514567851432,-12.22485432148568,0.3572074580301004,220.77514567851432,-12.22485432148568,0.3572074580301004,276.508994800598,43.508994800597975,4.524715031662806
UGC 02953,0.86,233.0,4.83,88544.64104651162,234.86056512847065,1.8605651284706253,0.008457019764011,234.86056512847065,1.8605651284706253,0.008457019764011,281.44224487382496,48.44224487382496,5.732923056289505
UGC 02953,0.95,234.0,10.8,82469.00694736844,253.58513648707165,19.58513648707165,0.7631258380097591,253.5851364870716,19.585136487071622,0.7631258380097568,285.86369995139125,51.863699951391254,5.351431188619969
UGC 02953,1.03,235.0,10.3,78280.84233009706,262.60240688492013,27.60240688492013,1.5482795135863074,262.60240688492013,27.60240688492013,1.5482795135863074,290.3068105746959,55.306810574695874,6.216024093042514
UGC 02953,1.11,235.0,10.6,74335.22189189188,260.2676518853932,25.267651885393207,1.2811105060627153,260.2676518853932,25.267651885393207,1.2811105060627153,293.9994031113448,58.999403111344805,6.9847691778934164
UGC 02953,1.2,236.0,10.2,70718.46741666668,261.3747267200641,25.374726720064075,1.3139269368172677,261.3747267200641,25.374726720064075,1.3139269368172677,298.4869522548461,62.486952254846074,7.967960170801185
UGC 02953,1.29,237.0,10.6,67474.12372093023,266.51541220167326,29.515412201673257,1.7480527278166036,266.51541220167326,29.515412201673257,1.7480527278166036,302.6242937305391,65.62429373053908,8.641439777735114
UGC 02953,1.38,238.0,14.2,64464.367753623206,266.11134602697695,28.111346026976943,1.3447821377857745,266.11134602697695,28.111346026976943,1.3447821377857745,306.27886125245533,68.27886125245533,7.933433554441573
UGC 02953,1.46,238.0,14.1,61897.6793150685,258.6209765187084,20.620976518708403,0.7271159395104793,258.62097651870846,20.62097651870846,0.7271159395104833,309.0097833436346,71.00978334363458,8.62226933621163
UGC 02953,1.55,239.0,19.6,59138.27825806451,252.67960389077805,13.679603890778054,0.2429775145535863,252.67960389077805,13.679603890778054,0.2429775145535863,311.5819824789909,72.58198247899088,6.840324322972549
UGC 02953,1.63,240.0,17.8,56818.47184049081,250.5352556797368,10.535255679736792,0.1579187471365123,250.5352556797368,10.535255679736792,0.1579187471365123,313.52918665557775,73.52918665557775,7.692421163039657
UGC 02953,1.72,241.0,7.14,54340.7051744186,251.12365516833623,10.123655168336228,0.2345381660090787,251.12365516833623,10.123655168336228,0.2345381660090787,315.3593831381644,74.35938313816439,12.653491972367421
UGC 02953,1.8,242.0,11.9,52280.02938888889,251.8714108192619,9.87141081926191,0.1846908731120355,251.871410819262,9.87141081926194,0.1846908731120366,316.7870287958875,74.78702879588752,10.600821963414093
UGC 02953,1.89,243.0,10.9,50087.74761904762,251.994198752238,8.994198752237935,0.1602496210351586,251.994198752238,8.994198752237963,0.1602496210351596,318.1376333410937,75.1376333410937,11.183740306453194
UGC 02953,1.98,244.0,17.6,48036.895454545454,257.32603828750683,13.326038287506831,0.255236426986458,257.32603828750683,13.326038287506831,0.255236426986458,319.3004370986817,75.3004370986817,8.149585815874035
UGC 02953,2.07,246.0,11.4,46133.8429468599,266.99084116030554,20.990841160305536,0.8539720377881561,266.99084116030554,20.990841160305536,0.8539720377881561,320.3579488256897,74.35794882568968,10.7161496115278
UGC 02953,2.15,247.0,12.9,44560.13623255815,276.02110729795,29.021107297949985,1.5246368979546454,276.02110729795,29.021107297949985,1.5246368979546454,321.24004720579,74.24004720579,9.977344018243567
UGC 02953,2.23,248.0,15.4,43094.54112107623,286.8613225259569,38.86132252595695,2.423458483321216,286.8613225259569,38.86132252595695,2.423458483321216,322.10147952608446,74.10147952608446,8.811588144224139
UGC 02953,2.32,249.0,17.6,41570.41379310344,276.62453423335694,27.62453423335694,1.096807651503262,276.624534233357,27.624534233357,1.0968076515032663,323.0799400775507,74.0799400775507,7.887543868422305
UGC 02953,2.4,251.0,24.0,40321.16320833333,271.3401945860394,20.340194586039388,0.4300660247379896,271.3401945860394,20.340194586039388,0.4300660247379896,323.9812907759552,72.98129077595519,5.536661957717799
UGC 02953,2.49,252.0,10.1,39035.97317269076,266.23922495296114,14.239224952961138,0.415474124015965,266.2392249529612,14.239224952961196,0.4154741240159684,325.0841868369867,73.0841868369867,10.945059252112825
UGC 02953,2.58,253.0,12.0,37888.198992248064,260.7060331284952,7.706033128495164,0.1120432954291792,260.7060331284952,7.706033128495164,0.1120432954291792,326.37177092384144,73.37177092384144,10.157390129246537
UGC 02953,2.67,254.0,6.34,36880.80239700374,259.20838330719903,5.208383307199028,0.063649781167871,259.20838330719903,5.208383307199028,0.063649781167871,327.9112315349616,73.91123153496159,12.817753508048181
UGC 02953,2.75,256.0,6.22,36086.144,265.5819918758745,9.581991875874508,0.2161927858385702,265.5819918758745,9.581991875874508,0.2161927858385702,329.46367766223517,73.46367766223517,12.70793347701701
UGC 02953,2.83,257.0,5.6,35379.413144876315,276.4981780505966,19.498178050596607,0.9109137130840697,276.4981780505966,19.498178050596607,0.9109137130840697,331.19315617240795,74.19315617240795,13.189151866070818
UGC 02953,2.92,259.0,8.73,34679.24140410958,291.46940958894737,32.46940958894737,2.280902499810861,291.46940958894737,32.46940958894737,2.280902499810861,333.3418846331333,74.3418846331333,11.957078244259522
UGC 02953,3.0,260.0,5.19,34100.12213333333,290.5111240169642,30.51112401696417,2.2544134280789883,290.5111240169642,30.51112401696417,2.2544134280789883,335.27568310599054,75.27568310599054,13.72228891364429
UGC 02953,3.09,262.0,11.0,33481.5144012945,293.9411981257612,31.94119812576122,2.012307963923337,293.9411981257612,31.94119812576122,2.012307963923337,337.42369686081514,75.42369686081514,11.220382737972654
UGC 02953,3.18,263.0,16.0,32864.26679245283,285.2786410942433,22.278641094243312,0.7731119143397304,285.2786410942433,22.278641094243312,0.7731119143397304,339.39843349184014,76.39843349184014,9.091465171350656
UGC 02953,3.27,264.0,13.1,32251.533119266056,292.0064772336071,28.00647723360709,1.4066511845851974,292.0064772336071,28.00647723360709,1.4066511845851974,341.218596107107,77.21859610710698,10.693336892725231
UGC 02953,3.35,266.0,11.8,31709.079164179104,298.60875198673523,32.60875198673523,2.0244663508727605,298.60875198673523,32.60875198673523,2.0244663508727605,342.70227875193956,76.70227875193956,11.201050121354502
UGC 02953,3.43,267.0,12.7,31163.814256559774,290.6435219032098,23.643521903209773,1.021425803481811,290.6435219032098,23.643521903209773,1.021425803481811,344.03745591045185,77.03745591045185,10.84392116273788
UGC 02953,4.21,280.0,5.52,26224.543871733968,308.36044359194415,28.360443591944147,1.931265128882739,308.36044359194415,28.360443591944147,1.931265128882739,352.50028707401833,72.50028707401833,12.621044918954793
UGC 02953,4.29,282.0,2.35,25792.50489510489,302.32559915058664,20.32559915058664,1.0551883501722847,302.32559915058664,20.32559915058664,1.0551883501722847,353.1862637548722,71.18626375487219,12.943021531018601
UGC 02953,4.38,283.0,5.1,25306.44164383562,283.1461915446101,0.1461915446100761,5.18724490072568e-05,283.14619154461,0.1461915446100192,5.187244900721646e-05,353.83692924884576,70.83692924884576,12.17900183346516
UGC 02953,4.47,285.0,4.61,24843.819172259515,273.0495547995416,-11.950445200458375,0.3506750253446419,273.0495547995416,-11.950445200458375,0.3506750253446419,354.5099333196761,69.50993331967612,11.863980149165151
UGC 02953,4.8,290.0,10.8,23254.013520833338,264.7251364114091,-25.274863588590904,1.270926964471348,264.72513641140915,-25.274863588590847,1.2709269644713423,356.6706840349059,66.67068403490589,8.843267765562342
UGC 02953,5.25,296.0,2.85,21483.76487619048,279.1281180827894,-16.8718819172106,0.7222637617195111,279.1281180827894,-16.8718819172106,0.7222637617195111,360.1327024079941,64.13270240799409,10.435850574763762
UGC 02953,5.32,298.0,1.92,21237.70535714286,278.3201017967716,-19.67989820322839,0.9938719783123866,278.3201017967716,-19.67989820322839,0.9938719783123866,360.68403040714827,62.68403040714827,10.083204515436744
UGC 02953,5.41,299.0,4.29,20918.78088724584,264.4335325334252,-34.56646746657481,2.954571116162706,264.4335325334252,-34.56646746657481,2.954571116162706,361.29999166892895,62.29999166892895,9.597550969311678
UGC 02953,5.5,300.0,4.92,20599.210109090905,261.00415795585377,-38.99584204414623,3.7070989061409154,261.00415795585377,-38.99584204414623,3.7070989061409154,361.82813371781066,61.82813371781066,9.31901140261945
UGC 02953,5.58,301.0,2.24,20307.457652329747,260.9777749963229,-40.02222500367708,4.0964357978898,260.9777749963229,-40.02222500367708,4.0964357978898,362.1678123725433,61.167812372543324,9.568626247111803
UGC 02953,5.67,302.0,4.59,19956.81186948853,260.89768531883084,-41.10231468116916,4.150166205973531,260.89768531883084,-41.10231468116916,4.150166205973531,362.2911979137908,60.291197913790825,8.929779921049807
UGC 02953,5.76,303.0,5.07,19642.07876736111,261.7792495316058,-41.220750468394215,4.12710722941996,261.77924953160584,-41.22075046839416,4.127107229419949,362.6153415696424,59.615341569642396,8.632369812613677
UGC 02953,6.0,306.0,7.89,18840.274283333336,266.8841409310957,-39.115859068904285,3.4133703572127865,266.88414093109577,-39.11585906890423,3.4133703572127763,363.3994091510531,57.39940915105308,7.350087530855953
UGC 02953,6.18,307.0,4.41,18262.97831715211,280.3479786012344,-26.65202139876561,1.7519634316704409,280.3479786012344,-26.65202139876561,1.7519634316704409,363.8349202020105,56.834920202010494,7.96700774863392
UGC 02953,6.27,308.0,3.2,17987.732998405103,274.22036743347405,-33.77963256652595,2.879728387667829,274.2203674334741,-33.77963256652589,2.879728387667819,364.0591963487666,56.05919634876659,7.931136420526866
UGC 02953,6.36,309.0,6.66,17724.968694968557,260.56669603675874,-48.43330396324126,5.450806107311538,260.5666960367588,-48.4333039632412,5.450806107311526,364.3240221510616,55.32402215106163,7.11213570119956
UGC 02953,6.45,310.0,5.83,17475.08765891473,260.2841356665843,-49.71586433341571,5.8850773589935255,260.2841356665843,-49.71586433341571,5.8850773589935255,364.6377548175105,54.63775481751048,7.10800750090869
UGC 02953,6.53,310.0,3.83,17263.01318529862,260.3032984097772,-49.6967015902228,6.164097460390996,260.3032984097772,-49.6967015902228,6.164097460390996,364.95451026575597,54.95451026575597,7.537391094115561
UGC 02953,6.61,311.0,2.41,17065.16773071104,260.51607920028505,-50.48392079971495,6.504781956554476,260.5160792002851,-50.483920799714895,6.504781956554462,365.3544789427476,54.35447894274762,7.540449983391344
UGC 02953,6.7,312.0,1.25,16860.296417910442,261.6950810547155,-50.3049189452845,6.529488456936992,261.6950810547155,-50.3049189452845,6.529488456936992,365.9162001073332,53.916200107333225,7.500613795230445
UGC 02953,6.79,312.0,3.61,16674.26463917526,264.0341924633698,-47.96580753663022,5.765748401296669,264.03419246336983,-47.965807536630166,5.765748401296656,366.6035884849722,54.60358848497219,7.4719599637126635
UGC 02953,6.87,313.0,13.8,16478.245618631732,276.3731423676496,-36.62685763235044,2.327261640449079,276.3731423676496,-36.62685763235044,2.327261640449079,366.87930576626763,53.879305766267635,5.036048140057874
UGC 02953,6.96,313.0,4.58,16297.5675,262.7876552749056,-50.2123447250944,6.1951493079002,262.78765527490566,-50.21234472509434,6.195149307900186,367.52328632770354,54.523286327703545,7.304572825286046
UGC 02953,7.05,314.0,3.05,16115.707361702129,261.3228200471617,-52.67717995283829,7.019650236929207,261.32282004716177,-52.67717995283823,7.019650236929192,368.10844279505756,54.108442795057556,7.406286531721949
UGC 02953,7.2,315.0,1.38,15796.817333333332,261.4631040219277,-53.53689597807232,7.388931991921041,261.4631040219277,-53.53689597807232,7.388931991921041,368.8203470641174,53.82034706411741,7.467380514637245
UGC 02953,7.39,316.0,0.75,15354.086765899863,261.2839106458764,-54.7160893541236,7.744803063433307,261.2839106458764,-54.7160893541236,7.744803063433307,369.12615006470975,53.12615006470975,7.301245777068545
UGC 02953,7.47,316.0,8.57,15148.317925033463,263.22716832597746,-52.77283167402254,6.061601212451627,263.22716832597746,-52.77283167402254,6.061601212451627,368.9815214968421,52.981521496842106,6.109637129763203
UGC 02953,7.99,318.0,1.36,13870.686720901123,271.1529128006792,-46.84708719932081,5.658506748648878,271.1529128006792,-46.84708719932081,5.658506748648878,367.555696947947,49.55569694794701,6.331751018943335
UGC 02953,8.08,318.0,16.0,13680.784542079204,271.97738108919674,-46.02261891080326,3.29919229191437,271.97738108919674,-46.02261891080326,3.29919229191437,367.46815310947073,49.468153109470734,3.811679395735263
UGC 02953,8.16,318.0,5.5,13510.660796568627,263.3005546440492,-54.69944535595084,7.188058431828593,263.3005546440492,-54.69944535595084,7.188058431828593,367.3335604969651,49.333560496965106,5.846967426565083
UGC 02953,8.25,319.0,2.94,13350.959381818184,260.75244331263394,-58.24755668736606,8.597067987540967,260.75244331263394,-58.24755668736606,8.597067987540967,367.5032410624449,48.503241062444886,5.96123792090291
UGC 02953,8.34,319.0,1.74,13194.279544364508,263.4539314484281,-55.54606855157192,7.9309687321309,263.4539314484281,-55.54606855157192,7.9309687321309,367.6667950058753,48.666795005875315,6.088146280993663
UGC 02953,8.4,319.0,2.2,13089.925773809524,269.4755521058101,-49.52444789418985,6.275383633262525,269.4755521058102,-49.52444789418979,6.275383633262512,367.7543096383914,48.75430963839142,6.081728350005492
UGC 02953,9.59,319.0,3.23,11101.40936392075,263.0431323289862,-55.95686767101381,7.898363227550868,263.0431323289862,-55.95686767101381,7.898363227550868,366.8215611503904,47.82156115039038,5.768698084494316
UGC 02953,10.8,317.0,4.08,9454.868749999998,272.40072287429734,-44.599277125702656,4.940055393852334,272.40072287429734,-44.599277125702656,4.940055393852334,364.48640235186724,47.48640235186724,5.600344143952169
UGC 02953,12.02,312.0,2.62,8352.00717138103,284.8448295615602,-27.155170438439825,1.87699186167216,284.84482956156023,-27.155170438439768,1.876991861672152,365.7711439307616,53.77114393076158,7.359628206634854
UGC 02953,13.22,308.0,0.76,7381.818169440242,292.0938906882667,-15.906109311733305,0.6544722545662472,292.0938906882667,-15.906109311733305,0.6544722545662472,365.2369088371147,57.2369088371147,8.47453068472715
UGC 02953,14.42,303.0,1.86,6395.144500693481,291.1220422820897,-11.877957717910306,0.362260628697983,291.1220422820897,-11.877957717910306,0.362260628697983,360.6565407743603,57.65654077436028,8.535613691549699
UGC 02953,15.63,298.0,1.34,5401.3724760076775,282.2357438938632,-15.764256106136829,0.6408318469314047,282.2357438938632,-15.764256106136829,0.6408318469314047,351.9496196531588,53.94961965315878,7.505400939877853
UGC 02953,16.83,296.0,1.41,4579.54677956031,271.5616740913703,-24.43832590862968,1.539304358088304,271.5616740913703,-24.43832590862968,1.539304358088304,343.2711275103067,47.27112751030671,5.75935059888609
UGC 02953,18.03,294.0,1.15,4003.4760288408206,262.9484371797781,-31.051562820221875,2.489397216991488,262.9484371797781,-31.051562820221875,2.489397216991488,338.13036530314923,44.13036530314923,5.0280816161968325
UGC 02953,19.23,294.0,0.59,3527.369890795632,253.92841413037544,-40.071585869624585,4.156179347346853,253.92841413037544,-40.071585869624585,4.156179347346853,333.53780261562963,39.53780261562963,4.046190043829617
UGC 02953,20.43,294.0,0.5,3115.811830641214,245.2801012959292,-48.71989870407086,6.145316581837993,245.2801012959292,-48.71989870407086,6.145316581837993,328.8961248456284,34.89612484562838,3.15272370030209
UGC 02953,21.64,292.0,1.21,2766.0752310536045,237.8454961168968,-54.15450388310319,7.568985851398978,237.8454961168968,-54.15450388310319,7.568985851398978,324.6149103889136,32.614910388913586,2.745370163782563
UGC 02953,22.84,290.0,1.21,2469.798296847636,230.84746328524488,-59.15253671475512,9.030572380229424,230.84746328524488,-59.15253671475514,9.030572380229437,320.64388179073853,30.643881790738533,2.4235728967012857
UGC 02953,24.04,287.0,0.81,2212.592616472546,223.53215675871203,-63.467843241287966,10.417958298603596,223.5321567587121,-63.46784324128794,10.417958298603589,316.8060665352597,29.806066535259674,2.2976531401013114
UGC 02953,25.24,283.0,1.08,1988.1776901743265,216.1815895440094,-66.8184104559906,11.53173409641238,216.18158954400943,-66.81841045599057,11.53173409641237,313.09025356393767,30.090253563937665,2.338589711147619
UGC 02953,26.44,279.0,1.87,1795.27078290469,209.3136190819732,-69.68638091802683,12.46785708808551,209.3136190819732,-69.68638091802683,12.46785708808551,309.70409072925884,30.704090729258837,2.4204074217549834
UGC 02953,27.65,276.0,1.55,1629.7283508137432,203.075952629548,-72.92404737045203,13.691767393072732,203.075952629548,-72.92404737045203,13.691767393072732,306.7469262947142,30.74692629471423,2.4340046126700763
UGC 02953,28.85,273.0,1.9,1487.2250571923744,197.3643774679675,-75.6356225320325,14.683266332507127,197.3643774679675,-75.6356225320325,14.683266332507127,304.0932980753183,31.093298075318273,2.4814383234531734
UGC 02953,30.05,271.0,1.12,1362.8265557404327,192.28764638905315,-78.71235361094685,15.998874669919148,192.28764638905315,-78.71235361094685,15.998874669919148,301.69180767820745,30.691807678207454,2.4324760636833926
UGC 02953,31.25,270.0,1.41,1255.3109088,187.44466561608573,-82.55533438391427,17.565959459168717,187.44466561608576,-82.55533438391424,17.565959459168706,299.6417080731172,29.641708073117172,2.264581974271633
UGC 02953,32.34,268.0,1.76,1169.4796351267778,183.149012582493,-84.85098741750699,18.503558145118163,183.149012582493,-84.85098741750699,18.503558145118163,298.0183109676682,30.018310967668185,2.3158688034869095
UGC 02953,33.55,267.0,1.81,1084.739102831595,179.08396575611488,-87.91603424388512,19.855390755229983,179.08396575611488,-87.91603424388512,19.855390755229983,296.4020504842286,29.402050484228596,2.2207388860429065
UGC 02953,34.75,266.0,2.18,1008.5550359712232,175.16635983486168,-90.83364016513832,21.115033933636308,175.16635983486168,-90.83364016513832,21.115033933636308,294.8324254123642,28.832425412364216,2.1274565560174317
UGC 02953,35.95,265.0,3.01,939.368792767733,171.20468602915972,-93.79531397084028,22.268917875757403,171.2046860291597,-93.79531397084033,22.268917875757413,293.3021955336884,28.302195533688405,2.0275757334824043
UGC 02953,37.15,264.0,2.04,876.9606944818304,167.31136371469788,-96.68863628530212,23.961077632220704,167.31136371469788,-96.68863628530212,23.961077632220704,291.86878567427686,27.868785674276864,1.990634688187611
UGC 02953,38.35,264.0,1.58,821.0258383311602,163.67692545463387,-100.32307454536613,25.906853412889,163.67692545463385,-100.32307454536615,25.906853412889014,290.5824118436242,26.582411843624186,1.818870443649031
UGC 02953,39.56,264.0,3.23,770.5113296258845,160.34005466762935,-103.65994533237064,27.10517786568689,160.34005466762935,-103.65994533237064,27.10517786568689,289.4435336893135,25.443533689313483,1.6329961680759346
UGC 02953,40.76,264.0,2.94,725.9696295387635,157.32675872618637,-106.67324127381364,28.83406801443443,157.32675872618637,-106.67324127381364,28.83406801443443,288.51616806360533,24.516168063605335,1.5230007442739277
UGC 02953,41.96,264.0,1.62,685.085800762631,154.48699243430258,-109.51300756569742,30.86038557044926,154.4869924343026,-109.5130075656974,30.86038557044925,287.63100985504593,23.63100985504593,1.4369263143777846
UGC 02953,43.16,264.0,2.15,646.9185495829472,151.69785591435067,-112.30214408564932,32.28634184214668,151.6978559143507,-112.3021440856493,32.28634184214667,286.71076005899454,22.710760058994538,1.3204017240615211
UGC 02953,44.36,262.0,4.45,611.6255049594229,148.99233136895018,-113.00766863104982,31.47031664276381,148.99233136895018,-113.00766863104982,31.47031664276381,285.8107760117696,23.810776011769576,1.3971157257105649
UGC 02953,45.57,260.0,7.43,579.7099890278693,146.4580181829287,-113.5419818170713,29.21948880202408,146.4580181829318,-113.5419818170682,29.219488802022475,285.07536944515823,25.07536944515823,1.425129577688677
UGC 02953,46.77,258.0,7.22,550.7404703870002,144.07291537872698,-113.92708462127302,29.624604591491227,144.07291537873706,-113.92708462126294,29.62460459148598,284.42706632511147,26.42706632511147,1.594030048159034
UGC 02953,47.97,257.0,5.37,523.424060871378,141.7450362344416,-115.2549637655584,32.02151658302379,141.74503623445915,-115.25496376554084,32.021516583014034,283.7368164036843,26.736816403684315,1.72322508292855
UGC 02953,49.17,258.0,5.43,497.8893024201748,139.69421915458832,-118.30578084541168,33.686561849642615,139.69421915461342,-118.30578084538658,33.68656184962832,283.04761191202135,25.047611912021353,1.5100015969178038
UGC 02953,50.37,260.0,6.47,474.39685725630346,137.86783800479046,-122.13216199520954,34.8624167191349,137.86783800482291,-122.13216199517709,34.86241671911637,282.43090998624274,22.43090998624274,1.1759563045160804
UGC 02953,51.58,263.0,5.75,452.6019775106631,135.4790944406676,-127.5209055593324,38.80466840786797,135.47909444070908,-127.52090555929092,38.80466840784273,281.88448863105975,18.884488631059753,0.8510041124095452
UGC 02953,52.78,265.0,5.54,431.7496191739296,131.65359381436855,-133.34640618563145,42.67248018108215,131.65359381442423,-133.34640618557577,42.67248018104651,281.2368707176902,16.23687071769018,0.6326884696091422
UGC 02953,53.98,266.0,4.43,412.1089773990367,127.61350253693536,-138.38649746306464,47.213133809326784,127.61350253700846,-138.38649746299154,47.2131338092769,280.58072997134366,14.580729971343658,0.5241238555553153
UGC 02953,55.18,266.0,4.71,393.94470641536793,125.92353532939836,-140.07646467060164,48.07001535487127,125.92353532948174,-140.07646467051825,48.07001535481403,279.989382022345,13.989382022345012,0.4794474095563982
UGC 02953,57.59,262.0,5.28,361.42153151588815,126.69743964877168,-135.3025603512283,44.23227411142445,126.69743964885532,-135.30256035114468,44.23227411136978,278.9936253076829,16.99362530768292,0.6977491482955414
UGC 02953,59.99,263.0,4.7,331.92035505917653,128.02930277282704,-134.97069722717296,44.63988117814501,128.0293027729008,-134.9706972270992,44.63988117809621,277.85456176750534,14.854561767505345,0.5407091702924147
UGC 02953,62.39,272.0,5.04,306.3067302452316,129.16914724224313,-142.83085275775687,49.58817004967415,129.16914724230202,-142.83085275769798,49.58817004963325,276.9174942823823,4.917494282382279,0.05877894013358821
UGC 03205,0.28,107.0,30.2,30534.956071428565,75.41766167858133,-31.582338321418675,0.7684232333738179,75.41766167858133,-31.582338321418675,0.7684232333738179,97.3879224694904,-9.612077530509595,0.07117811042227314
UGC 03205,0.55,121.0,15.6,38826.92727272726,122.1599653628315,1.1599653628314996,0.0021379173175429,122.1599653628315,1.1599653628314996,0.0021379173175429,152.40468533070157,31.404685330701568,1.5670749026318518
UGC 03205,0.83,134.0,8.69,33296.50036144578,143.07507843551105,9.075078435511044,0.1784489178398708,143.07507843551105,9.075078435511044,0.1784489178398708,174.43475919556124,40.43475919556124,3.542606100205441
UGC 03205,1.39,157.0,12.5,23658.7918705036,162.6162275056184,5.616227505618411,0.0581687623695063,162.61622750561838,5.616227505618383,0.0581687623695057,193.4170532903632,36.417053290363214,2.4457386267462504
UGC 03205,1.65,168.0,11.7,21227.33824242424,174.96337838532042,6.963378385320425,0.0927320058466363,174.96337838532042,6.963378385320425,0.0927320058466363,200.8257368731887,32.8257368731887,2.0607183179403323
UGC 03205,3.04,207.0,8.04,12414.771710526316,185.38382395589545,-21.61617604410455,1.0368751281943775,185.38382395589548,-21.61617604410452,1.0368751281943749,216.36893138320704,9.368931383207041,0.1947820069501835
UGC 03205,3.32,213.0,6.53,11381.35358433735,173.91768026855843,-39.08231973144157,3.563420372602398,173.91768026855843,-39.08231973144157,3.563420372602398,218.06936741268325,5.069367412683249,0.059953415469160456
UGC 03205,3.59,218.0,11.2,10681.487242339834,175.44177276269096,-42.55822723730904,3.541378667258003,175.44177276269096,-42.55822723730904,3.541378667258003,220.89252922697466,2.892529226974659,0.016359153231860275
UGC 03205,3.87,222.0,6.05,10196.420490956072,181.5757862896544,-40.42421371034558,3.866794574333308,181.5757862896544,-40.42421371034558,3.866794574333308,225.00858652654313,3.0085865265431266,0.02141869224080983
UGC 03205,4.15,226.0,5.41,10005.749204819278,188.1507737564442,-37.84922624355579,3.4497326600234217,188.1507737564442,-37.84922624355579,3.4497326600234217,231.21344355113752,5.213443551137516,0.06545167726800434
UGC 03205,4.43,229.0,5.96,9884.273950338598,195.2015580335362,-33.7984419664638,2.710026436036543,195.20155803353617,-33.79844196646383,2.710026436036548,237.69723214529148,8.69723214529148,0.17944951572847379
UGC 03205,4.7,232.0,7.41,9705.669425531916,204.9274053042832,-27.07259469571688,1.6623087295483057,204.9274053042832,-27.07259469571688,1.6623087295483057,243.02013923751386,11.02013923751386,0.2754394142774709
UGC 03205,4.97,234.0,6.1,9452.56138832998,208.0866828024797,-25.91331719752029,1.5866827536667392,208.0866828024797,-25.91331719752032,1.5866827536667425,247.23195760163318,13.231957601633184,0.41370643881623353
UGC 03205,5.25,235.0,3.89,9179.109733333333,210.2371878748189,-24.762812125181057,1.5286656548977606,210.23718787481897,-24.76281212518103,1.528665654897757,251.09519715326155,16.09519715326155,0.6458106229901789
UGC 03205,5.52,236.0,9.03,9018.94072463768,213.6539047519211,-22.34609524807891,1.068030567670582,213.65390475192103,-22.34609524807894,1.0680305676705848,255.6454230340427,19.645423034042693,0.8254735493440151
UGC 03205,5.8,237.0,10.0,8889.378896551723,217.6608262133622,-19.339173786637787,0.7695548204727944,217.6608262133622,-19.339173786637787,0.7695548204727944,260.5236373114285,23.5236373114285,1.1386039348963604
UGC 03205,6.08,237.0,7.36,8740.957598684212,219.464506011976,-17.53549398802403,0.698579705195513,219.464506011976,-17.53549398802403,0.698579705195513,264.9355203480256,27.93552034802559,1.7729377428949018
UGC 03205,6.36,237.0,10.2,8587.491572327044,217.0759487461044,-19.924051253895584,0.810072276483263,217.0759487461044,-19.92405125389561,0.8100722764832653,269.0453196966903,32.045319696690285,2.095548352100005
UGC 03205,6.63,236.0,10.4,8371.802066365008,210.31839175976103,-25.681608240238944,1.334679054972294,210.31839175976103,-25.681608240238944,1.334679054972294,271.910130892737,35.910130892737016,2.6095545991854974
UGC 03205,6.91,236.0,5.83,8120.322604920405,205.73640542925688,-30.263594570743123,2.180736577424576,205.73640542925688,-30.263594570743123,2.180736577424576,274.23065294227814,38.23065294227814,3.4800510784759315
UGC 03205,7.19,235.0,5.43,7845.421154381084,194.4267463526048,-40.573253647395234,3.962090828176597,194.4267463526048,-40.573253647395234,3.962090828176597,275.9239604344223,40.92396043442233,4.030881838637612
UGC 03205,7.27,234.0,8.36,7760.165777166437,187.36918392279512,-46.63081607720488,4.769648195585312,187.36918392279512,-46.63081607720488,4.769648195585312,276.25428161469273,42.25428161469273,3.916352368586079
UGC 03205,7.46,234.0,7.88,7559.027345844504,185.81812012329087,-48.18187987670902,5.180813570653009,185.81812012329087,-48.18187987670902,5.180813570653009,276.9461419714327,42.94614197143272,4.11603249277486
UGC 03205,8.02,231.0,8.17,7005.325798004988,187.52872156093105,-43.47127843906895,4.173951718330097,187.52872156093105,-43.47127843906895,4.173951718330097,278.6846180693239,47.6846180693239,5.022260242746678
UGC 03205,8.29,229.0,5.82,6747.920072376357,185.15062921064865,-43.84937078935138,4.579408693264959,185.15062921064865,-43.84937078935138,4.579408693264959,279.22215201898354,50.222152018983536,6.00721684354078
UGC 03205,8.56,228.0,7.21,6499.599369158878,184.9358220404385,-43.06417795956151,4.2342254509530886,184.93582204043847,-43.06417795956148,4.234225450953083,279.6249003800882,51.62490038008821,6.084993357644789
UGC 03205,8.84,226.0,18.2,6236.527929864253,186.7477422469244,-39.25225775307561,2.1481508821508624,186.7477422469244,-39.25225775307558,2.14815088215086,279.6530383104938,53.6530383104938,4.013508058595888
UGC 03205,9.12,224.0,9.11,5987.982598684211,195.3568076737525,-28.64319232624746,1.749352423289009,195.35680767375257,-28.64319232624743,1.7493524232890056,279.6332803383005,55.633280338300494,6.599390226828837
UGC 03205,9.69,221.0,5.56,5494.757698658411,198.7346467480245,-22.26535325197545,1.1890855933585616,198.7346467480245,-22.265353251975483,1.1890855933585645,278.92607019197976,57.92607019197976,8.048261337327846
UGC 03205,12.11,216.0,3.21,3773.405763831545,175.4809590470486,-40.5190409529514,4.142759763895838,175.48095904704863,-40.51904095295137,4.142759763895833,271.2081050668115,55.20810506681153,7.690899148073664
UGC 03205,14.58,220.0,1.89,2668.9068175583,162.35848446775498,-57.64151553224502,8.528701908719963,162.358484467755,-57.641515532245,8.528701908719954,263.1523777917149,43.15237779171491,4.779930875642507
UGC 03205,14.68,220.0,7.66,2633.316049046321,161.77742110997838,-58.22257889002162,7.623239711386889,161.77742110997838,-58.22257889002162,7.623239711386889,262.82460641298536,42.82460641298536,4.124235542555307
UGC 03205,15.2,221.0,9.52,2463.647960526316,155.55898901261304,-65.44101098738696,8.985003724167196,155.55898901261307,-65.44101098738693,8.98500372416719,261.3507233452931,40.35072334529309,3.4160239768348406
UGC 03205,15.5,221.0,13.6,2378.757019354839,154.19995954467086,-66.80004045532914,7.815338035648048,154.19995954467086,-66.80004045532914,7.815338035648048,260.75560283953257,39.75560283953257,2.768158815214113
UGC 03205,15.71,221.0,8.15,2323.637485677912,149.44225857625935,-71.55774142374065,11.317983428469912,149.44225857625935,-71.55774142374065,11.317983428469912,260.41641144094837,39.416411440948366,3.434076534394565
UGC 03205,16.02,221.0,4.11,2245.2496254681646,148.32666489338175,-72.67333510661825,13.108754516454486,148.32666489338175,-72.67333510661823,13.108754516454477,259.9103896891124,38.91038968911238,3.757875683734138
UGC 03205,16.32,221.0,5.37,2172.1024264705884,147.41242693835272,-73.58757306164728,13.053638451891034,147.41242693835272,-73.58757306164728,13.053638451891034,259.3946470114119,38.394647011411905,3.5535626631356108
UGC 03205,16.53,221.0,5.06,2125.1364246823955,146.94650681500022,-74.05349318499978,13.323303909151448,146.94650681500025,-74.05349318499975,13.323303909151438,259.1309253217436,38.130925321743575,3.5324459404446062
UGC 03205,16.84,221.0,11.4,2058.5819536817103,146.91539045828472,-74.08460954171528,10.637509440554329,146.91539045828472,-74.08460954171528,10.637509440554329,258.7521369061649,37.75213690616488,2.7622758372389646
UGC 03205,16.94,221.0,2.56,2038.897727272727,148.00663740024578,-72.99336259975422,13.572747730804654,148.00663740024578,-72.99336259975422,13.572747730804654,258.67995956583763,37.679959565837635,3.6167783275536363
UGC 03205,19.4,218.0,1.7,1598.830231958763,141.73669109444916,-76.26330890555084,14.95562314593708,141.73669109444916,-76.26330890555084,14.95562314593708,255.33115054349744,37.33115054349744,3.5835706778298992
UGC 03205,21.77,216.0,1.13,1297.5341570969224,142.15340471287382,-73.84659528712618,14.081190061944326,142.15340471287382,-73.84659528712618,14.081190061944326,252.76098124785727,36.76098124785727,3.4894147890186944
UGC 03205,24.23,215.0,1.77,1048.7150680974,140.05807353436984,-74.94192646563016,14.432838607015542,140.05807353436984,-74.94192646563016,14.432838607015542,249.22654488107113,34.226544881071135,3.010427477337374
UGC 03205,26.69,212.0,2.47,861.7496028475083,134.5448024660701,-77.45519753392989,15.300417889936236,134.5448024660701,-77.45519753392989,15.300417889936236,246.05684978249883,34.05684978249883,2.9580881275908584
UGC 03205,29.06,208.0,1.44,720.7871782518926,127.87546658155549,-80.12453341844451,16.54310124554577,127.87546658155549,-80.12453341844451,16.54310124554577,243.0833263274876,35.08332632748761,3.1716658546239307
UGC 03205,31.52,209.0,2.88,606.1409930203046,122.8537835312926,-86.14621646870741,18.821394906631685,122.8537835312926,-86.1462164687074,18.82139490663168,240.2722506038504,31.27225060385041,2.480262610450522
UGC 03205,36.34,220.0,4.09,446.9840643918547,116.51050111642527,-103.48949888357473,26.593814484694303,116.54818439096736,-103.45181560903264,26.57445098269848,235.74042304311698,15.740423043116976,0.6152064322710233
UGC 03205,40.04,220.0,6.32,360.6838561438561,112.37342403838018,-107.62657596161982,27.19494432397977,112.42363269920692,-107.57636730079308,27.16957692315942,232.49398746312008,12.493987463120078,0.3664808263478857
UGC 03546,0.63,262.0,73.6,251399.8030158729,308.857936576188,46.85793657618802,0.3783700422160518,308.857936576188,46.85793657618802,0.3783700422160518,400.8506774207449,138.8506774207449,3.3223580069826015
UGC 03546,0.79,250.0,55.5,182056.12898734177,294.5900053991267,44.59000539912671,0.5736079571566244,294.5900053991267,44.59000539912671,0.5736079571566244,383.00440241845865,133.00440241845865,5.103547367527239
UGC 03546,0.95,241.0,42.9,137785.96589473687,282.3880274096162,41.3880274096162,0.7693860577607636,282.38802740961626,41.38802740961626,0.7693860577607659,366.5031658992316,125.50316589923159,7.074637937635049
UGC 03546,1.11,234.0,31.9,108158.2172072072,276.60816150334165,42.60816150334165,1.2934187036960734,276.60816150334165,42.60816150334165,1.2934187036960734,352.18448941403756,118.18448941403756,9.951178417122103
UGC 03546,1.27,228.0,28.8,87925.04763779526,276.5335080744497,48.533508074449685,1.937982463974094,276.5335080744497,48.533508074449685,1.937982463974094,340.8584023247691,112.85840232476909,10.479348199252488
UGC 03546,1.43,225.0,24.2,73268.27748251747,262.0860472936469,37.086047293646914,1.4155190233693709,262.0860472936469,37.086047293646914,1.4155190233693709,331.39872003497624,106.39872003497624,11.65111319529996
UGC 03546,1.59,222.0,12.2,62652.33188679247,250.0398391762932,28.03983917629316,1.4700332455171352,250.0398391762932,28.03983917629316,1.4700332455171352,324.3341369963344,102.3341369963344,19.580202667684798
UGC 03546,1.9,221.0,6.34,49118.05942105263,245.7658603360205,24.76586033602049,1.439122877343814,245.76586033602047,24.765860336020552,1.4391228773438207,316.0645250824284,95.06452508242842,21.20449842548272
UGC 03546,2.06,221.0,12.2,44389.93053398058,240.50087869509883,19.50087869509884,0.7110243622035742,240.5008786950989,19.500878695098866,0.7110243622035763,313.88362913701997,92.88362913701997,16.13074669370927
UGC 03546,2.22,222.0,16.9,40600.3968018018,233.91634969463885,11.916349694638852,0.2114313218161128,233.91634969463885,11.916349694638852,0.2114313218161128,312.59440516411837,90.59440516411837,12.220405066988935
UGC 03546,2.38,222.0,26.0,37498.33882352942,231.85783499377828,9.857834993778283,0.0915036824525044,231.85783499377828,9.857834993778283,0.0915036824525044,311.97280435139044,89.97280435139044,7.622509908525029
UGC 03546,2.79,221.0,13.1,31122.15953405018,230.93948850557112,9.93948850557112,0.1771729914319693,230.93948850557112,9.93948850557112,0.1771729914319693,310.09588241070793,89.09588241070793,14.235892940482943
UGC 03546,2.86,221.0,11.8,30199.03692307692,240.7701677310021,19.770167731002147,0.7441541621200948,240.7701677310021,19.77016773100217,0.7441541621200969,309.6872796898837,88.68727968988372,14.9749325618606
UGC 03546,3.02,220.0,22.9,28206.016258278145,234.9220969930469,14.922096993046864,0.2445809895210929,234.9220969930469,14.922096993046893,0.2445809895210939,308.527284956105,88.527284956105,8.608297560109639
UGC 03546,4.17,205.0,8.45,17513.614796163067,216.81525731173824,11.815257311738264,0.3052023225552648,216.81525731173824,11.815257311738264,0.3052023225552648,293.4707805998815,88.4707805998815,17.11201626565742
UGC 03546,5.56,190.0,13.3,10607.665899280575,207.45228773362817,17.452287733628168,0.5411045624142341,207.4522877336281,17.45228773362814,0.5411045624142323,274.1140619559804,84.11406195598039,12.569374866731525
UGC 03546,6.96,190.0,8.87,7450.378290229884,206.30509303647327,16.30509303647338,0.5721309988253187,206.30509303647327,16.30509303647338,0.5721309988253187,265.9788350292171,75.97883502921712,12.423220031804876
UGC 03546,8.35,198.0,3.19,5669.167197604792,203.25809168311204,5.258091683112042,0.0697859566692993,203.25809168311204,5.258091683112042,0.0697859566692993,262.0221711329984,64.02217113299838,10.346001176201518
UGC 03546,9.73,204.0,2.56,4642.513062692703,200.17485820774976,-3.825141792250236,0.0372731513118701,200.17485820774976,-3.825141792250236,0.0372731513118701,262.33528683982865,58.335286839828655,8.6688943641966
UGC 03546,11.14,204.0,1.09,3688.988590664273,192.5626153913205,-11.43738460867948,0.3378558552983892,192.5626153913205,-11.43738460867948,0.3378558552983892,257.99702905633853,53.99702905633853,7.530394521192846
UGC 03546,12.51,201.0,0.57,3016.989360511592,187.88566783480388,-13.114332165196116,0.4451841135249048,187.8856678348039,-13.114332165196087,0.4451841135249028,254.45129966350615,53.45129966350615,7.395436938488646
UGC 03546,13.88,203.0,0.75,2553.848667146974,183.5491144989582,-19.4508855010418,0.9787212851081984,183.5491144989582,-19.4508855010418,0.9787212851081984,252.86373118815717,49.863731188157175,6.432056104782018
UGC 03546,15.35,202.0,0.89,2175.971446254072,178.34313532273637,-23.656864677263627,1.4468942006787715,178.3431353227364,-23.6568646772636,1.4468942006787682,251.71985522810613,49.71985522810613,6.391195693768906
UGC 03546,16.72,198.0,1.58,1856.7466387559807,170.85722399649322,-27.142776003506786,1.89636323316392,170.8572239964932,-27.14277600350681,1.896363233163924,249.0583170794467,51.05831707944671,6.710362677711607
UGC 03546,18.08,195.0,1.5,1582.1724391592925,161.84423461679535,-33.15576538320465,2.831435359036991,161.84423461679535,-33.15576538320465,2.831435359036991,245.6466873351373,50.6466873351373,6.606791855822684
UGC 03546,19.45,194.0,2.16,1350.4769408740358,153.3688226293214,-40.63117737067861,4.225845773284226,153.3688226293214,-40.63117737067861,4.225845773284226,242.0061655548638,48.0061655548638,5.899142210834513
UGC 03546,20.92,192.0,6.21,1147.2715200764817,144.10446897436637,-47.89553102563363,5.403146173280863,144.10446897436637,-47.89553102563363,5.403146173280863,238.23828158562867,46.23828158562867,5.035702933884159
UGC 03546,22.92,190.0,3.14,930.8215924956368,134.71615334751985,-55.28384665248015,7.720675968689254,134.71615334751985,-55.28384665248015,7.720675968689254,233.52797399929239,43.527973999292385,4.786253814440963
UGC 03546,25.02,191.0,14.6,768.3316147082336,128.2320074288655,-62.7679925711345,6.5755739558882365,128.2320074288655,-62.7679925711345,6.5755739558882365,229.987075012336,38.98707501233599,2.536871650339665
UGC 03546,29.23,193.0,18.6,551.9699828942867,118.20732484564424,-74.79267515435575,7.642417969212777,118.20732484564428,-74.79267515435573,7.642417969212773,225.0036845114334,32.00368451143339,1.3993057302412175
UGC 03580,0.11,56.2,28.5,18669.404545454545,37.45644599739019,-18.74355400260981,0.2931949231368665,37.45644599739019,-18.74355400260981,0.2931949231368665,49.00905599864978,-7.190944001350225,0.04315432975635701
UGC 03580,0.23,64.6,22.7,26677.857826086954,65.4112141688369,0.8112141688369121,0.0007301406070429,65.4112141688369,0.8112141688369121,0.0007301406070429,83.02959250491539,18.42959250491539,0.37684860577309587
UGC 03580,0.34,70.2,17.2,26221.63441176471,80.44353689275859,10.243536892758584,0.1538924792815121,80.44353689275859,10.243536892758584,0.1538924792815121,100.16966225580127,29.969662255801268,1.3172894751361013
UGC 03580,0.46,71.6,11.7,23416.75782608696,91.914059615383,20.314059615383,0.7891927901802188,91.914059615383,20.314059615383,0.7891927901802188,110.75801404336633,39.158014043366336,2.9324524542838364
UGC 03580,0.57,71.0,11.3,20173.230701754383,96.94364510260512,25.94364510260513,1.3102702431620763,96.94364510260512,25.94364510260512,1.3102702431620752,115.41519991797355,44.41519991797355,3.8402732849647796
UGC 03580,0.69,69.0,9.37,17760.496956521743,95.69922480604954,26.699224806049543,1.5045446798912598,95.69922480604954,26.699224806049543,1.5045446798912598,120.10517178464256,51.105171784642565,5.512358951985179
UGC 03580,0.8,67.7,6.23,16254.902875,96.09571200854144,28.39571200854144,1.898050790058457,96.09571200854144,28.39571200854144,1.898050790058457,124.46140553354904,56.76140553354904,7.584179195462311
UGC 03580,0.92,66.9,4.0,14866.581630434785,103.74012379384293,36.840123793842906,3.376106271506642,103.74012379384293,36.840123793842906,3.376106271506642,128.45584744436866,61.55584744436865,9.425677498991012
UGC 03580,1.03,66.6,3.1,13908.845145631069,109.30601519076475,42.70601519076476,4.610105238679078,109.30601519076475,42.70601519076476,4.610105238679078,132.1217017275093,65.52170172750931,10.851832353248644
UGC 03580,1.14,66.8,3.02,12889.090789473685,109.05427527886496,42.25427527886497,4.518682860571357,109.05427527886498,42.25427527886498,4.51868286057136,134.59978038863977,67.79978038863977,11.633948084552916
UGC 03580,1.26,67.4,3.09,11859.923015873015,105.58375674563578,38.183756745635776,3.686022709273248,105.58375674563578,38.183756745635776,3.686022709273248,136.66203420751492,69.26203420751492,12.128055684158175
UGC 03580,1.37,68.3,2.71,10958.337737226277,100.847997543773,32.54799754377301,2.693245288564017,100.847997543773,32.54799754377301,2.693245288564017,137.90415923069617,69.60415923069617,12.316795859432254
UGC 03580,1.49,69.6,2.75,10021.917382550337,99.96860305183556,30.36860305183557,2.34334330969022,99.9686030518356,30.368603051835592,2.343343309690222,138.63369738832577,69.03369738832578,12.109007781744797
UGC 03580,1.61,71.2,2.61,9215.279813664596,101.23974607895607,30.03974607895607,2.2972468121225305,101.23974607895607,30.03974607895607,2.2972468121225305,139.27172777104775,68.07172777104775,11.796378272806855
UGC 03580,1.71,72.9,4.09,8624.600058479531,104.8544405395665,31.95444053956649,2.5354234536817533,104.8544405395665,31.95444053956649,2.5354234536817533,139.74842086781567,66.84842086781566,11.096100253547277
UGC 03580,1.83,74.9,6.17,7983.622185792349,109.5000955916698,34.6000955916698,2.8230474221351485,109.5000955916698,34.6000955916698,2.8230474221351485,140.1732965915078,65.2732965915078,10.046959934866585
UGC 03580,1.94,77.0,7.74,7438.728762886599,110.84624224190128,33.846242241901265,2.569070618884858,110.84624224190128,33.84624224190128,2.56907061888486,140.33796059332778,63.33796059332778,8.996700778641006
UGC 03580,2.06,79.2,5.36,6911.367912621359,109.92167338924952,30.72167338924952,2.275750792409613,109.92167338924952,30.72167338924952,2.275750792409613,140.4961684882744,61.296168488274404,9.059445651679852
UGC 03580,2.18,81.4,6.34,6462.521697247706,108.69839139636882,27.29839139636881,1.748498043690134,108.69839139636882,27.29839139636881,1.748498043690134,140.80023260777577,59.40023260777576,8.27879882818562
UGC 03580,2.29,83.6,2.03,6132.546812227074,106.60999465235948,23.00999465235948,1.3571686466980155,106.60999465235948,23.00999465235948,1.3571686466980155,141.41481217713735,57.814812177137355,8.567991376718524
UGC 03580,2.4,85.7,1.94,5852.042166666668,105.96129825919104,20.26129825919104,1.053254349939034,105.96129825919104,20.26129825919104,1.053254349939034,142.19079109008715,56.49079109008714,8.187551320810535
UGC 03580,2.52,87.8,1.7,5575.277023809524,100.6391543388448,12.839154338844793,0.4238830623998485,100.6391543388448,12.839154338844793,0.4238830623998485,143.03119744813023,55.23119744813023,7.8440823151902785
UGC 03580,2.63,89.7,2.16,5333.579543726236,103.64108803823844,13.941088038238448,0.4974943677915719,103.64108803823844,13.941088038238448,0.4974943677915719,143.68131270353194,53.98131270353194,7.459018969667406
UGC 03580,2.75,91.4,1.88,5067.567927272728,96.23406949885482,4.8340694988548165,0.0599901521399867,96.23406949885484,4.834069498854831,0.0599901521399871,144.11280403125585,52.71280403125584,7.1332331851502255
UGC 03580,2.86,92.8,3.36,4830.657167832167,96.35801287506578,3.558012875065785,0.0318645532607294,96.35801287506578,3.558012875065785,0.0318645532607294,144.35094217897318,51.55094217897319,6.689074266076527
UGC 03580,2.98,94.1,1.4,4584.196979865772,96.98339065231887,2.8833906523188944,0.0214298939423651,96.98339065231887,2.8833906523188944,0.0214298939423651,144.49975294399516,50.39975294399517,6.547414931476826
UGC 03580,3.09,95.2,5.51,4366.339190938512,98.9030309078786,3.703030907878599,0.0329340825518684,98.9030309078786,3.703030907878599,0.0329340825518684,144.5125349558836,49.312534955883606,5.840439811055965
UGC 03580,3.2,96.1,6.23,4160.68253125,102.00199251256126,5.901992512561264,0.0819973113300684,102.00199251256124,5.90199251256125,0.081997311330068,144.4730402134966,48.37304021349661,5.508192005225265
UGC 03580,4.52,97.4,2.3,2482.07685840708,96.77169652650036,-0.628303473499642,0.0010088815323972,96.77169652650038,-0.6283034734996278,0.0010088815323971,142.8848982163147,45.48489821631469,5.287321336472966
UGC 03580,4.69,96.9,11.7,2344.7217484008524,97.63130744113658,0.731307441136579,0.0010227974783639,97.63130744113658,0.731307441136579,0.0010227974783639,142.7280311366075,45.82803113660751,4.016539688764113
UGC 03580,6.03,96.8,2.3,1572.7238142620229,89.53299349965845,-7.267006500341552,0.1349622619438431,89.53299349965845,-7.267006500341552,0.1349622619438431,141.58532852040858,44.785328520408584,5.125931280331525
UGC 03580,7.53,105.0,1.02,1121.3609296148738,84.7814853434381,-20.218514656561894,1.0561903483915585,84.78148534343809,-20.218514656561908,1.0561903483915598,141.90134427990665,36.90134427990665,3.5182611677339093
UGC 03580,8.58,110.0,7.12,907.8072027972028,77.46493160722662,-32.53506839277338,2.4239621010080312,77.46493160722662,-32.53506839277338,2.4239621010080312,141.775095075726,31.775095075726,2.312043999353843
UGC 03580,8.7,110.0,5.26,888.8394827586206,75.41843094994827,-34.581569050051726,2.890932038098936,75.41843094994827,-34.581569050051726,2.890932038098936,141.8323006904359,31.832300690435886,2.449540083019132
UGC 03580,8.82,110.0,5.16,870.1098526077097,74.24525847951894,-35.75474152048106,3.098211892806487,74.24525847951894,-35.75474152048106,3.098211892806487,141.869838204592,31.869838204592014,2.461521018538047
UGC 03580,9.03,111.0,0.82,838.4912181616834,70.91827717313927,-40.08172282686073,4.154794872272468,70.91827717313927,-40.08172282686073,4.154794872272468,141.9195807885866,30.919580788586586,2.472430088472652
UGC 03580,9.05,111.0,7.81,835.3413591160221,70.76839688021352,-40.231603119786485,3.621020160104336,70.76839688021352,-40.231603119786485,3.621020160104336,141.9121560312702,30.9121560312702,2.1377398829689893
UGC 03580,10.53,112.0,1.43,661.5258309591643,68.19165852567554,-43.80834147432447,4.9457441206701,68.19165852567554,-43.80834147432447,4.9457441206701,142.57401014836918,30.574010148369183,2.408922515287746
UGC 03580,12.07,112.0,1.21,538.1363545981773,67.14815723099107,-44.851842769008925,5.1919333940251455,67.25293575796334,-44.74706424203666,5.167703945426056,143.50066339911078,31.500663399110778,2.5609902816391954
UGC 03580,13.58,114.0,1.35,444.2651840942562,66.56973859509274,-47.430261404907256,5.800668339092845,66.83851737118971,-47.16148262881029,5.735111922973976,143.8519749391393,29.851974939139296,2.2978048147464385
UGC 03580,15.09,118.0,1.36,371.9650231941683,65.53509556570113,-52.46490443429887,7.096993776196014,65.92005941651267,-52.07994058348733,6.993226784762883,144.00336071736385,26.003360717363847,1.743394265708515
UGC 03580,16.6,122.0,1.44,316.29778313253007,63.69501191157098,-58.30498808842902,8.759863170264223,64.20431521226526,-57.79568478773474,8.60749399104498,144.15569989093805,22.155699890938052,1.2649019094762242
UGC 03580,18.11,125.0,1.64,273.02445610160134,61.41389285096725,-63.58610714903275,10.402112694469505,62.08468267887328,-62.91531732112672,10.18380001321895,144.38925651478164,19.389256514781636,0.9672069131667071
UGC 03580,19.62,128.0,1.97,238.0335219164118,59.42223759258955,-68.57776240741045,12.062425978823889,60.24889789988617,-67.75110210011383,11.773369343766388,144.5762488615883,16.57624886158831,0.704758879753555
UGC 03580,21.02,131.0,1.81,210.39365842055184,58.36414714782949,-72.6358528521705,13.553277788084516,59.24963865608429,-71.7503613439157,13.224840551429878,144.5530319566852,13.553031956685203,0.47186219554432024
UGC 03580,24.04,127.0,1.93,159.34982945091514,56.31105090618888,-70.68894909381112,12.821678891924584,57.135647466641394,-69.86435253335861,12.524290223450985,143.1104349741477,16.110434974147694,0.665972625963189
UGC 03580,27.06,124.0,1.92,124.839977827051,54.522957400596304,-69.47704259940369,12.387035955987573,55.193067679181226,-68.80693232081877,12.149240864966638,142.00160007052838,18.001600070528383,0.8315856162782368
UGC 04278,0.14,5.23,5.31,126.58214285714288,7.734612917024221,2.504612917024221,0.0151452074612111,9.90916557172156,4.67916557172156,0.0528604456864377,10.252648958329871,5.022648958329871,0.06090593938139962
UGC 04278,0.42,15.4,7.78,306.3059523809524,20.58679374718409,5.186793747184089,0.0602488651916159,22.60403437771337,7.204034377713372,0.1162257794023316,22.720465792773773,7.320465792773772,0.12001301467761274
UGC 04278,0.69,24.4,4.0,469.01594202898553,31.531232305735006,7.131232305735008,0.1265036671600961,32.4836429657792,8.083642965779198,0.1625504567119192,32.94539005846679,8.545390058466793,0.18165097326204754
UGC 04278,0.97,32.1,4.0,597.260412371134,38.883330246239744,6.783330246239743,0.1144616149988829,38.883330246239744,6.783330246239743,0.1144616149988829,41.96403876837027,9.864038768370271,0.24203796224853655
UGC 04278,1.25,34.6,4.0,646.8752000000001,46.23226399203981,11.63226399203981,0.3365909591554873,46.232263992039805,11.632263992039803,0.336590959155487,48.792100675964484,14.192100675964483,0.5010341333251531
UGC 04278,1.52,37.9,4.0,585.8733552631579,51.22960932089592,13.32960932089592,0.4419862802181974,51.31241424656819,13.41241424656819,0.4474946664715058,52.22923088993961,14.329230889939609,0.5107633281024863
UGC 04278,1.8,40.5,4.0,473.2293888888888,51.66201355723034,11.162013557230338,0.3099267329646614,53.17327919218907,12.67327919218907,0.3995323519481902,53.351652698639846,12.851652698639846,0.41085815195636033
UGC 04278,2.07,43.0,4.0,416.552077294686,50.977356825860014,7.977356825860014,0.1583040346445158,53.34930288037165,10.349302880371653,0.2664379853474353,55.11666700222196,12.11666700222196,0.3652080080665037
UGC 04278,2.35,45.1,4.0,384.8292765957447,47.38565964950594,2.285659649505938,0.0129956219735811,49.85686860622544,4.756868606225439,0.0562880570569481,57.38997662325738,12.289976623257381,0.37573016268709675
UGC 04278,2.63,45.6,4.0,360.3437642585551,45.7981199698933,0.1981199698932982,9.764060316050104e-05,48.37444596241156,2.774445962411555,0.0191481353192581,59.56955476289766,13.969554762897658,0.48544393102884736
UGC 04278,2.91,49.2,13.0,342.8272164948454,45.44650795503034,-3.753492044969661,0.0253850496065775,48.13897130263682,-1.0610286973631844,0.0020284358497805,61.767323581818296,12.567323581818293,0.2845722919101373
UGC 04278,3.19,50.3,4.0,322.8689655172413,44.88848319711907,-5.411516802880925,0.0728470500195586,47.72840227534471,-2.571597724655284,0.0164505344712742,63.56676450772156,13.266764507721561,0.4378284589635336
UGC 04278,3.46,53.7,4.19,304.3448265895954,43.32431564099132,-10.37568435900868,0.2667654532239195,46.07697466476059,-7.6230253352394115,0.1439961265898395,65.09297869502768,11.39297869502768,0.32164044489813093
UGC 04278,3.74,58.0,7.53,284.1053743315508,41.93654949103647,-16.063450508963527,0.5828640561921618,44.64516129643062,-13.354838703569378,0.4028718188699292,66.36174028963812,8.36174028963812,0.1579366580717532
UGC 04278,4.01,64.4,4.0,264.4923940149626,42.30780322411466,-22.09219677588535,1.2140924337921368,45.45105963970556,-18.948940360294444,0.8931899024328251,67.33495729455409,2.9349572945540814,0.021427796818050283
UGC 04278,4.29,67.5,4.0,246.30244755244752,46.82455181378348,-20.67544818621652,1.063368551494836,51.67985516951123,-15.820144830488772,0.6225795583523399,68.25806642579688,0.7580664257968834,0.0014295141938319945
UGC 04278,4.57,71.3,4.0,243.8079868708971,53.02218922130336,-18.27781077869664,0.8310407135866638,59.46892301448864,-11.83107698551136,0.3481949816843197,70.24852962566614,-1.05147037433386,0.0027502237514969844
UGC 04278,4.85,75.6,4.0,252.8429278350516,60.36307109115764,-15.23692890884236,0.5775223944604876,67.99257691340304,-7.607423086596952,0.1439624030310654,73.11525715644915,-2.4847428435508476,0.015358077110888439
UGC 04278,5.13,80.0,4.0,260.1565886939572,66.36025860402621,-13.639741395973786,0.4627924013657734,74.7964017264733,-5.203598273526694,0.0673568034633084,75.80463421104832,-4.195365788951676,0.043783816176880895
UGC 04278,5.4,82.8,4.0,283.9224074074074,72.30693609603456,-10.493063903965435,0.2738915176435382,80.46421190775109,-2.3357880922489045,0.0135719055022183,79.72587715632424,-3.0741228436757524,0.023508037955246502
UGC 04278,5.68,84.8,15.7,320.124647887324,79.4216254888812,-5.378374511118793,0.0457349719076227,86.75725077449994,1.95725077449994,0.0060567449197309,84.61493971293767,-0.1850602870623277,5.414680049896619e-05
UGC 04278,5.86,86.3,16.8,340.88404436860066,83.36188672310969,-2.9381132768903058,0.0129182773073133,90.17788608784464,3.877886087844644,0.0225038915813166,87.50870273368415,1.2087027336841487,0.002186283817813262
UGC 04278,6.36,90.2,8.07,404.8988993710691,94.54035955503414,4.340359555034141,0.0417594352849425,99.6339143816467,9.4339143816467,0.1972818183173672,95.81635249954103,5.616352499541023,0.06992168997787684
UGC 04278,6.51,91.3,4.0,417.1385560675884,96.71122422375883,5.411224223758836,0.0728391731338169,101.46303816133955,10.163038161339571,0.2569336932060806,97.78366243743778,6.483662437437786,0.10457183732000422
UGC 04278,6.69,92.8,8.75,396.1748878923767,93.71094350303105,0.9109435030310352,0.001793958796302,98.9779932490286,6.177993249028617,0.0825133913472085,97.65072756436307,4.850727564363069,0.05086784575851193
UGC 04305,0.25,3.17,3.22,162.0836,11.374262236018929,8.204262236018927,0.1698165616566968,14.400924359133215,11.230924359133216,0.3182233042809968,14.66264394306127,11.49264394306127,0.33322753479334594
UGC 04305,0.5,10.5,3.32,324.4528,22.57329070222,12.07329070222,0.3671438900684493,24.966573988570406,14.466573988570406,0.5271283508607623,25.201638035021773,14.701638035021773,0.5443979002514691
UGC 04305,0.75,17.5,4.47,466.9271999999999,32.28810530202614,14.78810530202614,0.538665879167748,33.49767078278632,15.997670782786322,0.6303879578433742,34.30293828185694,16.80293828185694,0.6954483201152896
UGC 04305,1.0,22.7,4.96,638.0666,41.074682461093566,18.374682461093567,0.822278713833603,41.074682461093566,18.374682461093567,0.822278713833603,43.46126523915495,20.761265239154948,1.049752690516899
UGC 04305,1.26,29.7,5.29,743.4492063492064,50.38380615241804,20.68380615241804,1.0334209380283117,50.38380615241804,20.68380615241804,1.0334209380283117,51.09555411031861,21.39555411031861,1.1057664670879184
UGC 04305,1.5,34.5,4.7,663.4816666666667,53.60145287750412,19.10145287750412,0.8940809675108683,53.60145287750412,19.10145287750412,0.8940809675108683,53.859046690599165,19.359046690599165,0.9183579327324816
UGC 04305,1.76,36.0,3.51,584.7714772727272,54.82277865715776,18.822778657157755,0.8894780764926337,54.946900222484885,18.946900222484885,0.9012475846456096,56.1699357659336,20.1699357659336,1.021355208541792
UGC 04305,2.01,37.3,3.45,481.6724378109454,51.2158519471301,13.9158519471301,0.486679363448193,52.790313767062976,15.49031376706298,0.6030367253336204,56.67205632506398,19.37205632506398,0.9431369902462321
UGC 04305,2.26,35.6,3.57,445.96216814159294,51.385369724124445,15.785369724124443,0.6249055406785256,53.55056482947655,17.950564829476548,0.8080925365998172,58.74958476062839,23.149584760628386,1.3439752447981606
UGC 04305,2.51,34.9,3.88,451.140438247012,55.8922182415773,20.992218241577305,1.0987866651058085,58.213747751300026,23.313747751300028,1.3552546343120713,62.12347977728819,27.22347977728819,1.8479235016108015
UGC 04305,2.76,32.7,3.27,478.9626811594203,62.045139110357,29.345139110357,2.170790526894239,64.08573172152381,31.38573172152381,2.483190789891793,66.29860566930174,33.59860566930173,2.845693237567989
UGC 04305,3.01,32.8,3.21,489.8036544850498,66.27093664689836,33.470936646898366,2.826878652077241,68.23362626776822,35.43362626776822,3.168127381179942,69.69403726262686,36.89403726262687,3.434660366965923
UGC 04305,3.27,33.2,3.21,471.0195718654435,67.34213803768255,34.14213803768254,2.941391698405768,69.75402816559152,36.55402816559152,3.371645600262167,71.81050711676721,38.61050711676721,3.761685180178381
UGC 04305,3.51,32.1,3.23,453.9990028490029,66.29391705826886,34.19391705826886,2.949361578687768,68.97902287691329,36.87902287691329,3.4307503952267675,73.59975069394436,41.49975069394436,4.344314782298682
UGC 04305,3.76,30.1,3.16,424.2736702127661,61.02522917665944,30.925229176659435,2.415163075699996,63.86014838792026,33.76014838792026,2.878255217296778,74.68221549709203,44.58221549709203,5.01930862796312
UGC 04305,4.02,32.3,3.16,393.35691542288566,55.35447394731084,23.05447394731084,1.3422426699032346,58.088560672431214,25.788560672431217,1.679479914309172,75.53974858978805,43.23974858978805,4.721575375741132
UGC 04305,4.26,33.6,3.12,364.7347417840376,53.55308272058676,19.95308272058676,1.00604220925595,56.58392148446537,22.98392148446537,1.3348868503826523,76.07983727303213,42.479837273032125,4.5599689456951165
UGC 04305,4.52,35.1,3.12,342.10623893805314,55.05436717877725,19.954367178777247,1.0061717391903828,58.880777360411344,23.780777360411346,1.4290528492480123,76.93404549490636,41.834045494906356,4.422378652120955
UGC 04305,4.77,35.3,3.12,327.5871278825996,55.03045867224987,19.73045867224988,0.9837178658649848,59.155400545067934,23.855400545067937,1.438035549008698,78.05486379464939,42.754863794649395,4.619205148956022
UGC 04305,5.02,35.2,3.13,312.8326693227092,51.594891428989,16.394891428989,0.6791171557137938,55.188654195256845,19.98865419525684,1.009473031591604,79.0243888128084,43.824388812808394,4.852430766426431
UGC 04305,5.27,34.6,3.11,289.5790512333966,46.10407902154024,11.504079021540242,0.334478559731258,48.659867555026,14.059867555025996,0.4996052935369278,79.20357317920666,44.603573179206656,5.028099631874078
UGC 04305,5.52,33.0,3.11,265.1322463768117,42.6521616374849,9.652161637484902,0.2354581591073396,44.55575868569829,11.555758685698288,0.337490459403358,79.0560391205532,46.056039120553194,5.360900451343237
UGC 04325,0.7,41.3,3.05,639.9682857142857,35.869869136161974,-5.430130863838024,0.0745917903337476,35.869869136161974,-5.430130863838024,0.0745917903337476,36.39487286333988,-4.90512713666012,0.06086546942354148
UGC 04325,1.4,68.7,3.07,774.0649285714285,54.04158881417186,-14.658411185828143,0.5433876786535488,54.04158881417186,-14.658411185828143,0.5433876786535488,54.52686580989078,-14.173134190109224,0.508004763409798
UGC 04325,2.09,83.8,3.05,896.443875598086,70.73650660086021,-13.063493399139787,0.4317070086563297,70.73650660086021,-13.063493399139787,0.4317070086563297,69.70021631480026,-14.09978368519974,0.5029158681501502
UGC 04325,2.79,88.7,3.05,929.3171684587812,87.87678823877799,-0.8232117612220122,0.0017143266329311,87.87678823877799,-0.8232117612220122,0.0017143266329311,81.43580529628751,-7.264194703712491,0.13348897285861994
UGC 04325,3.49,90.1,3.05,885.3456733524355,98.3539885878732,8.253988587873195,0.1723447931868403,98.3539885878732,8.253988587873195,0.1723447931868403,89.72200426610176,-0.3779957338982314,0.00036144667652054447
UGC 04325,4.19,91.6,3.05,751.2791646778044,103.56094004421251,11.96094004421252,0.3619104021382273,103.56094004421251,11.960940044212537,0.3619104021382282,93.47418115075772,1.874181150757721,0.008885739366322084
UGC 04325,4.89,92.7,3.05,631.2331288343557,102.55046208028432,9.850462080284316,0.2454616482190707,102.55046208028432,9.850462080284316,0.2454616482190707,95.79674829794882,3.096748297948821,0.02425952282327817
UGC 04325,5.59,91.5,3.05,522.9129516994633,99.7950277934642,8.2950277934642,0.1740628660186656,101.653145681262,10.153145681262004,0.260778434806077,96.8302544491834,5.3302544491834,0.07187309084318826
UGC 04483,0.08,5.11,2.79,218.1125,7.381027296779634,2.271027296779634,0.0130974434537052,8.237742412453473,3.1277424124534727,0.0248429852771106,9.008135854277036,3.8981358542770357,0.03858831054478877
UGC 04483,0.24,10.8,1.94,414.40833333333336,17.78443461335375,6.9844346133537485,0.1251587548663187,18.413873763096284,7.613873763096283,0.148733934313943,18.739182957078256,7.9391829570782555,0.1617150139878681
UGC 04483,0.4,17.3,1.56,380.00225,23.068075933335447,5.768075933335446,0.0856535067324855,24.149786217639168,6.849786217639167,0.1207917420824549,23.590883425582202,6.2908834255822015,0.10188411680726088
UGC 04483,0.57,20.8,1.25,319.42877192982456,25.07555301177112,4.2755530117711125,0.0471674982911531,26.779722256721804,5.979722256721804,0.0922614501339373,26.787963040412937,5.987963040412936,0.09251592033117582
UGC 04483,0.73,20.8,1.62,268.97780821917814,25.39531965759521,4.595319657595205,0.0543377172289771,27.654928004303976,6.854928004303975,0.1209137613186173,28.866789664453822,8.066789664453822,0.1674446985071936
UGC 04483,0.89,22.9,1.76,224.527191011236,24.265383921235564,1.3653839212355656,0.0047912740977292,26.90817910519898,4.00817910519898,0.0412891257601015,30.291018546146166,7.391018546146167,0.14039447981554398
UGC 04483,1.05,24.3,2.23,193.7967619047619,22.718711934531868,-1.581288065468133,0.006395512185095,25.44098526971216,1.1409852697121572,0.0033297637398912,31.575427352157146,7.275427352157145,0.13538494140263002
UGC 04483,1.21,24.2,1.23,169.33719008264464,21.25044985568984,-2.949550144310166,0.0224504682393802,23.926768660476213,-0.273231339523786,0.0001926525927213,32.6503790011177,8.4503790011177,0.18427491126754997
UGC 04499,0.91,26.0,4.1,986.5846153846154,47.32573807601829,21.32573807601829,1.1290362813409207,47.32573807601829,21.32573807601829,1.1290362813409207,47.38343423010269,21.383434230102687,1.1351536939825906
UGC 04499,1.82,45.1,3.02,708.6620879120879,61.66494561418214,16.564945614182136,0.6944653406931457,61.66494561418214,16.564945614182136,0.6944653406931457,60.520972570637554,15.420972570637552,0.6018580539611615
UGC 04499,2.73,57.0,2.97,575.8611721611721,70.660963982245,13.660963982244994,0.4726749189928775,70.95950223879294,13.959502238792936,0.4935597450764765,69.63668970178226,12.63668970178226,0.4044515541581761
UGC 04499,3.63,62.0,2.85,540.7801928374655,78.5562220386381,16.556222038638097,0.6954905852690112,79.57481936688745,17.574819366887453,0.7837011989387115,78.81074774268045,16.810747742680448,0.7170390923330583
UGC 04499,4.55,66.9,2.75,446.4303516483517,75.3270686012156,8.427068601215595,0.1804427129352867,78.29319389749405,11.393193897494044,0.3298202120016402,83.38533657797706,16.48533657797705,0.6905290064200429
UGC 04499,5.45,70.6,2.86,377.71561467889904,68.2524515070913,-2.3475484929087003,0.0139808958316409,72.14591270135004,1.5459127013500478,0.006062835520142,86.92679385690647,16.326793856906477,0.676250616840443
UGC 04499,6.37,72.8,2.66,313.2623233908948,64.35302828215204,-8.446971717847958,0.181520631659974,69.42828575758861,-3.371714242411386,0.0289218077450744,89.05318528693807,16.253185286938077,0.6720489187615318
UGC 04499,7.28,73.3,2.66,288.89688186813186,69.24132844291927,-4.058671557080729,0.0419074977135597,76.02272700989873,2.7227270098987333,0.0188595841879579,93.02799164456773,19.727991644567737,0.9901241754210499
UGC 04499,8.18,74.3,2.67,261.4874327628362,72.42094347570684,-1.879056524293162,0.0089814140387254,81.12533819228902,6.825338192289024,0.118498643674172,95.86070114163721,21.56070114163721,1.1824717890722256
UGC 05005,0.78,14.5,8.1,331.4826923076923,28.054106280924945,13.554106280924945,0.4067974515059654,29.98569684589761,15.485696845897614,0.5310042000908822,31.67093916910225,17.17093916910225,0.6528667477447574
UGC 05005,2.34,32.6,26.8,401.08760683760687,51.41307133893624,18.81307133893624,0.320520587194726,53.586296577596286,20.986296577596285,0.3988486597504433,57.959555833824815,25.359555833824814,0.5823979135775539
UGC 05005,3.91,48.6,11.3,442.522378516624,73.07471451360162,24.47471451360162,1.1660956034228849,75.4304411389404,26.8304411389404,1.4013754827038585,77.10007569442693,28.500075694426933,1.5812149634761525
UGC 05005,5.47,58.1,6.1,401.1426873857404,85.5809486029847,27.480948602984704,1.7844628815951584,89.5012400427135,31.401240042713503,2.32990212003524,88.61925878452438,30.519258784524375,2.200858100604353
UGC 05005,7.04,65.9,8.71,320.79990056818184,85.48586656154991,19.585866561549903,0.8305606973281507,91.93218848101856,26.03218848101855,1.467260254934893,94.258664519456,28.358664519456,1.7412348206475727
UGC 05005,8.6,72.5,12.2,276.00904651162784,83.73236394461577,11.23236394461577,0.2358948466537737,91.56318958595612,19.063189585956124,0.6794652553849864,99.80781742145436,27.30781742145436,1.394280331170979
UGC 05005,10.17,78.6,28.4,237.3744346116027,79.8962184566722,1.2962184566722073,0.0014088870056162,88.65256315826447,10.052563158264476,0.0847370581361912,104.00855133770138,25.408551337701383,0.5413517819485868
UGC 05005,17.97,97.1,10.0,133.0995937673901,78.74653029786379,-18.35346970213621,0.69310668746344,94.71289345746132,-2.3871065425386746,0.0117248511222858,117.76202604310835,20.662026043108355,0.878434815238864
UGC 05005,21.07,99.4,10.0,108.91130991931657,83.87839793137468,-15.521602068625327,0.4957204336970248,105.81241142178128,6.412411421781286,0.0846070375353726,120.73449475800504,21.334494758005036,0.9365445814389802
UGC 05005,22.72,100.0,10.0,99.0861003521127,84.76271606909062,-15.237283930909385,0.4777259703521592,109.05169837241512,9.051698372415116,0.1685869206279475,122.20288092432475,22.202880924324745,1.0143372867072915
UGC 05005,28.61,99.1,10.0,76.51984620761972,76.74808903496621,-22.35191096503378,1.0279998431868258,101.34385505369414,2.243855053694148,0.010359846711911,127.91748922237869,28.817489222378697,1.7087400927611365
UGC 05253,0.13,232.0,33.4,173527.9392307692,119.16883086160956,-112.83116913839044,8.478430917936063,119.16883086160956,-112.83116913839044,8.47843091793606,151.75685323524746,-80.24314676475254,4.288182025832878
UGC 05253,0.25,233.0,16.9,195911.38840000005,176.93388111512283,-56.06611888487717,4.680409295295158,176.93388111512283,-56.06611888487717,4.680409295295158,223.35327589819474,-9.646724101805262,0.13856149535645768
UGC 05253,0.38,234.0,14.6,171147.96868421056,207.94537706486963,-26.054622935130368,1.1329918156950087,207.94537706486963,-26.054622935130368,1.1329918156950087,257.70934202721213,23.70934202721213,0.9382016479126234
UGC 05253,0.51,235.0,10.6,143820.70294117645,231.67891820558407,-3.321081794415932,0.0221317607456476,231.6789182055841,-3.3210817944159032,0.0221317607456472,274.20927527555517,39.20927527555517,3.0848528526251346
UGC 05253,0.63,236.0,9.12,123259.61285714284,240.7967524504581,4.796752450458087,0.0490411115162627,240.7967524504581,4.796752450458087,0.0490411115162627,282.7015541067877,46.70155410678768,4.648666159085443
UGC 05253,0.76,237.0,10.3,104559.83723684213,224.75915518482628,-12.240844815173716,0.3044936531715037,224.75915518482628,-12.240844815173716,0.3044936531715037,286.68178492331236,49.681784923312364,5.015911221862399
UGC 05253,0.89,238.0,9.95,90378.81146067416,219.88170642418643,-18.118293575813567,0.6768471546009911,219.8817064241865,-18.11829357581354,0.676847154600989,289.14991826844016,51.14991826844016,5.3944343356335445
UGC 05253,1.01,239.0,3.51,80835.83198019803,221.5255827735272,-17.47441722647281,0.7666077042179134,221.5255827735272,-17.47441722647278,0.7666077042179108,291.9363319994414,52.93633199944139,7.0351841284310845
UGC 05253,1.14,240.0,3.18,72039.8950877193,222.2516692712593,-17.74833072874074,0.7952370177170994,222.2516692712593,-17.74833072874071,0.795237017717097,293.51237656940447,53.512376569404466,7.229196677775672
UGC 05253,1.27,240.0,5.19,64254.63118110236,221.53827747856224,-18.461722521437736,0.8253945306757179,221.53827747856224,-18.461722521437736,0.8253945306757179,293.36378724625627,53.363787246256265,6.896209339081041
UGC 05253,1.39,241.0,3.54,59054.9874820144,222.2458473615556,-18.754152638444424,0.8825353903832769,222.2458473615556,-18.754152638444424,0.8825353903832769,294.8655458186974,53.8655458186974,7.280469168181867
UGC 05253,1.52,242.0,2.6,54096.32953947367,223.620223391334,-18.379776608665992,0.860108433100279,223.620223391334,-18.379776608665992,0.860108433100279,295.82866854472314,53.82866854472314,7.37734381631955
UGC 05253,1.65,242.0,1.75,49611.12115151515,230.30672245417983,-11.693277545820166,0.3514415801152311,230.30672245417983,-11.693277545820166,0.3514415801152311,295.92148977360114,53.92148977360114,7.473161919754723
UGC 05253,1.77,243.0,1.94,46018.01000000001,241.6489450386449,-1.3510549613550609,0.0046832221084835,241.6489450386449,-1.3510549613550893,0.0046832221084837,295.887469446674,52.887469446674004,7.17636132382007
UGC 05253,1.9,244.0,3.09,42674.56321052633,247.4883607877348,3.4883607877347345,0.0307640486337952,247.4883607877347,3.488360787734706,0.0307640486337947,295.9627724536894,51.96277245368941,6.826299307401308
UGC 05253,2.03,244.0,1.6,39819.18256157637,232.4295640557082,-11.570435944291802,0.3445413525348973,232.4295640557082,-11.570435944291802,0.3445413525348973,296.2374228362697,52.23742283626967,7.022720672676622
UGC 05253,2.16,244.0,3.0,37375.28268518519,220.30082105198943,-23.69917894801054,1.421901475467914,220.3008210519895,-23.69917894801052,1.4219014754679105,296.75370735241233,52.753707352412334,7.0454522517062355
UGC 05253,2.28,245.0,2.19,35476.157719298244,220.86381975530367,-24.13618024469628,1.4906883584674129,220.86381975530367,-24.13618024469625,1.490688358467409,297.64666733218655,52.64666733218655,7.092372675126284
UGC 05253,2.41,245.0,3.01,33716.75605809128,223.97349416493424,-21.026505835065763,1.119105542756797,223.9734941649343,-21.026505835065706,1.119105542756791,298.94984264550135,53.94984264550135,7.3674499689398045
UGC 05253,2.54,246.0,2.64,32217.835708661416,232.98192181010748,-13.01807818989252,0.4312556486765269,232.98192181010748,-13.01807818989252,0.4312556486765269,300.5856358849722,54.58563588497219,7.58224464428486
UGC 05253,2.66,246.0,2.38,30965.31255639097,249.55566398335907,3.555663983359068,0.0322795392242871,249.55566398335904,3.5556639833590395,0.0322795392242865,302.0889184880626,56.088918488062575,8.032302086072994
UGC 05253,2.79,246.0,3.72,29742.94297491039,259.7829841473454,13.782984147345417,0.4751185779204175,259.7829841473454,13.782984147345417,0.4751185779204175,303.7655094684515,57.76550946845151,8.345506795119631
UGC 05253,2.92,247.0,3.54,28591.73017123288,260.8966029969279,13.896602996927925,0.4845677854760479,260.8966029969279,13.896602996927925,0.4845677854760479,305.2472125002846,58.247212500284604,8.513095985496033
UGC 05253,3.04,247.0,3.74,27596.470032894737,255.8025277663406,8.802527766340603,0.1937172429275239,255.8025277663406,8.802527766340603,0.1937172429275239,306.5050986429799,59.505098642979874,8.852416336183335
UGC 05253,3.17,247.0,5.11,26559.95927444796,250.14839713646128,3.148397136461284,0.0240526898600589,250.1483971364613,3.1483971364613126,0.0240526898600594,307.63254040851996,60.63254040851996,8.920643088108323
UGC 05253,3.3,247.0,3.63,25567.94987878788,243.7252185511556,-3.2747814488443794,0.0268657668760273,243.7252185511556,-3.2747814488443794,0.0268657668760273,308.55077711340226,61.55077711340226,9.490775050519517
UGC 05253,3.42,247.0,3.84,24683.13523391813,232.8083871659887,-14.191612834011297,0.5025679005096353,232.8083871659887,-14.191612834011297,0.5025679005096353,309.1903269508438,62.190326950843826,9.651102261017593
UGC 05253,3.55,248.0,5.12,23762.59769014085,225.174508696736,-22.825491303263988,1.2639127920698063,225.17450869673604,-22.82549130326396,1.263912792069803,309.70612951248717,61.706129512487166,9.237053386324785
UGC 05253,3.68,248.0,2.77,22947.46668478261,225.2938688596692,-22.706131140330825,1.3096364808497136,225.2938688596692,-22.706131140330825,1.3096364808497136,310.45970797877357,62.459707978773565,9.909788356764384
UGC 05253,3.8,248.0,3.24,22211.566815789472,225.23687110217745,-22.763128897822583,1.3068428086800163,225.23687110217745,-22.76312889782256,1.3068428086800128,310.94549473050586,62.94549473050586,9.992835535115827
UGC 05253,3.93,248.0,6.79,21425.06809160305,224.96685824092265,-23.03314175907738,1.2277727040631048,224.9668582409226,-23.03314175907741,1.2277727040631077,311.21008820520746,63.210088205207455,9.246649709896543
UGC 05253,4.06,248.0,8.39,20677.00889162562,224.8451018219532,-23.15489817804678,1.1747558944068357,224.8451018219532,-23.15489817804678,1.1747558944068357,311.39065936544444,63.390659365444435,8.804656554716455
UGC 05253,4.18,248.0,2.73,19999.519162679426,227.01680339014635,-20.98319660985365,1.1190527251616995,227.0168033901464,-20.98319660985362,1.1190527251616966,311.3596822613185,63.35968226131848,10.203125548840118
UGC 05253,4.31,248.0,13.7,19293.615522041764,234.7200910905636,-13.279908909436443,0.3074064052762458,234.7200910905636,-13.279908909436417,0.3074064052762444,311.21858518836007,63.218585188360066,6.966461875260052
UGC 05253,4.44,248.0,4.89,18624.754527027024,247.87786763808305,-0.1221323619169538,3.638905469590627e-05,247.87786763808307,-0.1221323619169254,3.638905469588934e-05,311.0408421235173,63.04084212351728,9.695121894772637
UGC 05253,4.56,248.0,5.71,18028.66929824561,259.2611125196068,11.261112519606796,0.3029417418014896,259.26111251960674,11.26111251960674,0.3029417418014866,310.77801651158904,62.778016511589044,9.41481308264622
UGC 05253,4.69,248.0,15.1,17407.449125799572,266.690642261015,18.690642261015,0.5689485645661144,266.690642261015,18.690642261015,0.5689485645661144,310.41128896803014,62.411288968030135,6.343820117996384
UGC 05253,4.82,248.0,10.5,16820.508402489624,237.7427892757866,-10.257210724213394,0.2120108248683491,237.7427892757865,-10.257210724213422,0.2120108248683503,310.0445637809048,62.04456378090481,7.75723505241867
UGC 05253,4.94,248.0,1.58,16299.660303643725,240.80540476587063,-7.194595234129366,0.1332372721676623,240.80540476587063,-7.194595234129338,0.1332372721676612,309.6476212362285,61.647621236228474,9.782405201400806
UGC 05253,4.99,248.0,4.77,16089.303787575149,249.96269931163903,1.9626993116390563,0.0094242477249908,249.96269931163908,1.962699311639085,0.0094242477249911,309.4745740972654,61.47457409726542,9.245495898476014
UGC 05253,5.07,248.0,4.36,15759.270631163708,232.74863748313803,-15.251362516861946,0.574317395490728,232.74863748313808,-15.251362516861915,0.5743173954907258,309.1780635388187,61.17806353881872,9.241152452583199
UGC 05253,5.2,248.0,8.45,15241.25496153846,236.68764160832976,-11.312358391670244,0.2797742740400242,236.68764160832976,-11.312358391670244,0.2797742740400242,308.6616214715077,60.661621471507715,8.045063854160146
UGC 05253,5.45,247.0,8.25,14318.491027522934,236.1578379181958,-10.84216208180419,0.2588905241197248,236.1578379181958,-10.84216208180419,0.2588905241197248,307.6852810896999,60.68528108969991,8.110564825185717
UGC 05253,5.58,247.0,2.34,13858.683476702508,242.37874637207048,-4.621253627929519,0.0545525317379978,242.37874637207048,-4.621253627929519,0.0545525317379978,307.0488760377162,60.048876037716184,9.21096362938841
UGC 05253,5.7,247.0,2.34,13451.980789473684,252.79564266348868,5.795642663488678,0.0858022157264722,252.79564266348868,5.795642663488678,0.0858022157264722,306.4461344014501,59.44613440145008,9.026981235293508
UGC 05253,5.83,247.0,6.13,13012.832469982846,251.1798835808228,4.179883580822803,0.0412473549649002,251.17988358082283,4.179883580822832,0.0412473549649008,305.61321641735503,58.613216417355034,8.110709386625421
UGC 05253,6.47,247.0,6.89,11201.192673879445,233.49313848542104,-13.506861514578958,0.420869781409263,233.49313848542104,-13.506861514578958,0.420869781409263,302.41682355594315,55.416823555943154,7.084710487781188
UGC 05253,6.59,246.0,5.95,10922.70751138088,244.6251760737104,-1.374823926289622,0.0044853574155312,244.6251760737104,-1.3748239262895936,0.004485357415531,302.04783074633514,56.04783074633514,7.4545341600247506
UGC 05253,6.66,246.0,2.29,10769.362927927925,226.97868224360687,-19.02131775639313,0.924769291574433,226.97868224360687,-19.02131775639313,0.924769291574433,301.8818462316503,55.881846231650286,7.981668575341602
UGC 05253,6.72,246.0,4.73,10636.69299107143,210.6392565960524,-35.36074340394762,3.061863737970432,210.6392565960524,-35.360743403947595,3.0618637379704263,301.69422466083284,55.694224660832845,7.5956231683623505
UGC 05253,6.85,246.0,3.02,10372.73900729927,206.6916976650489,-39.308302334951065,3.9105615211361378,206.6916976650489,-39.308302334951065,3.9105615211361378,301.468494748024,55.468494748024,7.78687688515087
UGC 05253,6.97,246.0,5.81,10143.794849354375,206.2939743090417,-39.70602569095834,3.755915580907684,206.2939743090417,-39.70602569095834,3.755915580907684,301.3281527689272,55.328152768927225,7.292817159349797
UGC 05253,7.1,246.0,6.32,9909.890169014086,207.1452532508849,-38.85474674911509,3.5443556333858046,207.1452532508849,-38.85474674911509,3.5443556333858046,301.23838249053796,55.23838249053796,7.1635951250004
UGC 05253,7.23,246.0,8.92,9691.139336099586,212.50895091263013,-33.49104908736987,2.4092167496894503,212.50895091263016,-33.491049087369845,2.409216749689446,301.2294976443171,55.22949764431712,6.551798862726414
UGC 05253,8.32,246.0,2.13,8133.116598557693,216.2742946444491,-29.7257053555509,2.2625712420133093,216.2742946444491,-29.7257053555509,2.2625712420133093,301.1003822335087,55.1003822335087,7.774046760443791
UGC 05253,10.0,245.0,2.18,6250.1121,221.6292432738485,-23.370756726151484,1.3977963281939016,221.6292432738485,-23.370756726151512,1.3977963281939052,297.6859129632897,52.685912963289695,7.1037450436013625
UGC 05253,11.61,245.0,0.94,5039.360146425496,224.92223893685767,-20.077761063142333,1.041958070356651,224.92223893685767,-20.077761063142333,1.041958070356651,295.4885196463336,50.4885196463336,6.588779198906891
UGC 05253,13.35,246.0,2.02,3897.747438202248,218.24074499371235,-27.75925500628768,1.9754292666437672,218.24074499371235,-27.75925500628765,1.975429266643763,288.12946042868384,42.12946042868384,4.550065668544325
UGC 05253,14.98,245.0,1.33,3127.8789986648867,209.4224220861916,-35.5775779138084,3.264222711550893,209.4224220861916,-35.5775779138084,3.264222711550893,282.01698455615093,37.01698455615093,3.5336953160253866
UGC 05253,16.61,245.0,1.36,2579.9462071041544,200.86418261213976,-44.13581738786024,5.02248906920246,200.86418261213976,-44.13581738786021,5.022489069202454,277.590593738,32.590593737999995,2.738553295389152
UGC 05253,18.34,245.0,1.59,2175.291810250818,193.84542261034056,-51.15457738965944,6.735139074663214,193.84542261034056,-51.15457738965944,6.735139074663214,275.1166623641941,30.1166623641941,2.334485850467097
UGC 05253,19.97,245.0,2.03,1902.587951927892,188.78098837574933,-56.21901162425067,8.101532801774097,188.78098837574936,-56.21901162425064,8.101532801774088,274.4154604044912,29.415460404491228,2.21795169345757
UGC 05253,21.6,245.0,2.36,1666.0088749999995,182.78990679085936,-62.21009320914064,9.883544833638684,182.7899067908594,-62.21009320914061,9.883544833638677,273.0903980325447,28.090398032544726,2.0151474006837935
UGC 05253,23.33,244.0,4.61,1468.8643377625374,177.46464846540437,-66.53535153459563,10.870301230692776,177.46464846540437,-66.53535153459563,10.870301230692776,272.3555825542537,28.355582554253715,1.9743030471570253
UGC 05253,26.7,243.0,10.6,1171.3931760299624,168.53278677647438,-74.46721322352562,11.127229001681574,168.53278677647438,-74.46721322352562,11.127229001681574,270.928140057509,27.928140057508983,1.5650955274737899
UGC 05253,29.95,239.0,17.0,948.9380467445742,157.91198900005762,-81.08801099994238,9.741134115447078,157.91198900005762,-81.08801099994238,9.741134115447078,268.5555266951819,29.555526695181925,1.294117271451276
UGC 05253,33.32,231.0,18.3,771.7824789915966,146.75513940204257,-84.24486059795743,9.845047839711022,146.7551394020426,-84.2448605979574,9.845047839711016,265.7706337491822,34.770633749182196,1.677089391335388
UGC 05253,36.68,219.0,12.1,639.9606406761177,136.5144071162437,-82.48559288375631,12.779386250041869,136.5144071162437,-82.48559288375631,12.779386250041869,263.4536920190841,44.45369201908409,3.711670956833231
UGC 05253,39.94,210.0,7.5,538.5337681522284,128.13821742485158,-81.86178257514842,15.15285799068598,128.13821742485246,-81.86178257514754,15.152857990685652,261.09554787423457,51.09554787423457,5.903346551878342
UGC 05253,43.3,210.0,3.56,460.34977598152426,122.72473516086755,-87.27526483913243,19.10578441296516,122.72473516086998,-87.27526483913002,19.1057844129641,259.55893136655607,49.55893136655607,6.160647903936991
UGC 05253,46.67,212.0,2.64,404.6131154917505,120.33120237077242,-91.66879762922758,21.383762150528387,120.3312023707759,-91.6687976292241,21.383762150526763,259.50206247075647,47.50206247075647,5.742036887778724
UGC 05253,49.92,213.0,6.5,361.9572596153846,120.51437954166332,-92.48562045833668,19.973356664479866,120.51437954166708,-92.48562045833292,19.97335666447825,259.8625382085911,46.862538208591104,5.128073525631433
UGC 05253,53.29,218.0,6.53,316.2428222931132,119.70839789479643,-98.29160210520357,22.539237493220217,119.70839789480004,-98.29160210519996,22.53923749321857,258.2730190817543,40.273019081754285,3.7838574572779797
UGC 05716,1.03,39.15,4.06,468.4253398058252,34.68183600205405,-4.46816399794595,0.0496032372810726,35.43207411206286,-3.7179258879371417,0.0343441891997417,40.23721873271277,1.0872187327127705,0.002936876366544035
UGC 05716,2.07,49.15,1.65,394.5461835748793,45.44771316794926,-3.7022868320507385,0.0352614726103487,47.24912184316555,-1.900878156834452,0.0092954170832157,54.25355530835962,5.103555308359624,0.06700480879158191
UGC 05716,3.09,55.05,0.6,274.3529126213592,44.64298732209895,-10.40701267790105,0.2803238246143317,48.159784045569616,-6.890215954430381,0.1228778235290583,59.72455006643401,4.674550066434016,0.056557144434201935
UGC 05716,4.13,59.35,0.41,207.73549636803872,41.324744860633366,-18.025255139366635,0.8413688827204094,45.47175521177113,-13.87824478822887,0.4987612348145841,63.84729858920085,4.497298589200845,0.052375363476237204
UGC 05716,5.16,63.85,0.46,176.1041860465116,44.13072462771812,-19.719275372281885,1.0068310252925674,49.83830550507608,-14.011694494923924,0.5083420141163066,68.16029335939928,4.3102933593992745,0.048104792409346286
UGC 05716,6.2,68.2,0.86,153.09253225806452,48.26686647770079,-19.93313352229921,1.027383314296774,56.21460041780966,-11.98539958219034,0.371438050680014,71.87969124040326,3.6796912404032582,0.03501096765032717
UGC 05716,7.23,71.7,1.07,142.71734439834023,52.58600156982992,-19.113998430170085,0.9436904269914042,62.33925073602312,-9.360749263976883,0.2263328970187746,76.13822779883306,4.438227798833054,0.05087982818405847
UGC 05716,8.26,73.5,1.07,133.56731234866828,54.10172267104275,-19.39827732895725,0.9719698317894327,64.70543611071226,-8.794563889287744,0.1997814100166732,79.91680135005062,6.416801350050619,0.10635640445221271
UGC 05716,9.28,73.15,1.0,122.2915625,49.92040968232867,-23.22959031767133,1.3943510757799742,59.2671495629242,-13.882850437075804,0.4980194735354413,82.69140126563714,9.541401265637134,0.2352411837516845
UGC 05716,10.34,72.5,0.74,109.02035783365572,52.40023979521232,-20.09976020478768,1.0451503522204415,64.02183779366031,-8.47816220633969,0.1859518320564056,84.60135358353969,12.10135358353969,0.37884793115737597
UGC 05716,11.4,73.0,1.07,94.07593859649124,53.89067208993467,-19.10932791006533,0.9432293003844344,68.16727803615338,-4.832721963846623,0.0603267706221767,85.35771592826113,12.357715928261129,0.3944599114274754
UGC 05716,12.37,74.7,2.09,79.84388843977364,51.62732308738364,-23.07267691261637,1.3637088171753282,67.04252193437287,-7.6574780656271315,0.150209431368907,85.07603984957065,10.376039849570645,0.2757966210862978
UGC 05721,0.09,16.5,4.57,3089.6644444444446,24.72295714502705,8.222957145027046,0.1661821911035561,24.72295714502705,8.222957145027049,0.1661821911035562,21.76456851745885,5.2645685174588515,0.06811676146010552
UGC 05721,0.27,38.5,6.88,3894.804814814814,46.94301968509153,8.443019685091528,0.1645024752312372,46.94301968509153,8.443019685091528,0.1645024752312372,40.964673156978286,2.464673156978286,0.014018304964316957
UGC 05721,0.45,47.4,4.57,3683.451111111112,56.3155865464239,8.915586546423903,0.1953566806405814,56.3155865464239,8.915586546423903,0.1953566806405814,51.82537533872269,4.425375338722688,0.048131417235131965
UGC 05721,0.63,55.5,4.57,3105.9841269841268,56.97403286098727,1.474032860987272,0.0053400184555148,56.97403286098727,1.474032860987272,0.0053400184555148,57.6911170797984,2.1911170797984028,0.011799391074439674
UGC 05721,0.81,56.4,5.45,2523.174444444444,58.19546197457089,1.795461974570891,0.0077547854586633,58.1954619745709,1.7954619745708982,0.0077547854586634,60.8303772410285,4.430377241028502,0.047217042230497344
UGC 05721,0.99,59.8,4.57,2068.608585858586,65.34176179352613,5.541761793526135,0.0754786520123651,65.34176179352613,5.541761793526135,0.0754786520123651,62.84091767775864,3.0409176777586424,0.02272677192715929
UGC 05721,1.17,67.8,4.57,1815.3009401709403,68.81376098105828,1.013760981058283,0.0025258035545586,68.81376098105827,1.0137609810582688,0.0025258035545586,65.3899318545508,-2.410068145449202,0.014275360097435307
UGC 05721,1.35,76.4,4.57,1533.8117037037034,63.994055616140784,-12.405944383859222,0.3782579694046354,63.99405561614079,-12.405944383859214,0.378257969404635,66.44592906555953,-9.95407093444048,0.24351733909976203
UGC 05721,1.53,81.2,4.57,1319.865359477124,61.15148830617864,-20.04851169382136,0.987853865152754,61.15148830617864,-20.04851169382136,0.987853865152754,67.37629501790633,-13.823704982093673,0.4696532592680668
UGC 05721,1.71,82.2,19.2,1147.096374269006,60.72943310988011,-21.47056689011989,0.6108677549336273,60.72943310988012,-21.470566890119883,0.6108677549336269,68.10950784768583,-14.09049215231417,0.263094944734479
UGC 05721,1.89,82.6,4.57,980.5664550264552,61.39711740233005,-21.20288259766994,1.104887968195858,61.39711740233005,-21.20288259766994,1.104887968195858,68.15639875723896,-14.443601242761034,0.5127189946343255
UGC 05721,2.07,82.3,4.57,797.8060386473431,60.44844406072108,-21.85155593927892,1.1735271988895033,60.44844406072109,-21.85155593927891,1.1735271988895026,66.91876477672201,-15.381235223277983,0.581447964753195
UGC 05721,2.25,82.1,4.57,649.6107111111111,57.96552560356303,-24.134474396436964,1.4315420758850264,57.96552560356303,-24.134474396436964,1.4315420758850264,65.54472688706666,-16.555273112933335,0.6735985234247164
UGC 05721,2.67,81.4,4.57,482.8800374531836,54.09421180068509,-27.30578819931492,1.8324741694416429,55.70367757010277,-25.69632242989724,1.6228200811119795,65.3652181121725,-16.034781887827506,0.6319089997938018
UGC 05721,3.15,79.3,4.57,380.3078412698412,51.94930676275475,-27.350693237245245,1.838506222663689,55.48399221454385,-23.816007785456144,1.39401149277574,66.21716305172303,-13.082836948276963,0.42066103366136437
UGC 05721,3.61,78.5,4.57,302.514376731302,49.02916564318392,-29.47083435681608,2.134584197366112,54.278501348805605,-24.221498651194395,1.4418844172143324,66.3746004182766,-12.1253995817234,0.3613437486042318
UGC 05721,4.04,78.2,4.57,252.75339108910887,46.13355462841119,-32.06644537158881,2.527144454780921,52.37062992524338,-25.829370074756625,1.639668511804525,66.72435565395241,-11.475644346047588,0.3236551986986343
UGC 05721,4.49,78.1,4.57,222.3798886414254,43.8079635075051,-34.292036492494894,2.8901140514248658,50.30929342105627,-27.790706578943727,1.8981372180607985,67.85338030995639,-10.246619690043602,0.2580415618087307
UGC 05721,4.93,78.2,4.57,207.16115618661257,42.60740171949055,-35.592598280509456,3.1134924209714456,48.9292533175149,-29.270746682485104,2.105697732577967,69.70357224130512,-8.496427758694878,0.1774194241632483
UGC 05721,5.38,78.3,4.57,193.1952788104089,40.86678417357928,-37.43321582642072,3.44383791855484,46.59461881364148,-31.70538118635852,2.47055419400498,71.41178640465749,-6.888213595342506,0.1166115688615167
UGC 05721,5.86,78.6,4.57,172.63686006825938,36.91590642127406,-41.684093578725935,4.270405850597997,40.99566846249049,-37.6043315375095,3.4753950082269744,72.23762859732321,-6.362371402676786,0.09948702904826247
UGC 05721,6.28,78.9,4.57,155.2302070063694,34.91244287650859,-43.98755712349141,4.755411620564981,38.29997625715672,-40.60002374284329,4.051174983194114,72.61871205893561,-6.281287941064392,0.09696741805498543
UGC 05721,6.74,79.5,4.57,140.76715133531158,33.73876263710404,-45.76123736289596,5.146641826677041,36.7608574782184,-42.7391425217816,4.489314554305555,73.23594042540057,-6.264059574599429,0.09643622153127526
UGC 05750,0.31,3.1,4.5,56.13709677419355,7.527897049512547,4.427897049512547,0.0482615933072785,9.749747247992614,6.649747247992615,0.1088471100607639,12.259884353751968,9.159884353751968,0.20653164645934796
UGC 05750,1.47,15.7,8.5,204.00340136054425,29.80260716595849,14.102607165958492,0.4340066096614158,32.593249080537895,16.893249080537895,0.6227645706428684,37.89896800433755,22.198968004337548,1.075382826966944
UGC 05750,2.52,28.0,10.0,205.02706349206352,39.476252906551714,11.476252906551714,0.2709966682615981,43.18291792946367,15.18291792946367,0.4743230387918299,49.690784774895725,21.690784774895725,0.96808671635977
UGC 05750,3.35,36.0,11.0,206.8677014925373,45.4162832271633,9.416283227163298,0.1748843980555362,49.608161938585454,13.608161938585454,0.3652506338200509,57.43571086292553,21.435710862925532,0.9062913218914076
UGC 05750,4.09,43.6,4.5,181.091271393643,48.1534587729847,4.553458772984698,0.0510375059625139,53.45751136970017,9.85751136970017,0.2391889979169676,61.15488454955026,17.55488454955026,0.7585820838105561
UGC 05750,4.82,49.8,4.5,184.63122406639005,53.35197640053906,3.5519764005390613,0.0310560894768896,59.15870729501077,9.358707295010774,0.2155948362675394,66.74627598420125,16.94627598420125,0.7068954331882241
UGC 05750,6.6,61.5,4.5,226.78892424242423,71.31940716054163,9.81940716054163,0.2373434018079907,77.53777904408723,16.03777904408723,0.6331331856417562,82.72035235836906,21.220352358369055,1.1084390257559116
UGC 05750,7.86,68.1,12.2,233.93508905852417,80.50706991121706,12.407069911217064,0.2878157650546478,87.34200475046471,19.24200475046472,0.6922719819327401,91.06193862938052,22.961938629380526,0.9858100097588769
UGC 05750,9.43,73.4,12.2,238.99353128313896,89.57881216928098,16.178812169280974,0.4894061087593938,96.99554375761656,23.59554375761654,1.0409649338448823,100.34490311069739,26.944903110697382,1.3574672867490643
UGC 05750,11.43,77.6,11.0,182.7173840769904,86.9524747235945,9.352474723594511,0.1725222553362411,97.0070469420881,19.4070469420881,0.7428668067305939,102.48731301365994,24.88731301365995,1.2216535484021456
UGC 05750,22.85,78.9,11.0,90.65536980306344,85.20418226351677,6.304182263516765,0.0783879960781841,103.62645615122928,24.72645615122929,1.2059124926995357,119.64530382731326,40.74530382731325,3.2745163392111793
UGC 05764,0.36,21.45,1.99,101.10944444444443,11.266623553028214,-10.183376446971783,0.2659276060826215,13.802884469175106,-7.647115530824893,0.1499598957477528,15.46689347728065,-5.98310652271935,0.09179801641810746
UGC 05764,0.73,31.3,1.58,193.22041095890413,21.486677042988635,-9.813322957011366,0.2478821102553493,24.04940212490721,-7.25059787509279,0.135319579657109,26.306066596768087,-4.993933403231914,0.06419459957908358
UGC 05764,1.09,41.7,1.16,201.13174311926605,25.4199067380546,-16.28009326194541,0.6842505416807119,28.18029297320169,-13.519707026798311,0.4718847408889107,32.50603388915812,-9.193966110841885,0.2182263406304578
UGC 05764,1.45,48.35,0.44,200.2991034482759,29.08828717627863,-19.26171282372137,0.9606932401352904,32.24433921563359,-16.105660784366414,0.6716639252982912,37.44831254231359,-10.901687457686414,0.3077388890573983
UGC 05764,1.81,50.6,0.37,214.50132596685083,33.07144084440508,-17.52855915559492,0.7957032494723774,36.31874587615561,-14.281254123844391,0.5281914765199142,42.64804312877071,-7.951956871229292,0.16375958392448572
UGC 05764,2.17,54.05,0.59,217.24262672811065,38.145666218430655,-15.904333781569342,0.6547148362721799,42.00143583325392,-12.048564166746075,0.3757437877401171,46.86339054300843,-7.186609456991569,0.13368088386437169
UGC 05764,2.54,55.8,0.76,209.1864960629921,42.500074371732616,-13.29992562826738,0.4575744215842912,47.18924250113881,-8.61075749886119,0.191798864456177,50.16827001253156,-5.6317299874684394,0.0820440259646479
UGC 05764,2.9,54.55,0.71,192.5546551724138,45.04516321581842,-9.504836784181578,0.2337411745281128,50.66124045637731,-3.8887595436226894,0.0391262364050382,52.38129726562845,-2.16870273437155,0.012168749439063226
UGC 05764,3.26,50.0,2.65,164.21426380368098,44.10484448969722,-5.895155510302779,0.0884246028933539,50.63032360714153,0.630323607141527,0.0010109035735101,53.13944810654471,3.1394481065447124,0.02507778667553939
UGC 05764,3.62,49.9,2.77,140.91320441988947,43.044614957679606,-6.855385042320393,0.1193790684562492,50.436674213723606,0.5366742137236074,0.0007316206212717,53.68736875319166,3.7873687531916644,0.03643675262547303
UGC 05829,0.63,14.8,5.06,80.8457142857143,13.667382848514707,-1.1326171514852916,0.0031166433234273,16.529933940065874,1.729933940065873,0.0072707610841883,19.263977555275982,4.4639775552759815,0.048413317118722314
UGC 05829,1.26,27.2,5.06,124.71023809523813,23.98411565622264,-3.215884343777361,0.0251259029623461,27.516330568186067,0.3163305681860677,0.0002431101874933,30.633132002759893,3.433132002759894,0.02863530675721535
UGC 05829,1.88,34.1,5.06,156.88686170212765,32.51824712941276,-1.5817528705872448,0.0060785234716387,36.3438874657682,2.2438874657681964,0.0122327184675537,39.84904523666943,5.749045236669431,0.08029939760796913
UGC 05829,2.52,38.8,5.06,141.11083333333332,34.446735126967084,-4.353264873032913,0.0460416649776198,38.81941742992907,0.0194174299290708,9.160186768297816e-07,44.81104256416789,6.011042564167894,0.08778502595273252
UGC 05829,3.14,42.8,5.06,171.7511146496815,40.58647639185615,-2.213523608143845,0.0119038967681773,44.65523030037832,1.8552303003783168,0.0083621218751289,52.80330841301962,10.003308413019624,0.24311298347728058
UGC 05829,3.77,47.9,5.06,198.61541114058355,46.74788649850406,-1.1521135014959398,0.0032248637289111,50.64282899096175,2.742828990961748,0.0182775633489606,60.2416367461591,12.341636746159104,0.37005506651094566
UGC 05829,4.4,51.9,5.06,202.0284090909091,47.1461481073864,-4.753851892613596,0.0549050295403292,50.671745214050574,-1.2282547859494244,0.0036652007397594,65.39070092098835,13.490700920988353,0.442170601373642
UGC 05829,5.03,57.6,5.06,226.4190854870775,57.85352843018349,0.2535284301834863,0.0001561615712576,61.9639876809668,4.363987680966794,0.0462687607193667,72.18142400765853,14.581424007658534,0.5165599282686562
UGC 05829,5.65,60.7,5.06,249.16028318584068,71.32580777285939,10.625807772859387,0.2743119613768174,76.18672866628776,15.48672866628776,0.5826935546317357,78.58917495211998,17.889174952119973,0.7775018985926183
UGC 05829,6.29,65.6,5.06,246.78189189189192,75.44996393066657,9.849963930666576,0.235716571564079,80.69052083567767,15.09052083567768,0.5532600275897057,82.69682115538603,17.09682115538604,0.7101524224259836
UGC 05829,6.91,68.6,5.06,232.43497829233,76.75647275464104,8.156472754641044,0.1616313555012678,82.54498684307303,13.94498684307304,0.4724513052205573,85.22739479550499,16.627394795504998,0.6716905723992372
UGC 05918,0.56,16.9,3.93,108.14285714285714,14.501125477223557,-2.398874522776444,0.0143347168590905,16.85553754792923,-0.0444624520707677,4.924485637120601e-06,19.64530434279497,2.74530434279497,0.01877392373042707
UGC 05918,1.11,27.4,3.93,123.71756756756754,21.115058787945006,-6.284941212054992,0.0983957849233787,24.087633555070155,-3.312366444929843,0.0273307033306368,28.68935643887716,1.2893564388771601,0.004141141228781314
UGC 05918,1.67,33.5,3.93,120.96479041916167,23.55736127252044,-9.942638727479562,0.2462506432767645,26.68263612631477,-6.817363873685228,0.1157729247182576,34.97464625962388,1.4746462596238814,0.0054168868281119125
UGC 05918,2.23,36.4,3.93,152.8036322869955,30.854511617814047,-5.545488382185951,0.0766043892871957,34.17201907686803,-2.227980923131966,0.0123650817181634,43.08607905936866,6.686079059368659,0.11135688406585333
UGC 05918,2.79,39.8,3.93,147.21498207885304,34.18077325279834,-5.619226747201658,0.0786551510218875,38.02956665479986,-1.7704333452001393,0.0078078815543467,47.70195504232976,7.90195504232976,0.1555403829790856
UGC 05918,3.34,41.2,3.93,127.0841017964072,33.847302551039455,-7.352697448960548,0.1346689415557426,38.10236214547707,-3.097637854522929,0.0239020604764773,50.131949369832924,8.931949369832921,0.19873143125061177
UGC 05918,3.9,42.6,3.93,126.94166666666666,35.9240108074662,-6.675989192533805,0.1110210434827498,40.35569737860658,-2.244302621393423,0.012546913054303,54.15526414437463,11.555264144374625,0.3326088572709975
UGC 05918,4.46,44.5,3.93,119.32717488789238,36.94147529209178,-7.558524707908219,0.1423141650574189,41.710662530031136,-2.789337469968864,0.0193809997869503,56.94424903221587,12.444249032215872,0.38575489183149586
UGC 05986,0.63,29.5,2.53,1663.609682539683,49.17451464054298,19.67451464054298,0.9864567750505672,49.17451464054298,19.67451464054298,0.9864567750505672,46.616925213788505,17.116925213788505,0.7466576370605386
UGC 05986,1.26,50.8,3.76,1439.763492063492,64.37425700496725,13.57425700496725,0.4604927235953394,64.37425700496726,13.574257004967263,0.4604927235953403,62.88425401468816,12.084254014688163,0.3649474458074097
UGC 05986,1.88,68.2,2.58,1532.607180851064,84.58891929433722,16.388919294337214,0.6840501660899926,84.58891929433722,16.388919294337214,0.6840501660899926,78.39150385276821,10.191503852768207,0.26452325947314037
UGC 05986,2.51,84.3,2.28,1744.3343824701194,104.00548675338086,19.705486753380868,0.9926068414075028,104.00548675338086,19.705486753380868,0.9926068414075028,94.51638245853984,10.21638245853984,0.26680699752136144
UGC 05986,3.13,95.3,2.01,1607.6685623003195,106.65488440249034,11.354884402490342,0.3305644722014953,106.65488440249034,11.354884402490342,0.3305644722014953,102.74500267287584,7.4450026728758445,0.1421086313923324
UGC 05986,3.77,106.0,3.58,1388.1096021220162,102.13439783792444,-3.8656021620755454,0.0374680682024188,102.13439783792444,-3.8656021620755454,0.0374680682024188,107.49531095991617,1.4953109599161678,0.0056064767317628135
UGC 05986,4.39,112.0,4.25,1272.4010933940776,98.19914788702556,-13.800852112974423,0.4713714315092112,98.19914788702556,-13.800852112974423,0.4713714315092112,112.79487435505177,0.7948743550517747,0.0015636819559324976
UGC 05986,5.02,115.0,3.18,1133.4418525896413,96.79752824251013,-18.20247175748989,0.8364544459658851,96.79752824251013,-18.202471757489874,0.8364544459658838,116.25556878578737,1.255568785787375,0.003979812234718183
UGC 05986,5.65,116.0,2.32,927.547628318584,101.6333461581068,-14.366653841893196,0.5273633730407513,101.6333461581068,-14.36665384189321,0.5273633730407523,115.81913673774497,-0.18086326225503058,8.357943441895183e-05
UGC 05986,6.28,116.0,2.01,759.2341401273884,103.69590305189688,-12.304096948103124,0.3881416339200009,103.69590305189688,-12.304096948103124,0.3881416339200009,114.80478035942895,-1.1952196405710538,0.0036625721027319985
UGC 05986,6.9,116.0,2.28,635.4611739130435,103.8468765633699,-12.153123436630096,0.3775537151122492,103.8468765633699,-12.153123436630096,0.3775537151122492,114.02300145985869,-1.9769985401413095,0.009991153408911869
UGC 05986,7.54,114.0,3.05,509.176976127321,100.12307709791872,-13.876922902081276,0.4871433629443472,102.35349040151446,-11.646509598485537,0.3431326283735006,111.57589708403209,-2.4241029159679073,0.014865261280169266
UGC 05986,8.16,112.0,3.69,420.6138357843138,94.80149148097468,-17.19850851902531,0.7401821279948084,99.80722449144636,-12.192775508553652,0.3720164793209927,109.74154735317366,-2.258452646826342,0.012763770924036617
UGC 05986,8.79,109.0,5.1,362.3927758816837,87.77348507373863,-21.226514926261373,1.0935776702380935,94.3325398321488,-14.667460167851203,0.5221581703732959,109.08161427667413,0.08161427667413079,1.6166816720568844e-05
UGC 05986,9.41,107.0,6.39,332.5596811902231,81.80086064079912,-25.199139359200885,1.4876965074661144,88.48165862923508,-18.518341370764915,0.8034282499469543,110.10645633252398,3.106456332523976,0.022608587652799106
UGC 06399,0.87,24.8,6.5,485.8862068965518,35.09475580232125,10.294755802321252,0.2474769341025734,36.04201005637284,11.242010056372838,0.2951145128023071,37.38044363451016,12.580443634510157,0.3695681542115286
UGC 06399,1.74,46.2,5.6,630.157816091954,55.743356927185054,9.543356927185052,0.2182184719178908,55.743356927185054,9.543356927185052,0.2182184719178908,57.1147706667743,10.914770666774295,0.28544234883140834
UGC 06399,2.61,60.5,5.8,559.1578927203066,67.35527931758132,6.855279317581321,0.1119885009104428,67.89603669013631,7.396036690136313,0.1303530614856603,67.49433510008905,6.994335100089046,0.1165778369372263
UGC 06399,3.5,69.6,3.9,571.6930571428571,80.14502337319837,10.545023373198376,0.277155399768949,80.55588881569987,10.95588881569988,0.2991737487649303,78.67736047846743,9.07736047846744,0.20537492399502166
UGC 06399,4.37,77.5,3.7,511.3289702517162,83.9643094537081,6.464309453708097,0.1045492674655354,85.69463273104769,8.19463273104769,0.1680102219138785,85.04854885025065,7.548548850250654,0.14256195988045853
UGC 06399,5.24,82.9,4.5,454.924141221374,83.64787513738453,0.7478751373845256,0.0013767808519825,86.71600916270404,3.8160091627040345,0.0358447407503782,89.9803306545251,7.080330654525099,0.12339958689823463
UGC 06399,6.11,84.1,4.9,400.7293780687397,76.09720423582546,-8.002795764174536,0.1562028732057508,79.8454989126516,-4.254501087348388,0.0441471659282666,93.63214235970798,9.53214235970799,0.22160858995082902
UGC 06399,6.98,85.6,4.9,350.7052292263611,72.71338712294668,-12.88661287705331,0.405026198002576,77.35013283848417,-8.249867161515823,0.1659967029649451,96.2896976802231,10.689697680223105,0.27869963292253175
UGC 06399,7.85,87.6,4.9,295.3788535031847,67.42380792063355,-20.176192079366444,0.9928507276005202,72.8834814713519,-14.716518528648097,0.5282210619351788,97.21358708251711,9.613587082517114,0.22541171335611304
UGC 06446,0.58,31.3,6.3,785.9008620689657,33.63598411426257,2.335984114262569,0.0128187690152154,33.63598411426257,2.335984114262569,0.0128187690152154,35.2595378847653,3.9595378847653,0.03682947746221821
UGC 06446,1.16,54.8,5.8,749.6311206896552,47.78938579660726,-7.010614203392734,0.1171211312287006,47.789385796607256,-7.010614203392741,0.1171211312287009,49.149924831393406,-5.650075168606591,0.07607318037104376
UGC 06446,1.74,61.1,4.1,567.1450574712644,51.10501432684063,-9.99498567315937,0.2480070966625979,51.36247358968386,-9.737526410316145,0.2353949022904207,55.34218933323456,-5.757810666765444,0.08230278214125251
UGC 06446,2.33,63.9,4.1,458.1024034334764,52.27845817626212,-11.621541823737878,0.3352951375608568,53.8287047373672,-10.071295262632802,0.2518085158440205,60.12381167537148,-3.776188324628521,0.035400308490506086
UGC 06446,2.91,67.2,4.1,414.4506529209622,55.23862742206751,-11.961372577932494,0.355190869015455,57.5584141834572,-9.641585816542808,0.2307792186334982,65.25359470950012,-1.9464052904998823,0.009405162619810658
UGC 06446,3.49,70.4,3.6,374.59971346704873,54.35979486677257,-16.04020513322744,0.6448971844696608,57.13952809005577,-13.260471909944236,0.4407462283798379,69.39484476825076,-1.0051552317492423,0.002532426909747526
UGC 06446,4.07,73.7,3.6,311.5524815724815,50.85567785206159,-22.844322147938414,1.3080585883266234,54.3648670083314,-19.3351329916686,0.9370547618947052,71.07179798777551,-2.6282020122244916,0.017313629980601732
UGC 06446,4.65,78.0,4.1,287.0720430107526,55.17755720754085,-22.82244279245915,1.2930758794842994,59.99007554938441,-18.009924450615593,0.8052366592608957,74.2149551694362,-3.7850448305638054,0.03556655586846848
UGC 06446,5.23,80.8,4.1,274.23346080305924,60.728919312431934,-20.071080687568063,1.0000950323151552,66.90455051595806,-13.895449484041931,0.4793414174513076,77.69102173593869,-3.1089782640613066,0.023995794162025907
UGC 06446,5.81,80.5,3.6,256.73158347676423,63.51708335829295,-16.98291664170705,0.7229282576177317,70.854396749054,-9.645603250945996,0.2332004764253558,80.37071400979353,-0.12928599020646914,4.18960980140045e-05
UGC 06446,6.4,81.3,3.6,249.54765625,67.80731856018767,-13.49268143981233,0.4563175567381595,76.23430439785037,-5.065695602149631,0.0643204129076552,83.67945936816355,2.379459368163552,0.014191465020907585
UGC 06446,6.98,82.1,4.6,242.1058022922636,70.66378823402763,-11.43621176597236,0.3212175546619625,79.93607527601547,-2.163924723984522,0.0115005654068952,86.64620207906745,4.546202079067456,0.05076125686147279
UGC 06446,7.62,82.8,4.6,236.95261154855643,66.75904301967827,-16.040956980321724,0.631968515680647,74.91473730839111,-7.885262691608887,0.1527099118667821,89.98470614658922,7.184706146589221,0.12678063270664341
UGC 06446,8.28,84.9,5.5,215.3345048309179,70.69508560660371,-14.204914393396294,0.4847557787957169,81.19387685451377,-3.706123145486231,0.0329978348817027,91.31586546955246,6.4158654695524575,0.09889088221836775
UGC 06446,8.9,84.3,5.5,177.0061235955056,68.96250954000278,-15.337490459997213,0.5651378104756889,82.20662586206853,-2.0933741379314625,0.0105278445197844,89.64301517815973,5.343015178159732,0.06858333019590455
UGC 06446,9.52,83.2,7.0,163.45795168067227,65.286579155099,-17.913420844900998,0.7376796468196174,78.25424458350237,-4.945755416497633,0.0562310267581969,90.69285689864965,7.492856898649649,0.12906414828423363
UGC 06446,10.22,80.1,10.8,152.8092759295499,59.32971211219439,-20.77028788780561,0.8582780099918916,70.47985928654373,-9.620140713456266,0.1841220502679827,92.23896169078208,12.138961690782082,0.29316089234894754
UGC 06614,3.23,194.0,16.7,19525.960247678016,233.9848911210269,39.98489112102686,2.404595524012052,233.9848911210269,39.98489112102689,2.4045955240120547,270.83617195987244,76.83617195987244,8.879359475171967
UGC 06614,9.18,172.0,8.1,4135.009596949892,184.98818328956207,12.988183289562071,0.3735366913116615,184.98818328956207,12.988183289562071,0.3735366913116615,244.14443135127226,72.14443135127226,11.525030391263337
UGC 06614,10.64,170.0,10.7,3309.952340225564,177.15793399222073,7.157933992220734,0.1023717137944595,177.15793399222076,7.157933992220762,0.1023717137944603,242.50924080347028,72.50924080347028,10.504885216279325
UGC 06614,11.58,170.0,6.8,2971.5505094991368,168.25753590918453,-1.7424640908154745,0.0070242946228516,168.25753590918453,-1.7424640908154745,0.0070242946228516,243.5044859060022,73.5044859060022,12.499790505982038
UGC 06614,12.52,171.0,6.8,2740.814504792332,171.51741205554742,0.5174120555474246,0.0006193670998191,171.51741205554742,0.5174120555474246,0.0006193670998191,246.12262380157372,75.12262380157372,13.056192408922753
UGC 06614,13.57,172.0,12.1,2616.692593957258,175.49748313418547,3.4974831341854724,0.0229755043555001,175.4974831341855,3.497483134185501,0.0229755043555005,252.13815334922734,80.13815334922734,12.062364760662417
UGC 06614,15.76,174.0,19.6,2241.17652284264,177.55892559013742,3.55892559013742,0.016445870151832,177.55892559013745,3.5589255901374486,0.0164458701518323,257.6332136302246,83.63321363022459,9.081897816192457
UGC 06614,24.94,193.0,23.2,976.4419687249398,148.26858866610087,-44.73141133389913,2.1649129662452173,148.2685886661009,-44.7314113338991,2.1649129662452147,247.25915594183587,54.25915594183587,3.1853804244789914
UGC 06614,26.3,194.0,23.0,877.9250988593157,144.57338840509507,-49.42661159490493,2.6699343538290603,144.57338840509507,-49.42661159490493,2.6699343538290603,245.65956138065408,51.65956138065408,2.9166232590618213
UGC 06614,34.96,201.0,7.2,514.1369250572081,127.37445191411872,-73.62554808588129,12.38059869118038,127.81007185017386,-73.18992814982614,12.234527641551052,240.94352735866104,39.94352735866104,3.643991818591502
UGC 06614,36.84,202.0,17.1,463.73166395222574,123.94480099378842,-78.05519900621158,8.980725655428564,124.7283287709323,-77.2716712290677,8.801331310760645,239.93011707043257,37.93011707043257,2.1206848085622565
UGC 06614,47.38,205.0,16.0,309.87292950612067,116.74352299093329,-88.25647700906673,12.132719211918884,118.27445600075532,-86.72554399924469,11.715451685303623,242.1177363972815,37.117736397281504,2.145991207567097
UGC 06614,64.59,204.0,16.0,188.818749032358,107.69773646892877,-96.30226353107123,14.445679067302011,109.63538252478,-94.36461747522,13.87021967483582,245.86281124949426,41.86281124949426,2.72974293724421
UGC 06667,0.87,26.6,4.4,55.04183908045977,13.02191072300164,-13.578089276998362,0.4548167268949524,16.221578733053295,-10.378421266946706,0.2657184428513214,20.431257157082285,-6.168742842917716,0.09387553844002502
UGC 06667,1.74,45.2,2.7,69.03540229885058,20.167882216971723,-25.03211778302828,1.5932439693442513,24.34053540565174,-20.859464594348264,1.1063522163362118,30.68944486297315,-14.510555137026852,0.5353713808759347
UGC 06667,2.61,57.0,3.9,107.34536398467434,28.54908089826777,-28.45091910173223,2.0175339541220603,32.48239182585905,-24.51760817414096,1.4982505684821,42.3265694294249,-14.6734305705751,0.5366505438784873
UGC 06667,3.5,69.3,3.0,154.1405714285714,39.18351475128048,-30.11648524871952,2.296209325914785,43.014354254899104,-26.285645745100894,1.7492029676884575,54.10783652364713,-15.192163476352867,0.5843084331448861
UGC 06667,4.37,77.3,3.4,154.95029748283756,44.10907416545593,-33.19092583454407,2.7709969759387385,48.41992656828592,-28.88007343171408,2.0979440623332253,60.54712631910084,-16.752873680899157,0.70595325628374
UGC 06667,5.24,80.7,3.9,172.3298664122137,50.79352369584964,-29.90647630415036,2.22924983158622,55.22440627022697,-25.47559372977303,1.6176213850214378,68.27572782295418,-12.424272177045822,0.384742501755477
UGC 06667,6.11,84.0,3.0,164.98031096563008,54.64539084578552,-29.35460915421448,2.181501464801753,59.72944320216566,-24.27055679783433,1.491290955131399,72.84288365401012,-11.157116345989877,0.3151423928049481
UGC 06667,6.98,85.0,3.0,167.95199140401144,59.5326802945032,-25.46731970549681,1.6419857543847745,65.02179106120991,-19.97820893879009,1.010452740258107,78.24143952024161,-6.758560479758387,0.11564086014823269
UGC 06667,7.85,85.7,3.4,149.59128662420383,57.81708700696214,-27.882912993037863,1.9555710760069407,63.64198522455722,-22.05801477544278,1.2238555584909243,80.36753301003277,-5.33246698996723,0.0715243087812913
UGC 06786,0.16,160.0,36.0,89634.35375,95.98825068488294,-64.01174931511706,2.4360903985620626,95.98825068488294,-64.01174931511706,2.4360903985620626,122.11186350389994,-37.88813649610006,0.8534547486011351
UGC 06786,0.32,177.0,30.9,106742.2815625,150.96382150811655,-26.036178491883447,0.5055769202655218,150.96382150811652,-26.03617849188348,0.5055769202655229,187.89346210931402,10.893462109314015,0.08850434940600097
UGC 06786,0.49,180.0,25.3,84118.60999999999,173.88112300929237,-6.1188769907076335,0.0364886663230431,173.8811230092924,-6.118876990707605,0.0364886663230427,207.26546294381333,27.265462943813333,0.7245031815342299
UGC 06786,0.65,180.0,32.0,67740.82769230766,190.78777838124503,10.787778381245031,0.0825362853920976,190.78777838124503,10.787778381245062,0.0825362853920981,215.21961247353926,35.21961247353926,0.8797312785718312
UGC 06786,1.3,182.0,4.72,34118.83723076923,180.4739315660701,-1.5260684339298507,0.0057041588902011,180.4739315660701,-1.5260684339298507,0.0057041588902011,220.7610341097438,38.761034109743804,3.6798855027763473
UGC 06786,1.46,183.0,10.8,29961.99917808219,162.15112393934947,-20.848876060650525,0.864785200128057,162.15112393934947,-20.848876060650525,0.864785200128057,220.4757601092747,37.47576010927469,2.7941122787042496
UGC 06786,1.62,184.0,7.43,26640.92827160494,161.06097559478283,-22.939024405217168,1.1926405184147977,161.0609755947828,-22.9390244052172,1.1926405184148003,220.21936597852974,36.21936597852974,2.9733180023310655
UGC 06786,3.72,206.0,8.42,10156.592069892473,150.69665639097246,-55.303343609027536,6.693989741083902,150.69665639097246,-55.303343609027536,6.693989741083902,220.25154773587514,14.251547735875135,0.44453537578306096
UGC 06786,3.89,207.0,4.54,9758.127840616968,151.0493078263386,-55.9506921736614,7.698944040730305,151.0493078263386,-55.9506921736614,7.698944040730305,221.5755938200298,14.575593820029809,0.5224837048586197
UGC 06786,4.05,209.0,5.36,9421.173851851852,151.46959298157853,-57.53040701842147,7.980495560734605,151.46959298157853,-57.53040701842147,7.980495560734605,222.8781630077443,13.878163007744291,0.4644071907805039
UGC 06786,4.22,210.0,2.43,9146.738886255926,152.73696103472463,-57.26303896527537,8.366967678992136,152.73696103472463,-57.26303896527537,8.366967678992136,224.798949653517,14.798949653517013,0.5588317748702079
UGC 06786,4.26,210.0,4.6,9092.436103286387,155.2581559578091,-54.741844042190905,7.359930958688358,155.25815595780912,-54.74184404219088,7.35993095868835,225.3187052561454,15.318705256145392,0.5763403348183921
UGC 06786,4.38,211.0,2.8,8943.656484018267,161.25601676313946,-49.743983236860544,6.282916586098576,161.25601676313946,-49.743983236860544,6.282916586098576,226.95317768187752,15.95317768187752,0.6462113501664508
UGC 06786,4.54,213.0,2.18,8795.267246696034,170.79382905121076,-42.20617094878924,4.558796993079046,170.79382905121076,-42.20617094878924,4.558796993079046,229.50857991203895,16.508579912038954,0.6974575478286916
UGC 06786,4.71,214.0,7.61,8702.63322717622,182.638236413168,-31.36176358683207,2.2156643517406844,182.638236413168,-31.36176358683207,2.2156643517406844,232.77231650716203,18.77231650716203,0.7938505552001581
UGC 06786,4.86,215.0,4.7,8626.526152263374,191.3249395099689,-23.67506049003109,1.3734923404313533,191.3249395099689,-23.67506049003109,1.3734923404313533,235.61663069080208,20.616630690802083,1.0415483374768368
UGC 06786,5.02,215.0,2.34,8522.185258964144,191.98267475247656,-23.017325247523445,1.353334055941878,191.98267475247656,-23.017325247523445,1.353334055941878,238.296899427603,23.296899427602995,1.3864095819505704
UGC 06786,5.18,216.0,2.95,8371.733474903476,188.1772705012403,-27.82272949875972,1.961234795222108,188.1772705012403,-27.82272949875972,1.961234795222108,240.34333352607283,24.343333526072826,1.5013786007477055
UGC 06786,5.35,217.0,4.48,8186.98571962617,181.82329227074425,-35.17670772925575,3.0472567482620785,181.82329227074425,-35.17670772925575,3.0472567482620785,242.08645333359686,25.086453333596864,1.5498055038208478
UGC 06786,5.51,217.0,3.99,7983.967586206895,171.49227058455102,-45.50772941544898,5.15264958520293,171.49227058455102,-45.50772941544898,5.15264958520293,243.23329259185164,26.233292591851637,1.712244896957624
UGC 06786,5.68,218.0,5.14,7736.640088028171,163.36780436694852,-54.63219563305148,7.236990675729304,163.36780436694852,-54.63219563305148,7.236990675729304,243.88951750450732,25.889517504507324,1.6252067472452598
UGC 06786,5.84,218.0,2.51,7499.511969178082,165.5205162983424,-52.479483701657614,7.02038110516043,165.5205162983424,-52.479483701657614,7.02038110516043,244.2732265590754,26.273226559075397,1.7595775117684263
UGC 06786,6.0,219.0,3.95,7267.390083333333,173.80713105321956,-45.19286894678044,5.085614266945229,173.80713105321956,-45.19286894678044,5.085614266945229,244.5471621730526,25.547162173052612,1.6251330484652118
UGC 06786,6.15,219.0,7.84,7065.437170731707,177.285496938763,-41.714503061237,3.888790033571186,177.285496938763,-41.714503061237,3.888790033571186,244.85979653908055,25.85979653908055,1.4944815356591485
UGC 06786,6.48,219.0,7.74,6658.77262345679,162.79794174715957,-56.20205825284043,7.083690324757122,162.7979417471596,-56.2020582528404,7.083690324757115,245.58972462512025,26.589724625120255,1.5855604516265847
UGC 06786,6.64,219.0,6.69,6463.8909337349405,163.142376521755,-55.85762347824499,7.243249951973718,163.142376521755,-55.85762347824499,7.243249951973718,245.75074583148435,26.750745831484352,1.6612705021256284
UGC 06786,6.81,220.0,6.26,6256.916431718062,160.57730223960706,-59.422697760392936,8.304703639341804,160.57730223960706,-59.422697760392936,8.304703639341804,245.7617802651904,25.761780265190396,1.560885882918395
UGC 06786,7.1,220.0,2.52,5914.34290140845,161.5836993452513,-58.41630065474871,8.697491278678433,161.5836993452513,-58.41630065474871,8.697491278678433,245.56011234820383,25.56011234820383,1.665142544146258
UGC 06786,7.13,220.0,11.4,5877.14553997195,164.88881383949595,-55.11118616050405,5.886585859403311,164.88881383949598,-55.11118616050402,5.886585859403305,245.4838251315146,25.483825131514607,1.2586738183844008
UGC 06786,8.52,220.0,2.93,4253.820164319249,148.41743906885122,-71.58256093114878,12.985958229677893,148.41743906885122,-71.58256093114878,12.985958229677893,237.6652877587776,17.665287758777595,0.7908624775058993
UGC 06786,10.66,225.0,1.79,2886.0409943714817,138.6528240924426,-86.34717590755739,19.156619334715792,138.6528240924426,-86.34717590755739,19.156619334715792,231.24539438737185,6.245394387371846,0.10021721521899629
UGC 06786,11.99,228.0,5.71,2371.9757964970804,136.72326702934643,-91.27673297065355,19.90291538424014,136.72326702934643,-91.27673297065355,19.90291538424014,229.1143031745859,1.1143031745858991,0.0029662193105423782
UGC 06786,12.1,228.0,9.96,2336.196132231405,138.91988146240462,-89.08011853759538,16.35457821794496,138.91988146240462,-89.08011853759538,16.35457821794496,228.9675501277375,0.9675501277374963,0.0019294108875256087
UGC 06786,12.33,228.0,8.24,2263.6988321167883,138.05808390999474,-89.94191609000526,17.822408115710566,138.0580839099947,-89.9419160900053,17.822408115710576,228.65745399264873,0.6574539926487262,0.0009522979466067925
UGC 06786,12.78,229.0,1.74,2132.878208137716,139.8981401347926,-89.10185986520739,20.407655990061,139.89814013479264,-89.10185986520736,20.407655990060988,228.1303257614285,-0.8696742385714913,0.001944163553523974
UGC 06786,14.93,228.0,1.64,1629.9148292029472,139.13651355163114,-88.86348644836886,20.31626064540816,139.13651355163114,-88.86348644836886,20.31626064540816,225.41296394686398,-2.5870360531360177,0.017218766697708363
UGC 06786,17.08,226.0,1.34,1268.765843091335,135.6337698700341,-90.36623012996591,21.057628162624745,135.6337698700341,-90.36623012996591,21.057628162624745,222.28137977872893,-3.718620221271067,0.03565831162098301
UGC 06786,19.23,226.0,1.39,1007.7079199167968,129.05159231987824,-96.94840768012176,24.228450679155173,129.05159231987824,-96.94840768012176,24.228450679155173,219.26697197128942,-6.733028028710578,0.11685979694746129
UGC 06786,21.27,227.0,1.11,818.2015279736718,121.15443627566012,-105.84556372433988,28.931701065390225,121.15443627566012,-105.84556372433988,28.931701065390225,216.17754368124807,-10.822456318751932,0.30246862481517833
UGC 06786,23.42,227.0,1.37,679.0077412467975,114.1317084039391,-112.8682915960609,32.843541978945986,114.13170840393909,-112.86829159606091,32.843541978945986,214.30921442207435,-12.690785577925652,0.4152246204527409
UGC 06786,25.57,224.0,2.79,565.5909816190849,107.21457758545525,-116.78542241454475,34.63531130013541,107.21457768048744,-116.78542231951256,34.63531124376759,211.97858177384018,-12.021418226159824,0.36698916022319744
UGC 06786,27.72,218.0,9.41,474.4556818181818,101.26992985443276,-116.73007014556724,28.713441853816395,101.26993033551636,-116.73006966448364,28.71344161714104,209.52637371033478,-8.47362628966522,0.15130677479670776
UGC 06786,29.87,215.0,8.18,405.40301640441913,97.3680156054516,-117.6319843945484,30.551788276495145,97.3680164222298,-117.6319835777702,30.5517878522222,207.72359332897577,-7.276406671024233,0.11690140089369593
UGC 06786,32.02,219.0,5.06,350.64678950655843,95.5732450383397,-123.4267549616603,37.01173614702528,95.573245999315,-123.426754000685,37.01173557069377,206.2252934562472,-12.774706543752814,0.39648129238665786
UGC 06786,34.05,211.0,7.05,309.168798825257,94.69697012994445,-116.30302987005555,31.04502443055763,94.6969710633984,-116.3030289366016,31.045023932219777,205.11872191017443,-5.881278089825571,0.07938772894317182
UGC 06787,0.12,134.0,41.1,267674.4425,139.00147343353737,5.00147343353737,0.0120540747714111,139.00147343353737,5.00147343353737,0.0120540747714111,180.44192534905127,46.441925349051274,1.039341767882215
UGC 06787,0.24,208.0,35.5,323825.92208333337,216.42787423149184,8.427874231491842,0.0431459766510822,216.42787423149184,8.427874231491842,0.0431459766510822,280.3514950337366,72.35149503373663,3.1797957987042165
UGC 06787,0.35,252.0,27.1,274900.97028571425,242.0370961506138,-9.962903849386208,0.0885920806777113,242.0370961506138,-9.962903849386208,0.0885920806777113,312.240808926069,60.24080892606901,3.2389527584251794
UGC 06787,0.47,272.0,11.6,221140.62978723404,257.96580708246586,-14.034192917534142,0.3783590188384921,257.96580708246586,-14.034192917534142,0.3783590188384921,325.0357130563746,53.03571305637462,5.403386467262382
UGC 06787,0.59,276.0,12.6,179401.47864406783,260.51612252033306,-15.483877479666944,0.4401029110164791,260.51612252033306,-15.483877479666944,0.4401029110164791,328.6155986557646,52.615598655764586,5.08187315864692
UGC 06787,0.71,271.0,16.3,149287.66098591549,252.41415789481013,-18.58584210518987,0.5300580440992627,252.41415789481013,-18.58584210518987,0.5300580440992627,329.4860788155387,58.48607881553869,5.248847481497957
UGC 06787,0.83,266.0,11.9,126062.9573493976,250.9120052707515,-15.087994729248493,0.4314694280810263,250.9120052707515,-15.087994729248493,0.4314694280810263,328.05527026663594,62.055270266635944,7.298680024763047
UGC 06787,0.94,262.0,12.2,109443.34989361702,249.2150401849057,-12.78495981509434,0.3056151325136061,249.2150401849057,-12.78495981509434,0.3056151325136061,325.9554946801222,63.95549468012217,7.647717634767662
UGC 06787,1.06,260.0,12.1,96326.66377358492,249.73168807571017,-10.268311924289833,0.1980395367752536,249.73168807571017,-10.268311924289833,0.1980395367752536,325.40891338337406,65.40891338337406,8.035773088397532
UGC 06787,1.18,260.0,11.9,86150.3370338983,254.88216873252392,-5.1178312674760775,0.0496431016894217,254.88216873252392,-5.1178312674760775,0.0496431016894217,325.35136992114064,65.35136992114064,8.094618279732693
UGC 06787,1.3,259.0,8.04,77667.19392307692,265.52205993307905,6.522059933079049,0.094392674290778,265.52205993307905,6.522059933079049,0.094392674290778,324.91705899499874,65.91705899499874,9.641938663785465
UGC 06787,1.42,257.0,10.2,70589.27330985916,278.8546695006915,21.8546695006915,0.9746685555963908,278.8546695006915,21.8546695006915,0.9746685555963908,324.4142011055882,67.41420110558818,9.274088871734321
UGC 06787,1.53,254.0,9.68,64832.04967320263,264.11461602130805,10.114616021308052,0.213268595817952,264.11461602130805,10.114616021308052,0.213268595817952,323.36848421742826,69.36848421742826,10.031191427484194
UGC 06787,1.66,244.0,4.95,59028.83638554218,259.97809018156835,15.978090181568348,0.6219191499450816,259.97809018156835,15.978090181568348,0.6219191499450816,322.1659112788899,78.1659112788899,14.883976799311299
UGC 06787,1.89,228.0,9.83,50424.24502645503,245.90540755802647,17.905407558026525,0.6642859965887525,245.90540755802647,17.905407558026525,0.6642859965887525,319.1397646431392,91.13976464313919,17.210856414124404
UGC 06787,2.01,220.0,18.6,46587.58845771144,244.23884449533853,24.238844495338583,0.8026689743554368,244.2388444953386,24.23884449533861,0.8026689743554387,317.1291097508039,97.12910975080388,12.888769824831554
UGC 06787,2.13,215.0,4.11,43138.865962441305,249.57596239960623,34.575962399606226,2.96728870052052,249.57596239960623,34.575962399606254,2.9672887005205246,314.9473808016099,99.94738080160988,24.794427413945357
UGC 06787,2.24,213.0,16.1,40271.71415178571,263.3598640311683,50.359864031168286,3.930682886560588,263.3598640311683,50.359864031168286,3.930682886560588,312.8175816275286,99.81758162752863,15.442335986683931
UGC 06787,3.1,228.0,9.59,25079.41241935484,244.91591564412084,16.915915644120844,0.5986763595290404,244.91591564412087,16.915915644120872,0.5986763595290424,296.4777205712735,68.4777205712735,9.810692836273828
UGC 06787,3.79,236.0,7.22,18181.851055408973,235.9080334408144,-0.0919665591856642,1.93044961441675e-05,235.9080334408144,-0.0919665591856642,1.93044961441675e-05,284.3723434715273,48.3723434715273,5.340634418876772
UGC 06787,3.9,236.0,7.24,17342.40541025641,229.87076451596909,-6.129235484030914,0.0856889130789997,229.87076451596909,-6.129235484030914,0.0856889130789997,282.6040029211327,46.60400292113269,4.954028050591363
UGC 06787,4.14,237.0,8.26,15753.869202898552,212.52088297950183,-24.479117020498137,1.3192222799830782,212.52088297950183,-24.479117020498165,1.3192222799830813,279.34501267818075,42.34501267818075,3.947580681392519
UGC 06787,4.25,237.0,4.07,15098.896117647058,202.88477537655328,-34.11522462344672,2.8910830306075503,202.8847753765533,-34.11522462344669,2.891083030607545,277.9276712507151,40.92767125071509,4.161004285288187
UGC 06787,4.37,237.0,4.04,14438.824919908468,202.1503843208154,-34.84961567918461,3.018718639483611,202.15038432081545,-34.84961567918458,3.0187186394836067,276.50027665559594,39.50027665559594,3.8781707367156466
UGC 06787,4.49,237.0,1.94,13831.574521158129,201.29209594813744,-35.70790405186256,3.271353229950212,201.29209594813744,-35.70790405186256,3.271353229950212,275.20304007035384,38.203040070353836,3.7445063382446713
UGC 06787,4.61,237.0,1.49,13268.585986984812,211.7524081019968,-25.24759189800324,1.6419574788840623,211.7524081019968,-25.24759189800324,1.6419574788840623,273.999908397862,36.99990839786199,3.526332669148707
UGC 06787,4.72,236.0,2.38,12790.653072033898,210.4115770724474,-25.588422927552585,1.6717561971915211,210.4115770724474,-25.588422927552585,1.6717561971915211,273.0004203167364,37.00042031673638,3.4954187912283023
UGC 06787,5.16,235.0,2.4,11198.003488372093,213.9865509550408,-21.0134490449592,1.1271315110401694,213.9865509550408,-21.0134490449592,1.1271315110401694,270.0395982927246,35.03959829272458,3.1339938955368263
UGC 06787,5.43,234.0,4.05,10410.596022099448,209.90498165494063,-24.095018345059344,1.44275920017581,209.90498165494063,-24.095018345059344,1.44275920017581,268.8104076180704,34.81040761807043,3.0113244289889245
UGC 06787,5.56,233.0,3.03,10069.659730215828,215.76270209749148,-17.237297902508516,0.7518694324038042,215.76270209749148,-17.237297902508516,0.7518694324038042,268.3224993608597,35.322499360859695,3.157234980480923
UGC 06787,5.67,233.0,2.48,9794.392839506172,205.44984063714384,-27.550159362856164,1.935510663558602,205.44984063714384,-27.550159362856164,1.935510663558602,267.9139740518869,34.913974051886896,3.1084644669387855
UGC 06787,5.79,233.0,3.03,9505.97986183074,209.51800276438323,-23.48199723561677,1.395320963572667,209.5180027643832,-23.4819972356168,1.3953209635726709,267.46056545956696,34.460565459566965,3.005030283075674
UGC 06787,5.91,232.0,6.7,9211.096091370557,209.6079608013919,-22.392039198608103,1.1636459873099905,209.6079608013919,-22.392039198608103,1.1636459873099905,266.7865496479967,34.78654964799671,2.8083827343696535
UGC 06787,6.03,232.0,7.44,8937.19271973466,216.12573917605985,-15.874260823940176,0.5709529880496768,216.12573917605985,-15.874260823940148,0.5709529880496748,266.2141969504194,34.21419695041942,2.6523206629833527
UGC 06787,6.2,232.0,1.64,8574.141629032258,203.8019810831445,-28.19801891685549,2.045663868637957,203.8019810831445,-28.19801891685549,2.045663868637957,265.47370057969147,33.47370057969147,2.8827337559297623
UGC 06787,6.5,233.0,14.3,7986.838723076924,209.96688432408183,-23.03311567591814,0.8984477598947076,209.96688432408183,-23.03311567591814,0.8984477598947076,264.22021371397346,31.220213713973465,1.6506659627532674
UGC 06787,6.85,235.0,7.57,7396.407547445257,203.3191371109245,-31.68086288907554,2.264078455700364,203.3191371109245,-31.68086288907552,2.26407845570036,263.11297488343587,28.112974883435868,1.7828346963832251
UGC 06787,6.98,236.0,3.05,7199.214068767907,197.35784509452128,-38.64215490547872,3.7774011946269326,197.35784509452128,-38.64215490547872,3.7774011946269326,262.78778677337607,26.78778677337607,1.8152820187473186
UGC 06787,7.09,236.0,2.91,7043.449167842032,178.77233063377176,-57.22766936622824,8.302334564164601,178.77233063377176,-57.22766936622824,8.302334564164601,262.5865099787734,26.586509978773393,1.7918876402208876
UGC 06787,7.21,237.0,4.07,6883.677350901527,172.74138332761345,-64.25861667238655,10.257153111582046,172.74138332761348,-64.25861667238652,10.257153111582037,262.4320866349141,25.43208663491413,1.6066751736323206
UGC 06787,7.22,238.0,2.02,6871.372811634349,172.6841834089283,-65.3158165910717,10.936606650727688,172.6841834089283,-65.3158165910717,10.936606650727688,262.43047527148747,24.430475271487467,1.5300643713212985
UGC 06787,7.33,238.0,6.76,6732.937885402456,172.28247539804138,-65.71752460195862,10.004209057008971,172.28247539804138,-65.71752460195862,10.004209057008971,262.33020483327874,24.330204833278742,1.3712350201374766
UGC 06787,7.45,239.0,3.49,6586.33375838926,172.99823408467637,-66.00176591532363,10.94035865665104,172.99823408467637,-66.00176591532363,10.94035865665104,262.2123081249968,23.21230812499681,1.353184773648389
UGC 06787,7.56,240.0,10.1,6452.630436507938,177.6881796701483,-62.31182032985171,7.956318421384236,177.6881796701483,-62.31182032985171,7.956318421384236,262.04632960041516,22.046329600415163,0.9959645270591623
UGC 06787,8.26,247.0,0.85,5599.126900726393,172.43679229370895,-74.56320770629105,14.376386022151546,172.43679229370895,-74.56320770629105,14.376386022151546,259.3740660424192,12.374066042419201,0.3959363895872415
UGC 06787,8.98,252.0,8.91,4834.209576837416,176.4131173471797,-75.5868826528203,12.276585561966936,176.4131173471797,-75.5868826528203,12.276585561966936,255.85515763941467,3.8551576394146707,0.0319351535304347
UGC 06787,9.09,253.0,7.13,4730.489691969197,179.43957557192078,-73.56042442807922,12.387085527891882,179.43957557192078,-73.56042442807922,12.387085527891882,255.34052085849603,2.340520858496035,0.012540236159204993
UGC 06787,9.3,254.0,0.73,4539.912279569891,170.754688317934,-83.24531168206599,17.928051964125984,170.754688317934,-83.24531168206599,17.928051964125984,254.35193812355303,0.3519381235530261,0.00032043958692785294
UGC 06787,10.32,253.0,0.96,3735.845436046511,165.37589542620333,-87.62410457379667,19.84377119902237,165.37589542620333,-87.62410457379667,19.84377119902237,249.45708653497306,-3.542913465026942,0.032441289968482535
UGC 06787,11.38,247.0,1.99,3145.50355887522,169.1459318664889,-77.85406813351113,15.543272055108698,169.1459318664889,-77.85406813351113,15.543272055108698,246.29499309693188,-0.7050069030681243,0.0012745784334697514
UGC 06787,12.4,238.0,3.15,2698.6173064516133,170.29012965636915,-67.70987034363083,11.57960596316526,170.29012965636915,-67.70987034363083,11.57960596316526,243.61954042378184,5.619540423781842,0.07976115167619473
UGC 06787,13.41,229.0,1.67,2360.1660924683074,168.63739490349045,-60.362605096509554,9.37178014608226,168.63739490349045,-60.362605096509554,9.37178014608226,241.88779199106094,12.887791991060936,0.42721173985382405
UGC 06787,14.43,223.0,3.52,2074.672938322938,164.64992407495777,-58.35007592504223,8.546218383922387,164.64992407495777,-58.35007592504223,8.546218383922387,240.15257665664964,17.152576656649643,0.7384989346185105
UGC 06787,15.44,220.0,1.13,1836.8307124352327,160.80369104209296,-59.19630895790704,9.04831399507687,160.80369104209294,-59.19630895790706,9.048313995076876,238.47662925708087,18.476629257080873,0.8815032053386527
UGC 06787,16.57,220.0,1.12,1617.2960591430294,156.88497236399482,-63.11502763600518,10.286536998659532,156.88497236399482,-63.11502763600518,10.286536998659532,236.86514936322587,16.865149363225868,0.7344868464862322
UGC 06787,17.58,224.0,1.93,1455.2304550625713,152.84266211937629,-71.15733788062371,12.99215609332954,152.84266211937629,-71.15733788062371,12.99215609332954,235.70695206909355,11.706952069093546,0.3516653073695154
UGC 06787,18.6,228.0,2.04,1312.334505376344,148.2700472487653,-79.72995275123469,16.292903673027066,148.2700472487653,-79.72995275123469,16.292903673027066,234.48719650778224,6.487196507782244,0.10786227688881257
UGC 06787,19.61,234.0,2.55,1186.3481132075474,143.78396052652224,-90.21603947347776,20.73600493826179,143.78396052652224,-90.21603947347776,20.73600493826179,233.12488158908795,-0.8751184109120516,0.001951152497416537
UGC 06787,20.62,239.0,2.91,1081.6752182347236,139.9921966963582,-99.0078033036418,24.850032524842,139.9921966963582,-99.0078033036418,24.850032524842,232.16245992489098,-6.837540075109018,0.11851897347015346
UGC 06787,21.64,243.0,3.08,994.2429759704252,137.03039539048328,-105.96960460951672,28.394293965853965,137.03039539048328,-105.96960460951672,28.394293965853965,231.62434224624772,-11.375657753752279,0.32720616772284544
UGC 06787,22.77,245.0,3.6,913.31364075538,134.391284784974,-110.608715215026,30.665449873467825,134.391284784974,-110.608715215026,30.665449873467825,231.39416883913424,-13.605831160865762,0.4640030117755809
UGC 06787,23.78,247.0,2.67,850.650416316232,132.05261198294767,-114.94738801705232,33.6095922023102,132.05261198294767,-114.94738801705232,33.6095922023102,231.32926495815067,-15.670735041849326,0.6246600968584208
UGC 06787,24.79,249.0,3.37,791.5373537716821,129.0175457223496,-119.9824542776504,36.22886461639012,129.0175457223496,-119.9824542776504,36.22886461639012,231.02089449528475,-17.97910550471525,0.8134959648358495
UGC 06787,25.81,250.0,2.08,734.0027353738861,124.9839988956356,-125.0160011043644,40.04084922804719,124.98399889563562,-125.01600110436438,40.04084922804719,230.35668632986616,-19.643313670133836,0.9885566847214712
UGC 06787,26.82,251.0,1.68,682.3049440715884,121.1146607503772,-129.8853392496228,43.38793585963568,121.11466075037724,-129.88533924962277,43.38793585963565,229.67460472094845,-21.32539527905155,1.1696149290982054
UGC 06787,27.84,251.0,2.78,636.0766558908047,117.77245411355986,-133.22754588644014,45.08076883182294,117.77245411355986,-133.22754588644014,45.08076883182294,229.10204830311642,-21.89795169688358,1.2178961144764933
UGC 06787,29.41,248.0,3.4,571.1969262155728,113.31912292474622,-134.68087707525376,45.625663169734416,113.31912292474622,-134.68087707525376,45.625663169734416,228.00839582006188,-19.991604179938122,1.0052928807911243
UGC 06787,30.99,246.0,2.91,511.42978380122616,109.16527813487876,-136.83472186512125,47.465792817987285,109.16527813487876,-136.83472186512125,47.465792817987285,226.49691545458035,-19.503084545419654,0.964261259112681
UGC 06787,32.57,249.0,3.46,460.9019619281547,106.30250201411798,-142.69749798588202,51.1659021182185,106.302502014118,-142.69749798588202,51.1659021182185,225.19236809491485,-23.807631905085145,1.4242306157726532
UGC 06787,34.03,252.0,3.23,422.82415809579777,105.74284156405464,-146.25715843594537,53.95908461118445,105.74284156405464,-146.25715843594537,53.95908461118445,224.450572860107,-27.549427139892998,1.9145003750603766
UGC 06787,37.19,255.0,4.16,349.9800860446357,104.45002474698352,-150.5499752530165,56.19881065049402,104.45002474698352,-150.54997525301647,56.19881065049399,222.12953790744513,-32.870462092554874,2.6790287022498243
UGC 06917,1.74,59.2,3.5,1818.426724137931,85.34697236772212,26.14697236772212,1.7166708449426835,85.34697236772212,26.14697236772212,1.7166708449426835,79.78864982361648,20.58864982361648,1.0643879511851924
UGC 06917,2.61,71.2,4.0,1337.788544061303,88.58703283009007,17.387032830090064,0.7520122155090291,88.58703283009007,17.387032830090064,0.7520122155090291,88.38250846179615,17.182508461796147,0.7344243707455129
UGC 06917,3.5,84.5,4.4,1100.0909714285715,97.27265210784088,12.772652107840884,0.4024586586440008,97.27265210784088,12.772652107840884,0.4024586586440008,96.16005093439779,11.660050934397788,0.33539764109125403
UGC 06917,4.37,93.5,4.5,978.5877574370708,105.3395408451942,11.839540845194207,0.3450454828923617,105.3395408451942,11.839540845194207,0.3450454828923617,103.57203615959205,10.072036159592045,0.24971301513878072
UGC 06917,5.24,97.5,3.5,852.0680343511449,106.72088207102249,9.220882071022489,0.213495709146777,106.7208820710225,9.2208820710225,0.2134957091467776,108.64587313742079,11.145873137420793,0.31194096169611657
UGC 06917,6.11,100.0,3.5,748.2353682487725,105.35327533914194,5.353275339141945,0.0719587115044954,105.35327533914194,5.353275339141945,0.0719587115044954,112.73732683271712,12.737326832717116,0.4073810291109992
UGC 06917,6.98,101.0,4.0,679.0883954154727,101.57309167425116,0.5730916742511454,0.0008170001669054,101.57309167425116,0.5730916742511596,0.0008170001669054,117.00130511287134,16.001305112871336,0.6369198142169212
UGC 06917,7.85,103.0,3.5,601.6116815286624,91.46317659775048,-11.53682340224951,0.3342078950776948,91.46317659775048,-11.536823402249524,0.3342078950776956,119.63818392959534,16.638183929595343,0.6951140350911355
UGC 06917,8.72,105.0,4.0,537.2262041284404,92.50643479770208,-12.49356520229793,0.3882815210548998,93.48097716477932,-11.519022835220682,0.3300693708416306,121.91028088075286,16.910280880752865,0.7113373121043678
UGC 06917,9.6,110.0,4.9,495.3416666666666,101.14233866746874,-8.857661332531265,0.1913567090603145,103.47689688512436,-6.523103114875653,0.1037800888936866,124.87850828584557,14.87850828584557,0.5399136821345217
UGC 06917,10.47,111.0,6.0,475.7875549188156,103.94784883900648,-7.0521511609935175,0.1178503222689626,106.9361995028262,-4.063800497173801,0.0391338257839574,128.8764126928711,17.8764126928711,0.7572657127152677
UGC 06973,1.74,170.0,4.7,73362.7196551724,289.64881850076216,119.64881850076216,35.08010431186337,289.64881850076216,119.64881850076216,35.08010431186337,365.7841303122127,195.7841303122127,93.92885315030873
UGC 06973,2.61,174.0,4.2,35487.486819923375,255.1573834692375,81.15738346923749,16.31781015650793,255.1573834692375,81.15738346923749,16.31781015650793,318.506015640983,144.50601564098298,51.73419025971663
UGC 06973,3.5,170.0,4.2,20743.083314285712,235.6579423666864,65.6579423666864,10.680223456117115,235.6579423666864,65.6579423666864,10.680223456117115,289.5259425627867,119.52594256278672,35.394041585379526
UGC 06973,4.37,170.0,4.3,13189.667688787184,206.61703207997647,36.61703207997647,3.3148088663403934,206.61703207997647,36.61703207997647,3.3148088663403934,266.10197239072716,96.10197239072716,22.83267595586562
UGC 06973,5.32,171.0,4.8,9035.44296992481,192.2541366507048,21.2541366507048,1.104386673104911,192.2541366507048,21.2541366507048,1.104386673104911,251.15678578590183,80.15678578590183,15.70777994212535
UGC 06973,6.28,174.0,4.9,6502.534617834394,183.27890012019185,9.27890012019185,0.2099899696117078,183.27890012019185,9.27890012019185,0.2099899696117078,239.54928435329433,65.54928435329433,10.479521668322812
UGC 06973,6.81,177.0,10.1,5493.380616740087,170.49774122614684,-6.502258773853157,0.0866362762282542,170.49774122614687,-6.502258773853129,0.0866362762282535,233.80802098426568,56.80802098426568,6.612879342941271
UGC 06973,7.33,178.0,6.3,4698.368212824012,154.3595408746996,-23.6404591253004,1.3128598455566227,154.3595408746996,-23.6404591253004,1.3128598455566227,228.71072160669763,50.71072160669763,6.040962404265992
UGC 06973,7.85,180.0,7.7,4074.193592356688,144.25046201959125,-35.749537980408775,2.870105921562778,144.25046201959125,-35.749537980408775,2.870105921562778,224.54439766058655,44.544397660586554,4.455980064552244
UGC 06983,1.74,56.9,6.6,1902.126954022989,87.4202397616472,30.5202397616472,2.168463160230074,87.42023976164721,30.52023976164721,2.168463160230076,80.995143686164,24.095143686164,1.3515596174152362
UGC 06983,2.61,87.4,4.8,1528.907624521073,86.84674721972097,-0.5532527802790383,0.0007483097958304,86.84674721972098,-0.5532527802790241,0.0007483097958304,92.29275558007623,4.892755580076226,0.0585249784039875
UGC 06983,3.5,92.1,5.7,1066.6314285714286,82.65950742830832,-9.440492571691678,0.2129630337550855,82.65950742830832,-9.440492571691678,0.2129630337550855,95.22821603240706,3.1282160324070674,0.023383439378261404
UGC 06983,4.37,93.5,5.2,814.1181235697939,85.09234204735041,-8.407657952649586,0.171142534013054,85.09234204735041,-8.407657952649586,0.171142534013054,97.8363392684859,4.336339268485901,0.04552546545470859
UGC 06983,5.24,98.2,4.4,686.627786259542,78.23098160786122,-19.96901839213878,0.983722359249992,78.23098160786122,-19.96901839213878,0.983722359249992,101.71360904792263,3.5136090479226283,0.030455517420672384
UGC 06983,6.11,99.7,4.4,579.5700818330605,88.90510091579307,-10.794899084206932,0.287472484305831,89.17450110548651,-10.52549889451349,0.2733030564890583,104.37812583609511,4.678125836095106,0.05398870470283336
UGC 06983,6.98,102.0,3.5,531.0534813753582,100.10000286794474,-1.8999971320552616,0.0090646305130401,101.71718583074016,-0.2828141692598507,0.0002008383034127,108.697855720094,6.697855720093997,0.11264600438718363
UGC 06983,7.85,107.0,4.4,506.05,100.6388286504539,-6.3611713495460975,0.0998236158927524,102.91657890908655,-4.083421090913447,0.0411346156643891,113.63940744440727,6.639407444407269,0.10874711666876519
UGC 06983,8.72,108.0,4.4,442.7627637614679,94.78840916264708,-13.211590837352915,0.4305953533985284,98.63156899008963,-9.368431009910369,0.2165174155995909,115.15788375913813,7.15788375913813,0.12639456263403742
UGC 06983,9.6,110.0,4.4,393.65755208333326,84.65331293773306,-25.346687062266938,1.5848987197367528,88.7875328909454,-21.2124671090546,1.1100472687308152,116.76008942908516,6.760089429085156,0.11273635555858709
UGC 06983,10.47,113.0,4.4,373.696752626552,90.81181038569446,-22.188189614305543,1.2145148962906462,96.43163452815747,-16.56836547184251,0.677202324868125,120.11152381987598,7.111523819875984,0.12476260864580498
UGC 06983,11.35,110.0,5.2,345.4636563876652,88.90017907286696,-21.09982092713304,1.0778676233708149,95.20739384890294,-14.79260615109706,0.5297820955391115,122.25519636407405,12.255196364074052,0.36362056440541807
UGC 06983,12.19,108.0,5.7,314.01694011484824,100.873847664535,-7.126152335464994,0.1213459033865879,111.4570842960906,3.4570842960906134,0.0285584645517845,123.27654107597722,15.27654107597722,0.5576542025998692
UGC 06983,13.12,109.0,8.6,284.867324695122,106.46773152733007,-2.5322684726699265,0.0139411766624882,120.56840614597532,11.568406145975333,0.2909557804118615,124.38831940714948,15.388319407149481,0.5148281897914022
UGC 06983,13.94,108.0,9.8,255.28887374461985,105.87659658473318,-2.123403415266821,0.0093536678781155,122.67064418174584,14.670644181745828,0.4464936534465868,124.29382102891509,16.29382102891509,0.5507605255213583
UGC 06983,14.86,108.0,9.8,226.5419448183042,103.12182144885458,-4.8781785511454245,0.0493664965082882,122.30088776050046,14.30088776050046,0.4242705807369343,124.08434258815754,16.08434258815754,0.5366900599394623
UGC 06983,15.68,109.0,12.3,204.49031887755103,100.30784358075236,-8.692156419247638,0.1406197457921568,121.33230208119755,12.332302081197568,0.2830606834705836,123.8599127594936,14.859912759493596,0.4109829090803116
UGC 07089,0.87,20.9,4.7,445.2300000000001,34.88618784414503,13.986187844145029,0.479338994858267,36.27938605659262,15.379386056592622,0.579591549603557,36.43353576789424,15.533535767894243,0.5912684296416226
UGC 07089,1.74,36.4,3.9,667.1173563218391,58.31459592076231,21.91459592076231,1.1970028522975302,58.31459592076232,21.91459592076232,1.197002852297531,58.103728537991856,21.703728537991857,1.1740779951916507
UGC 07089,2.61,43.4,3.9,742.9913409961687,76.5810205860092,33.181020586009204,2.744149266292382,76.58102058600922,33.18102058600922,2.7441492662923848,73.52526288540345,30.12526288540345,2.2619861516778412
UGC 07089,3.5,51.2,4.7,679.7643714285715,87.59111641586708,36.391116415867074,3.245150221748119,87.59111641586708,36.391116415867074,3.245150221748119,82.87578637096638,31.675786370966378,2.458662163295105
UGC 07089,4.37,59.7,3.9,622.0516704805492,93.29305743343772,33.59305743343772,2.8127252753576566,93.29305743343772,33.59305743343772,2.8127252753576566,90.16245339528884,30.462453395288833,2.312906126118851
UGC 07089,5.24,64.5,4.4,555.2034541984733,94.29539312829748,29.79539312829749,2.190066734926478,95.10977683137526,30.609776831375257,2.311423025623143,95.43230543917338,30.932305439173376,2.360389579095902
UGC 07089,6.11,67.9,3.9,479.3390016366612,95.92837049017145,28.02837049017144,1.9580507772346485,98.71762056887992,30.817620568879903,2.3671537038644344,98.66675081216836,30.766750812168354,2.359345369103617
UGC 07089,6.55,72.8,7.3,447.1382748091603,88.9937428883225,16.193742888322504,0.5969571552575649,92.23106098877632,19.431060988776338,0.8594917506648129,100.09355387021937,27.29355387021937,1.6957774656071538
UGC 07089,6.98,70.3,6.1,419.254011461318,81.85607956798331,11.556079567983318,0.3155477776554465,85.18946532227707,14.889465322277076,0.5238443741482753,101.40135335488884,31.101353354888843,2.285612770269265
UGC 07089,7.85,73.7,6.1,369.0894777070064,81.78474205581155,8.084742055811546,0.1544459112710189,86.52881331840415,12.828813318404144,0.388881290986658,103.63073786870558,29.930737868705577,2.1167956082445265
UGC 07089,8.72,77.6,6.1,324.91380733944953,84.21946076462909,6.619460764629096,0.1035355043937147,90.99542655055,13.395426550550011,0.4239915230528112,105.28796911963796,27.68796911963797,1.8114497152005526
UGC 07089,9.16,79.1,7.3,302.0971615720524,84.80714679784774,5.7071467978477415,0.0741458366277031,92.77950467077982,13.67950467077982,0.4259802136126179,105.68783940930408,26.58783940930408,1.6092176112703298
UGC 07151,0.5,24.2,2.18,1228.568,41.03888273230807,16.83888273230807,0.7256461423459531,41.03888273230807,16.83888273230807,0.7256461423459531,37.642108052529466,13.442108052529466,0.46241627408015284
UGC 07151,1.0,42.0,2.91,1502.1048,62.23584515383936,20.235845153839364,1.0380799590389287,62.23584515383936,20.235845153839364,1.0380799590389287,56.79918089873651,14.799180898736509,0.5552179131177593
UGC 07151,1.5,59.4,2.4,1380.3551999999995,75.3751020769042,15.9751020769042,0.6514291565435698,75.3751020769042,15.9751020769042,0.6514291565435698,67.68281805388709,8.282818053887091,0.17512016263477112
UGC 07151,2.0,63.9,2.01,1257.588,82.73191790442841,18.831917904428416,0.9092427469871216,82.73191790442841,18.831917904428416,0.9092427469871216,75.84798468687949,11.947984686879487,0.3659991320838722
UGC 07151,2.49,66.0,2.0,1059.79281124498,79.63990376191869,13.639903761918688,0.4770435247035989,79.63990376191869,13.639903761918688,0.4770435247035989,80.15898635715168,14.158986357151676,0.5140433196461726
UGC 07151,3.0,67.2,2.07,897.0361666666668,72.22469312800678,5.024693128006774,0.0646900277992781,72.22469312800678,5.024693128006774,0.0646900277992781,83.52384075872521,16.32384075872521,0.6827519515006051
UGC 07151,3.49,68.7,2.38,743.0792263610315,66.7866479856484,-1.9133520143516023,0.0093470734915487,66.78664798564839,-1.9133520143516165,0.0093470734915488,85.02461900732996,16.324619007329957,0.680412071494061
UGC 07151,4.0,71.3,2.91,682.578,75.81358281735928,4.513582817359279,0.0516453164379094,75.81358281735928,4.513582817359279,0.0516453164379094,88.70868591487552,17.40868591487552,0.7682809973297849
UGC 07151,4.49,72.5,3.21,632.7091314031181,83.15098935164531,10.650989351645308,0.2862538494274012,83.15098935164531,10.650989351645308,0.2862538494274012,91.85956522545365,19.35956522545365,0.9457201318850706
UGC 07151,5.01,74.0,3.41,595.625489021956,85.0888375078806,11.088837507880598,0.3092395061520541,85.0888375078806,11.088837507880598,0.3092395061520541,95.29148741689364,21.291487416893645,1.1400789743575477
UGC 07151,5.5,76.2,3.17,561.7373818181818,84.35146533920587,8.15146533920587,0.1677731895639015,84.9495281334978,8.74952813349779,0.1932949253460099,98.11232081127751,21.91232081127751,1.212349796543673
UGC 07323,0.58,23.9,3.87,834.9767241379312,39.301780403893936,15.401780403893936,0.5915922827718287,39.30178040389394,15.401780403893945,0.5915922827718293,35.92120935894797,12.02120935894797,0.3603935150669734
UGC 07323,1.17,34.7,3.87,1043.4544444444446,60.43088033975727,25.730880339757263,1.6511629549206124,60.43088033975727,25.730880339757263,1.6511629549206124,54.67946788888669,19.97946788888669,0.9955165425316379
UGC 07323,1.75,42.8,3.87,1060.2938857142856,71.61563125187278,28.815631251872787,2.070794114184402,71.61563125187278,28.815631251872787,2.070794114184402,67.21034937452332,24.41034937452332,1.4860336258430125
UGC 07323,2.33,51.3,3.87,1010.8898283261803,80.72002968134058,29.42002968134058,2.1585735897777667,80.72002968134058,29.42002968134058,2.1585735897777667,76.39945868918134,25.099458689181347,1.5711199984086888
UGC 07323,2.91,57.7,3.87,975.6000687285224,85.419248234954,27.719248234953994,1.9162119381715008,85.419248234954,27.719248234953994,1.9162119381715008,84.43717836581054,26.737178365810536,1.782837632205663
UGC 07323,3.5,67.3,3.87,943.3001714285714,91.16770058750456,23.86770058750456,1.4206981283329922,91.16770058750456,23.86770058750456,1.4206981283329922,91.63559021212406,24.33559021212406,1.4769453077532106
UGC 07323,4.07,75.4,3.87,932.0536855036854,98.12107190670284,22.721071906702846,1.2874734394663665,98.12107190670284,22.721071906702846,1.2874734394663665,98.44810558215407,23.048105582154065,1.3248024285840938
UGC 07323,4.65,79.5,3.87,934.0492258064515,102.73749045008871,23.23749045008873,1.3466635170703471,102.73749045008871,23.23749045008873,1.3466635170703471,105.29927315388545,25.79927315388545,1.6599522198630259
UGC 07323,5.23,82.8,3.87,871.4625812619502,98.11597702181612,15.315977021816124,0.5850191173925469,98.11597702181612,15.315977021816124,0.5850191173925469,109.29870953144446,26.49870953144446,1.7511772045518472
UGC 07323,5.82,85.6,3.87,778.34970790378,88.82926731829318,3.229267318293182,0.0260069031732163,88.82926731829316,3.229267318293168,0.026006903173216,111.36304528804767,25.763045288047678,1.65529361545265
UGC 07399,0.61,47.3,2.77,1681.7254098360656,50.072506659432825,2.7725066594328283,0.0195258377617544,50.072506659432825,2.7725066594328283,0.0195258377617544,46.035065033971975,-1.2649349660280222,0.004064441490080505
UGC 07399,1.22,70.4,3.27,1304.145,69.24292805555542,-1.1570719444445814,0.0033749418873409,69.24292805555544,-1.1570719444445672,0.0033749418873408,59.93345094510159,-10.466549054898415,0.2761548016578943
UGC 07399,1.84,83.7,2.5,863.2322826086955,69.91138957646925,-13.788610423530756,0.4847056148168285,69.91138957646925,-13.788610423530756,0.4847056148168285,64.63987571987224,-19.060124280127766,0.9261652965555539
UGC 07399,2.45,89.1,2.45,672.9101224489796,68.94396264720592,-20.15603735279408,1.036385843884235,68.94396264720594,-20.15603735279406,1.0363858438842335,69.12679304082202,-19.973206959177972,1.0176695205621273
UGC 07399,3.07,91.7,2.48,555.8969381107491,63.96115579261456,-27.738844207385448,1.962113204427692,64.51626782263916,-27.18373217736084,1.8843670568498283,73.07355902381984,-18.626440976180163,0.8847225539974546
UGC 07399,3.68,95.1,3.01,451.0184782608696,68.5942483484473,-26.5057516515527,1.7783493463748647,71.51433735207847,-23.585662647921524,1.4080983691887905,75.21568598747079,-19.884314012529202,1.0008247953890186
UGC 07399,4.3,96.9,3.62,373.7951627906977,66.54131979185311,-30.358680208146893,2.3092941695970524,71.47355663817159,-25.42644336182842,1.619886982033444,76.98012944651484,-19.91987055348517,0.9942291863171778
UGC 07399,4.91,100.0,3.9,329.1008553971486,63.24008409966128,-36.759915900338726,3.368040220831923,69.02808396206301,-30.971916037936992,2.390916435435355,79.29682277196693,-20.70317722803307,1.0683221937024179
UGC 07399,5.52,103.0,4.82,298.2359601449276,62.83447373240552,-40.16552626759448,3.942184197421373,69.565413490115,-33.434586509884994,2.7316301814982973,81.74351744377314,-21.256482556226857,1.1041111374934554
UGC 07399,6.13,106.0,4.97,263.7691680261012,61.575600464670025,-44.424399535329975,4.805266494606236,69.45405986497123,-36.54594013502877,3.252015616116514,83.18825215202402,-22.81174784797598,1.2670433395194332
UGC 07524,0.35,14.4,2.82,680.9440000000001,24.044370114870613,9.644370114870611,0.2361043489330421,24.044370114870613,9.644370114870611,0.2361043489330421,26.221369034330728,11.821369034330727,0.35472500191859063
UGC 07524,0.69,24.4,3.97,464.80304347826086,25.9643972093654,1.5643972093654028,0.006091530133147,26.497126638076924,2.097126638076926,0.0109466604045635,32.85819736392677,8.458197363926772,0.17806885300968261
UGC 07524,1.03,29.2,3.26,391.7228155339806,28.897840160230786,-0.3021598397692173,0.0002301921721265,29.94402832372156,0.7440283237215546,0.0013957126193434,38.19060298661155,8.990602986611552,0.20379555548546943
UGC 07524,1.38,32.9,3.73,330.6423913043478,32.494176894697475,-0.4058231053025238,0.0004118206559412,34.39953422888224,1.49953422888224,0.0056227316087814,42.09561460816225,9.195614608162252,0.21144436206445708
UGC 07524,1.72,37.8,3.41,309.76354651162785,36.905392060902685,-0.8946079390973125,0.0020127434773748,39.52441864057306,1.724418640573063,0.0074783941274669,46.12639150179101,8.326391501791015,0.1743558753546282
UGC 07524,2.07,42.0,3.12,311.5861835748792,41.41054783661409,-0.5894521633859071,0.0008779975986932,44.38775904384382,2.387759043843822,0.0144071206633993,50.687246615933375,8.687246615933375,0.1907043051249674
UGC 07524,2.41,45.1,2.92,305.5474273858921,44.5868088060911,-0.5131911939089022,0.0006675477268584,47.93615689046708,2.8361568904670804,0.0203884604613123,54.38681291098613,9.286812910986129,0.21860360686549402
UGC 07524,2.76,47.6,2.79,321.44014492753627,49.5396380608686,1.939638060868596,0.0095539555994517,52.97751775639156,5.377517756391562,0.0734354109785198,59.05239289137969,11.452392891379688,0.33306906738622505
UGC 07524,3.1,52.3,2.78,319.9276451612903,52.70609308428509,0.4060930842850965,0.0004188460702966,56.42148124682471,4.121481246824708,0.0431429576020621,62.49959056917609,10.199590569176095,0.26422185389427316
UGC 07524,3.45,57.3,2.78,318.2470144927536,55.34497311437002,-1.9550268856299768,0.0097075296664808,59.276652537994046,1.976652537994049,0.009923478357056,65.834110077799,8.534110077799,0.18497785483594892
UGC 07524,3.79,61.4,2.93,313.4955145118734,57.24984749479321,-4.150152505206791,0.0436503419580277,61.40599468030772,0.0059946803077224,9.107340902248193e-08,68.70554168559607,7.305541685596076,0.13525844329061237
UGC 07524,4.14,64.5,3.42,317.3244685990338,59.31138029981317,-5.188619700186827,0.0676942873839613,63.45190553354127,-1.0480944664587355,0.0027621623193506,72.05775324387714,7.557753243877144,0.14362622868936079
UGC 07524,4.48,66.4,4.53,314.2111160714286,59.9654441394628,-6.434555860537202,0.1018484144908014,64.11001064009024,-2.289989359909768,0.0128998318868721,74.74710617567335,8.347106175673346,0.17139138850662813
UGC 07524,4.82,66.9,5.46,303.64788381742744,59.28894965223454,-7.611050347765463,0.1393133029386885,63.474071603536416,-3.42592839646359,0.0282266905918343,76.77775315379188,9.877753153791872,0.2346495561144645
UGC 07524,5.17,69.4,4.77,297.436750483559,58.63098613955587,-10.769013860444131,0.2837207014957884,62.70050842220719,-6.69949157779282,0.1098051840143933,79.04907714920611,9.649077149206107,0.22777744165565908
UGC 07524,5.51,70.2,4.44,283.75669691470057,57.13416355474114,-13.06583644525886,0.4207797865643515,61.18611484507572,-9.013885154924282,0.2002647325260093,80.5204413054448,10.320441305444803,0.2625288103212
UGC 07524,5.86,70.9,4.24,265.7800170648464,56.19097246316849,-14.709027536831512,0.5355630883476403,60.48874325487448,-10.411256745125527,0.2683175181319999,81.5106618807389,10.610661880738888,0.27869403042981916
UGC 07524,6.2,72.3,4.38,258.0709677419355,58.04168236996222,-14.25831763003778,0.501745925161596,62.84090350394757,-9.459096496052425,0.2208241643104504,83.14658319559396,10.846583195593965,0.2903575927872381
UGC 07524,6.55,73.9,3.51,255.44874809160305,61.71503170907068,-12.184968290929326,0.372749083591195,67.23161286129461,-6.668387138705398,0.1116373163986742,85.21491684592567,11.314916845925666,0.3214182343050537
UGC 07524,6.89,75.0,3.22,254.73377358490563,66.05980201570809,-8.940197984291913,0.2016486177968202,72.36395849655823,-2.636041503441774,0.0175309505194348,87.32944016174734,12.329440161747343,0.3835197122225393
UGC 07524,7.25,75.5,3.23,254.65717241379303,70.81374944441114,-4.686250555588856,0.0553963716678329,77.94151008482578,2.44151008482578,0.0150365206679515,89.57424752180468,14.07424752180468,0.4996670137746518
UGC 07524,7.58,77.1,2.98,256.8399604221636,74.4607823090895,-2.639217690910499,0.0176394422716725,82.0545741241575,4.954574124157503,0.0621651638110452,91.81130679173442,14.71130679173443,0.5480711312096817
UGC 07524,7.94,77.0,2.79,259.7046977329975,77.40263464530689,0.4026346453068896,0.0004116841121858,85.24974163837472,8.249741638374715,0.1728313487008071,94.26137712492127,17.261377124921268,0.7566459393580268
UGC 07524,8.27,77.0,2.82,263.22980652962514,79.66892817616275,2.6689281761627512,0.0180813154318019,87.60119310213356,10.601193102133564,0.2852763308174395,96.56792359130135,19.56792359130135,0.9719540575841344
UGC 07524,8.63,78.2,2.93,266.5247045191193,81.65789426474113,3.457894264741128,0.0303028137826094,89.61596028985147,11.41596028985147,0.3302816436702611,98.99543257409309,20.795432574093084,1.0959618980443795
UGC 07524,8.97,79.6,3.14,266.5732998885172,82.88036618166873,3.2803661816687395,0.0271833808901841,90.91818925199776,11.31818925199778,0.323603135920003,100.93189043943183,21.33189043943183,1.1495225825518016
UGC 07524,9.3,80.3,3.39,266.0403010752688,83.0968995188266,2.7968995188266064,0.0196800060137358,91.05887843964466,10.75887843964466,0.2912094737959591,102.71348769944053,22.413487699440537,1.2638350066654715
UGC 07524,9.66,81.2,3.66,263.502784679089,82.2778846111524,1.077884611152399,0.0029089835615594,90.06385550749268,8.863855507492673,0.1967170756455709,104.3989456364809,23.1989456364809,1.3475137899476013
UGC 07524,9.99,82.3,3.9,261.08622622622624,79.9767369630016,-2.323263036998398,0.0134531819722415,87.27440948680461,4.974409486804618,0.0616753065537045,105.89075091388479,23.59075091388479,1.387112805465856
UGC 07524,10.35,83.8,4.1,259.7300193236716,75.39141977959596,-8.408580220404033,0.1755274728109281,81.58948966326415,-2.210510336735851,0.012130671901929,107.62314505679952,23.823145056799518,1.4089576733380782
UGC 07524,10.69,79.0,2.78,249.09410664172125,69.2090905471821,-9.7909094528179,0.2434721699356178,74.33362443981996,-4.666375560180043,0.0553047757506078,108.09231246768755,29.09231246768755,2.14961035251094
UGC 07577,0.19,3.74,3.17,44.67789473684211,5.26789983731784,1.5278998373178396,0.0058944183732763,6.722084429086457,2.9820844290864565,0.0224538624957673,9.035521204451234,5.295521204451234,0.07080576369936299
UGC 07577,0.38,5.4,3.17,90.5557894736842,10.26625763731445,4.866257637314449,0.0597917666043794,12.061383564071926,6.661383564071926,0.1120417983427995,15.42466427422324,10.02466427422324,0.25374112593391307
UGC 07577,0.57,7.31,3.17,135.10877192982457,14.513799081341686,7.203799081341686,0.1310310954135697,16.220411111109808,8.91041111110981,0.2004687455740671,21.059567666391306,13.749567666391307,0.4773415884065662
UGC 07577,0.75,8.85,3.17,175.18213333333333,19.588581213004023,10.738581213004029,0.2911689098701777,21.424723705462743,12.574723705462748,0.3992529111145789,25.948099900315004,17.098099900315006,0.738153849691672
UGC 07577,0.94,10.7,3.17,181.16468085106385,22.701305225309945,12.001305225309943,0.3636705646980759,24.78810398206128,14.088103982061275,0.5011367884353948,29.321235357653805,18.621235357653806,0.8755242250265971
UGC 07577,1.13,12.4,3.17,175.67300884955753,24.91181047632445,12.511810476324458,0.3952678605986848,27.316130833959217,14.916130833959215,0.5617764853173154,31.875046585584066,19.475046585584067,0.957653056253078
UGC 07577,1.32,14.1,3.17,177.57856060606062,27.53175948734045,13.431759487340456,0.4555300189591748,30.197164081735995,16.097164081735997,0.6542593388703555,34.553902593574726,20.453902593574725,1.0563395866203462
UGC 07577,1.51,15.9,3.17,160.38688741721853,29.55930211563365,13.659302115633643,0.4710946913023967,32.88642080395898,16.98642080395898,0.7285425909001904,35.931027695113755,20.031027695113757,1.0131124477871656
UGC 07577,1.69,17.8,3.17,132.58656804733727,27.78710320769503,9.987103207695029,0.2518432205749147,31.484048074794707,13.684048074794706,0.4728031607038744,36.075781635104484,18.275781635104483,0.8433407954775844
UGC 07603,0.34,19.6,2.89,1199.05,34.067549170317406,14.467549170317405,0.5307692769876255,34.067549170317406,14.467549170317405,0.5307692769876255,30.80074593581368,11.200745935813678,0.31813374271024963
UGC 07603,0.68,32.5,2.89,1208.9248529411764,45.69042850329657,13.190428503296571,0.44119811736917,45.69042850329657,13.190428503296571,0.44119811736917,43.67278598680715,11.172785986807149,0.3165474374473832
UGC 07603,1.02,41.9,2.89,1011.7142156862744,51.58209169338907,9.682091693389069,0.2377137070125748,51.58209169338907,9.682091693389069,0.2377137070125748,50.561888780280924,8.661888780280925,0.19025717687811622
UGC 07603,1.37,50.6,2.89,803.1653284671534,52.46727800225547,1.867278002255468,0.0088416598712347,52.46727800225547,1.867278002255468,0.0088416598712347,54.55248455696104,3.952484556961039,0.039614684879364155
UGC 07603,1.71,57.0,2.89,713.3436842105264,51.628039540691255,-5.371960459308745,0.0731781551977956,51.628039540691255,-5.371960459308745,0.0731781551977956,58.78089170483121,1.7808917048312125,0.008042496196512261
UGC 07603,2.05,60.5,2.89,584.6143414634147,51.73633091378574,-8.763669086214257,0.1947546262658863,51.83358138213431,-8.666418617865695,0.1904562234107264,60.6163327709661,0.11633277096610328,3.431784337056109e-05
UGC 07603,2.39,60.5,2.89,453.01410041841,53.75574840662821,-6.744251593371793,0.1153409086821091,55.85127209834906,-4.648727901650936,0.0548004463614823,60.69393541392246,0.1939354139224605,9.537401924137359e-05
UGC 07603,2.74,60.0,2.89,342.34350364963507,51.88025806000858,-8.119741939991421,0.1671861495654661,56.4904057915319,-3.5095942084681013,0.0312341471190665,59.91164169677418,-0.08835830322581728,1.979751026796985e-05
UGC 07603,3.08,61.5,2.89,274.668474025974,49.0622391099573,-12.437760890042696,0.3922836874911423,55.4655919456152,-6.034408054384798,0.0923390050840964,59.64728100600893,-1.8527189939910684,0.008704322027688649
UGC 07603,3.42,61.5,2.89,234.8363157894737,46.86549939754347,-14.634500602456528,0.5430898120824016,54.3333638231323,-7.166636176867698,0.1302406506560732,60.13236019848115,-1.3676398015188482,0.004743067493994617
UGC 07603,3.76,63.0,2.89,205.106835106383,44.322275806178816,-18.677724193821184,0.8846342673475132,52.332049170095,-10.667950829905005,0.2885877237861059,60.70391188896229,-2.2960881110377116,0.013368815872030926
UGC 07603,4.11,64.0,2.89,177.7347201946472,40.79736963709516,-23.20263036290484,1.365181156021722,48.82246858327166,-15.177531416728344,0.5841415828792996,60.98694457256087,-3.0130554274391272,0.023021312702076094
UGC 07608,0.6,14.6,6.69,190.82666666666665,17.083986703361855,2.483986703361856,0.0143240918526249,18.48807554486024,3.888075544860241,0.0350944106015916,23.766405642632872,9.166405642632872,0.1950593210526601
UGC 07608,1.19,31.5,6.69,178.0827731092437,23.38255359775686,-8.11744640224314,0.1529704073680908,25.47473452535707,-6.025265474642929,0.084279303392161,32.834090842099144,1.334090842099144,0.004131800745184579
UGC 07608,1.79,44.8,6.69,174.34245810055867,29.143287399371808,-15.65671260062819,0.5690752828774092,31.895975487439102,-12.904024512560891,0.386561788958467,40.033489776641225,-4.766510223358772,0.052743582062758226
UGC 07608,2.38,50.6,6.69,187.3247478991597,34.5790552407687,-16.0209447592313,0.5958607921706525,37.57090314699442,-13.029096853005584,0.3940916096254934,47.09118417410629,-3.5088158258937128,0.02858180882416332
UGC 07608,2.99,55.6,6.69,170.86481605351167,36.53413019100578,-19.065869808994226,0.8438821680610382,39.97857970485518,-15.621420295144825,0.5665126321776118,51.45292978337429,-4.147070216625714,0.03992558986773268
UGC 07608,3.59,61.4,6.69,167.08306406685242,40.40344758533056,-20.99655241466944,1.0234450848216914,44.3965774517458,-17.0034225482542,0.6711834802907709,56.031675020806574,-5.368324979193424,0.06690308757608326
UGC 07608,4.18,66.0,6.69,172.39705741626798,44.15406207292908,-21.84593792707092,1.1079239595526,48.36123598101277,-17.63876401898723,0.7222787933067427,60.98677939657777,-5.0132206034222335,0.05834480537496087
UGC 07608,4.78,69.3,6.69,177.0213389121339,46.11752422020341,-23.18247577979659,1.2476368489752216,50.20432880597013,-19.09567119402987,0.8465223321283254,65.69703164075628,-3.602968359243718,0.030136267362694036
UGC 08286,0.47,22.2,2.81,522.7172340425533,27.60994835435123,5.409948354351229,0.0743026935193,28.05125977366645,5.851259773666456,0.0869194717564536,28.074106829268818,5.874106829268818,0.08759957522215268
UGC 08286,0.95,43.4,3.47,623.1500000000001,41.0253552704387,-2.3746447295612967,0.0141667290764171,41.0253552704387,-2.3746447295612967,0.0141667290764171,42.06073028397251,-1.3392697160274878,0.0045061785667461505
UGC 08286,1.42,60.2,3.04,633.9459154929579,47.01578299399534,-13.184217006004666,0.4397906952644221,47.01578299399534,-13.184217006004666,0.4397906952644221,51.689264094970646,-8.510735905029357,0.18326164463749733
UGC 08286,1.9,69.6,2.05,671.1044736842105,57.87705124668047,-11.72294875331952,0.3521954048806855,57.87705124668047,-11.72294875331952,0.3521954048806855,60.8257760722504,-8.774223927749595,0.197300133992718
UGC 08286,2.37,72.5,2.0,680.907341772152,67.271209472701,-5.228790527298997,0.070103206098389,67.271209472701,-5.228790527298997,0.070103206098389,68.23205366496478,-4.267946335035219,0.046706066458309124
UGC 08286,2.84,74.3,2.02,590.4491901408451,69.59871523995889,-4.701284760041105,0.0566603151427109,69.6478149368057,-4.652185063194295,0.055482987256494,71.55842660534422,-2.7415733946557737,0.019268398715455538
UGC 08286,3.3,75.8,2.01,543.2208484848486,68.68964064340722,-7.110359356592781,0.1296205446052508,69.38361832253008,-6.416381677469914,0.1055531311549033,75.24365435352624,-0.5563456464737584,0.0007935606578664711
UGC 08286,3.78,77.2,2.05,489.7908201058201,68.76425812429507,-8.435741875704935,0.1823713097520436,70.28556527498476,-6.914434725015241,0.1225246059840636,78.10069909060391,0.9006990906039078,0.002079071384254859
UGC 08286,4.25,79.3,2.08,453.3299058823529,72.92989185896148,-6.370108141038514,0.1039598595650336,75.35417674085404,-3.9458232591459534,0.039888465633934,80.95235960512721,1.6523596051272165,0.006994895207334607
UGC 08286,4.73,81.3,2.08,412.4932346723044,73.5620764462743,-7.737923553725693,0.1533984401857083,76.96168256687133,-4.338317433128665,0.0482186143458092,83.07872297826064,1.778722978260646,0.00810566601027351
UGC 08286,5.2,81.6,2.03,343.7350961538461,74.07388642164088,-7.526113578359116,0.1451918766576244,79.75300549714356,-1.8469945028564323,0.0087444397200505,82.63125028488194,1.0312502848819491,0.002726019421336056
UGC 08286,5.67,82.1,2.02,296.6681128747795,73.98435162791935,-8.115648372080642,0.1688465980327521,81.6505707929069,-0.4494292070930896,0.0005178076421894,82.72232441381439,0.6223244138143968,0.0009928406452347585
UGC 08286,6.15,82.9,2.0,248.39430894308936,69.8675237185869,-13.03247628141311,0.435501123142552,79.27897226810616,-3.621027731893847,0.0336201072696007,81.92167138224792,-0.9783286177520836,0.0024541714982376987
UGC 08286,6.62,83.2,2.0,220.4322658610272,63.82863270768695,-19.371367292313053,0.9621791558299896,73.25718787501808,-9.942812124981929,0.2534859306479169,82.18760355541177,-1.0123964445882336,0.002628068105166401
UGC 08286,7.1,83.5,2.02,218.79415492957747,59.25709617180916,-24.24290382819084,1.5066596168966964,66.99867308545362,-16.501326914546382,0.6980453002528013,84.93735696568206,1.4373569656820564,0.00529633133783376
UGC 08286,7.57,83.8,2.0,193.9337384412153,59.8336529269262,-23.9663470730738,1.4727840821205975,69.3363810674298,-14.4636189325702,0.536400699042572,84.79845904269514,0.9984590426951456,0.0025562063075377094
UGC 08286,8.04,84.3,2.0,179.68203980099506,63.1201171672489,-21.179882832751098,1.1502241969463196,74.826181881288,-9.473818118712003,0.2301364865293227,85.557141557881,1.257141557880999,0.004052320247567859
UGC 08490,0.34,38.8,3.69,2286.955882352941,45.61725168941585,6.817251689415855,0.1162989193799832,45.61725168941585,6.817251689415855,0.1162989193799832,38.102901346527354,-0.6970986534726435,0.0012160334197580448
UGC 08490,0.68,50.1,3.69,2370.941764705882,64.45091731793354,14.350917317933543,0.5153666928488739,64.45091731793353,14.35091731793353,0.5153666928488729,54.55469573370102,4.454695733701016,0.04965844489212028
UGC 08490,1.02,60.2,3.69,2045.767941176471,70.15549711928477,9.955497119284772,0.2480178423544181,70.15549711928476,9.955497119284756,0.2480178423544174,63.54751025662493,3.347510256624929,0.02804147510125117
UGC 08490,1.36,68.2,3.69,1682.6029411764705,67.58384247281708,-0.6161575271829207,0.0009500370438132,67.58384247281708,-0.6161575271829207,0.0009500370438132,68.74925960243152,0.5492596024315191,0.0007549398306605524
UGC 08490,1.69,72.8,3.69,1364.2463905325444,69.5934243445635,-3.206575655436496,0.0257300129650381,69.59342434456349,-3.206575655436509,0.0257300129650383,71.56991694102071,-1.2300830589792895,0.003786394822400414
UGC 08490,2.03,75.3,3.69,1114.9195073891626,82.38319551963419,7.083195519634188,0.1255496431934695,82.38319551963417,7.083195519634174,0.125549643193469,73.54376344041755,-1.7562365595824474,0.007718324795257226
UGC 08490,2.37,76.6,3.69,927.1730801687764,78.74032451264786,2.140324512647865,0.0114634746183682,78.74032451264786,2.140324512647865,0.0114634746183682,75.00250641771643,-1.5974935822835619,0.006386093416749643
UGC 08490,2.7,77.6,3.69,786.6157407407408,73.280224007536,-4.319775992463988,0.0466959780275825,73.280224007536,-4.319775992463988,0.0466959780275825,76.09662265265791,-1.5033773473420808,0.0056557867625986824
UGC 08490,3.05,78.5,3.69,662.5842622950819,67.58007130794508,-10.919928692054924,0.2983984945540591,67.58007130794508,-10.919928692054924,0.2983984945540591,76.76894652247631,-1.7310534775236874,0.007498562100092692
UGC 08490,3.38,78.2,3.69,575.9066568047338,63.9617454149576,-14.238254585042403,0.5073066216012845,64.19930748671399,-14.000692513286012,0.4905192529820069,77.48638124267447,-0.7136187573255341,0.0012743523867202538
UGC 08490,3.72,78.8,3.69,518.5047849462366,63.71233380791219,-15.08766619208781,0.5696408906544793,64.78781253045891,-14.01218746954109,0.4913250434143277,78.79308264633384,-0.006917353666153758,1.1973937422103573e-07
UGC 08490,4.06,79.2,3.69,467.9960591133005,65.24604713473718,-13.95395286526282,0.4872496392562174,67.34742251616399,-11.852577483836017,0.3515463791632431,79.86479596200245,0.6647959620024437,0.001105945609035158
UGC 08490,4.39,79.2,3.69,405.8559453302962,65.09474788926028,-14.105252110739729,0.4978731765500126,68.74072640169472,-10.459273598305288,0.2737537456679199,79.66022033799977,0.4602203379997718,0.0005300155812256418
UGC 08490,4.74,79.2,3.69,350.7332700421941,64.51564379881057,-14.68435620118943,0.5395936676310351,69.89018245885232,-9.30981754114768,0.2168899167212258,79.35079526047677,0.1507952604767695,5.6902638763194883e-05
UGC 08490,5.08,78.8,3.69,301.9447637795276,63.416274391459176,-15.38372560854082,0.5922159132198994,70.65393172430822,-8.146068275691775,0.1660554425916072,78.69490378206153,-0.10509621793846691,2.7639564634582373e-05
UGC 08490,5.41,78.5,3.69,256.7021441774492,61.14718767434607,-17.35281232565393,0.7535234331383718,70.2641518256069,-8.235848174393098,0.1697358919013876,77.55223475019558,-0.9477652498044193,0.0022478047524532503
UGC 08490,5.75,80.1,3.69,232.97810434782608,59.99661857995969,-20.103381420040307,1.0113354905360965,70.18036319429486,-9.91963680570514,0.246234309271073,77.7963164736588,-2.303683526341189,0.01328014008828917
UGC 08490,6.09,80.1,3.69,215.49720853858787,58.36418680716596,-21.73581319283404,1.1822486009792352,69.06820183779932,-11.031798162200673,0.3045437125569619,78.33061600005183,-1.769383999948161,0.007834318335203597
UGC 08490,6.42,80.1,3.69,195.7103582554517,55.49336599343184,-24.60663400656816,1.515170277506828,66.4828793589548,-13.61712064104519,0.4640102702388091,78.29075124367542,-1.8092487563245783,0.00819131426952526
UGC 08490,6.77,80.1,3.69,179.31056129985228,53.07352306320521,-27.026476936794783,1.8278303992634444,64.21587810350854,-15.88412189649145,0.6313692777207904,78.46451396266434,-1.635486037335653,0.006693460494509297
UGC 08490,7.11,79.8,3.69,164.3545569620253,51.548708250011614,-28.251291749988383,1.9972555799002127,63.208377463545744,-16.591622536454253,0.6888659851096506,78.4956281539812,-1.304371846018796,0.004257550966256069
UGC 08490,7.44,79.8,3.69,159.38297043010755,51.97318215201178,-27.826817847988217,1.9376891760495023,64.10332487700107,-15.696675122998926,0.6165557641871119,79.61876664867555,-0.18123335132445106,8.21927035279407e-05
UGC 08490,7.78,79.5,3.69,149.80616966580973,51.70957242607239,-27.79042757392761,1.932624498216453,64.57589485381946,-14.924105146180535,0.5573572096175614,80.03999405063655,0.539994050636551,0.000729684251267329
UGC 08490,8.12,79.5,3.69,133.46646551724135,50.57369308417975,-28.92630691582025,2.093837640145705,64.80984010405176,-14.69015989594824,0.540020278883974,79.22027138071928,-0.2797286192807178,0.00019580817801058756
UGC 08490,8.46,78.8,3.69,126.36768321513,51.27161691309945,-27.528383086900547,1.896349710082132,66.79445321757736,-12.00554678242264,0.3606790455763384,79.66291720782385,0.8629172078238554,0.0018633536225355256
UGC 08490,8.8,77.9,3.69,120.4144204545454,52.125716403555785,-25.77428359644422,1.6623797061978574,68.96196105200598,-8.93803894799403,0.1999132172999491,80.18567673502545,2.285676735025447,0.013073342483039568
UGC 08490,9.13,77.2,3.69,110.96649507119386,51.298955469038624,-25.90104453096138,1.6787714704058327,69.12368107408805,-8.076318925911949,0.1632239726903984,79.8800694308777,2.680069430877694,0.017974181106129323
UGC 08490,9.47,77.6,3.69,102.22684266103484,49.25749384925061,-28.342506150749387,2.010173401184954,67.13627867268326,-10.463721327316732,0.2739866186966517,79.56437718893464,1.9643771889346482,0.009656211900388373
UGC 08490,9.77,76.6,3.69,97.49529170931424,46.698369256942094,-29.9016307430579,2.2374161628978047,63.304303201628265,-13.29569679837173,0.4423634416987509,79.78561762652072,3.185617626520724,0.02539477178822257
UGC 08490,10.15,77.6,3.69,93.32512315270937,43.41173574904904,-34.18826425095095,2.9249007046834468,57.72302522520956,-19.87697477479044,0.9886842051600404,80.36823004397243,2.768230043972437,0.019176148249161237
UGC 08550,0.49,25.0,2.04,616.4448979591835,30.60739955679472,5.6073995567947215,0.0805895039120755,30.60739955679472,5.6073995567947215,0.0805895039120755,30.10946652558237,5.10946652558237,0.06691239777581078
UGC 08550,0.97,42.5,2.7,752.2680412371134,44.298042660048274,1.7980426600482744,0.0082202888640786,44.298042660048274,1.7980426600482744,0.0082202888640786,44.99297711631249,2.4929771163124883,0.015802422900296802
UGC 08550,1.47,48.0,2.15,639.47768707483,53.20686960422989,5.206869604229894,0.0694058613506727,53.20686960422989,5.206869604229894,0.0694058613506727,52.72901361937843,4.729013619378428,0.05725110512647545
UGC 08550,1.95,49.2,2.08,480.7570256410257,53.30392818541217,4.103928185412165,0.04314908382067,54.79644539080335,5.596445390803346,0.0802410521354538,55.78854963335863,6.588549633358625,0.1112120170996122
UGC 08550,2.44,50.4,2.06,318.3108606557377,48.95061264553666,-1.4493873544633402,0.0053831086615597,53.50958197251683,3.1095819725168283,0.0247781130652793,55.36831073306779,4.9683107330677885,0.063253084843202
UGC 08550,2.92,51.6,2.04,217.4335616438356,44.326330835933376,-7.273669164066625,0.1356008974442735,51.61008472080859,0.0100847208085852,2.606653083930153e-07,54.37535675008027,2.7753567500802703,0.0197420891502806
UGC 08550,3.41,53.2,2.0,172.39671554252195,40.41068655708794,-12.78931344291206,0.4194013803616696,48.58181083158296,-4.61818916841704,0.0546863363981653,55.083878267303305,1.8838782673033023,0.00909999314363511
UGC 08550,3.89,55.1,2.05,147.25413881748074,38.96654115335652,-16.133458846643485,0.6670600376889921,47.93253340914519,-7.167466590854815,0.131656197310422,56.33011235157231,1.2301123515723091,0.0038779259422755015
UGC 08550,4.39,57.8,2.24,145.65952164009116,43.2082626505934,-14.5917373494066,0.5445248471528328,53.75649978868336,-4.043500211316633,0.0418137034213233,59.662156046748464,1.862156046748467,0.008868207319675326
UGC 08550,4.88,57.3,2.0,147.64805327868854,45.8719785406101,-11.428021459389896,0.3348709601955794,56.93212378275937,-0.367876217240628,0.0003470074646442,63.1385463861901,5.838546386190103,0.08740672795818849
UGC 08550,5.36,57.5,2.0,135.85569029850743,44.82987711055406,-12.670122889445942,0.4116205488042615,56.16990378525279,-1.3300962147472075,0.0045362972832944,64.67701650340496,7.177016503404957,0.1320758099747362
UGC 08699,0.22,152.0,39.4,116683.17,127.2822493298438,-24.717750670156192,0.3151980015023045,127.28224932984382,-24.71775067015617,0.3151980015023041,162.66710284591088,10.667102845910875,0.05870276064572108
UGC 08699,0.43,167.0,32.9,130147.37906976744,189.23368398952545,22.233683989525417,0.3366476009738962,189.23368398952545,22.233683989525417,0.3366476009738962,239.81803635698162,72.81803635698162,3.6110258162820315
UGC 08699,0.65,179.0,20.9,103214.28707692308,210.8026952655628,31.80269526556279,1.2292162542436893,210.8026952655628,31.80269526556279,1.2292162542436893,263.4681387912119,84.46813879121191,8.671341465042282
UGC 08699,0.87,188.0,15.7,75964.25816091955,219.85439507408665,31.854395074086653,1.6042980688010815,219.85439507408665,31.854395074086653,1.6042980688010815,262.9961794027776,74.99617940277761,8.892515178127093
UGC 08699,1.08,195.0,10.6,57635.88564814813,204.47602702517867,9.476027025178666,0.180181170603412,204.47602702517867,9.476027025178666,0.180181170603412,256.9384882105092,61.938488210509206,7.698002090463496
UGC 08699,1.31,199.0,8.88,44433.52091603053,191.228588510096,-7.771411489903983,0.1299220498836014,191.22858851009605,-7.771411489903954,0.1299220498836005,250.42031153470563,51.42031153470563,5.687906661367906
UGC 08699,1.52,202.0,4.4,35829.74875,194.2855530289848,-7.714446971015178,0.1468144169839285,194.2855530289848,-7.714446971015178,0.1468144169839285,244.1390637649514,42.1390637649514,4.3805523361620295
UGC 08699,1.73,202.0,2.3,29635.399364161847,190.15195881643007,-11.848041183569933,0.358752025064707,190.15195881643007,-11.848041183569933,0.358752025064707,238.8058071551933,36.80580715519329,3.462054845115586
UGC 08699,1.96,202.0,3.38,24878.50581632653,187.2693100516015,-14.730689948398492,0.5459987518528011,187.2693100516015,-14.730689948398492,0.5459987518528011,234.89516817864066,32.89516817864066,2.722762088842691
UGC 08699,2.17,200.0,4.47,21724.7167281106,186.82149349681777,-13.178506503182234,0.4277862176629896,186.82149349681785,-13.178506503182176,0.4277862176629859,232.67858520929258,32.67858520929258,2.6303945118624927
UGC 08699,2.39,196.0,2.88,19067.459665271963,185.4031722338852,-10.596827766114814,0.2847942012483613,185.4031722338852,-10.596827766114814,0.2847942012483613,230.5600149222339,34.560014922233904,3.029195016274718
UGC 08699,2.6,193.0,3.32,16945.053269230768,187.6040757652644,-5.395924234735617,0.0733359083694198,187.6040757652644,-5.395924234735588,0.073335908369419,228.44034447801377,35.44034447801377,3.163594841803085
UGC 08699,2.83,189.0,2.21,14851.198621908128,189.8589223769781,0.8589223769780858,0.0018873820901737,189.8589223769781,0.8589223769780858,0.0018873820901737,225.19629151854753,36.196291518547525,3.351815844378616
UGC 08699,3.04,184.0,14.0,13172.311710526315,191.1933518139621,7.193351813962096,0.0889077496897453,191.19335181396207,7.193351813962067,0.0889077496897446,221.8212257100868,37.82122571008679,2.457809474593351
UGC 08699,5.87,170.0,5.45,4521.344139693356,154.9038046689424,-15.0961953310576,0.5482168461181862,154.9038046689424,-15.0961953310576,0.5482168461181862,201.7680020839942,31.76800208399419,2.42771202099737
UGC 08699,6.08,172.0,6.66,4345.179111842105,150.41793995478346,-21.582060045216537,1.082326605707773,150.41793995478346,-21.582060045216537,1.082326605707773,202.34812445496337,30.34812445496337,2.140110778002995
UGC 08699,6.3,174.0,3.96,4179.332984126984,141.635418168538,-32.364581831462004,2.6077026110367028,141.635418168538,-32.364581831462004,2.6077026110367028,203.0464037649764,29.04640376497639,2.100403831487513
UGC 08699,6.52,176.0,5.18,4030.469662576688,130.06877290795907,-45.93122709204093,5.110252059142244,130.06877290795907,-45.93122709204093,5.110252059142244,203.8340417619223,27.834041761922293,1.8766305183518404
UGC 08699,6.74,178.0,3.04,3891.583516320475,128.26195761319588,-49.738042386804125,6.259140891220772,128.26195761319588,-49.738042386804125,6.259140891220772,204.60994521512208,26.60994521512208,1.7915350619767723
UGC 08699,6.95,180.0,2.75,3767.960719424461,132.17366087261345,-47.82633912738655,5.811932575709793,132.17366087261345,-47.82633912738655,5.811932575709793,205.3504139477884,25.35041394778841,1.6328880097169451
UGC 08699,7.16,182.0,2.34,3659.3768156424594,125.9459807548207,-56.054019245179305,8.026178575469153,125.94598075482072,-56.05401924517929,8.02617857546915,206.2355166333156,24.235516633315598,1.500375161271142
UGC 08699,7.39,183.0,3.39,3557.3127063599463,128.21973931840137,-54.78026068159864,7.549526041760079,128.21973931840137,-54.78026068159864,7.549526041760079,207.39514841859847,24.395148418598467,1.4971952055536382
UGC 08699,7.6,184.0,7.58,3485.1122368421047,132.813595370311,-51.18640462968901,5.908242656807406,132.813595370311,-51.18640462968901,5.908242656807406,208.77628009780486,24.776280097804857,1.384271498809987
UGC 08699,7.82,185.0,6.08,3418.211624040921,139.82433464190026,-45.175665358099735,4.8250658694095145,139.8243346419003,-45.17566535809971,4.825065869409508,210.30926533325393,25.309265333253933,1.5144439646010872
UGC 08699,8.03,186.0,6.73,3361.4100124533006,147.30205457345716,-38.69794542654285,3.4721901989012296,147.30205457345716,-38.69794542654285,3.4721901989012296,211.8401556569263,25.8401556569263,1.548167485192036
UGC 08699,8.26,187.0,6.83,3303.726694915254,145.18005488837082,-41.81994511162918,4.042325796135567,145.18005488837082,-41.81994511162918,4.042325796135567,213.52846018693208,26.52846018693208,1.6266288898218402
UGC 08699,8.47,187.0,6.11,3251.501074380165,140.3427857362395,-46.65721426376047,5.1422881535665566,140.3427857362395,-46.65721426376047,5.1422881535665566,215.0012446629686,28.00124466296859,1.8521385519204114
UGC 08699,8.68,188.0,4.78,3192.7722926267284,143.1373624235699,-44.8626375764301,4.922744592651257,143.1373624235699,-44.8626375764301,4.922744592651257,216.24378531821637,28.243785318216368,1.951117844906558
UGC 08699,8.91,188.0,4.14,3117.160505050505,140.65910826338808,-47.34089173661192,5.559265401904479,140.65910826338808,-47.34089173661192,5.559265401904479,217.23510143209822,29.23510143209822,2.1200873239569407
UGC 08699,9.53,187.0,5.93,2841.969055613852,134.4186301721968,-52.5813698278032,6.564650693750151,134.4186301721968,-52.5813698278032,6.564650693750151,217.46912579152635,30.469125791526352,2.204285367797403
UGC 08699,9.78,187.0,7.63,2723.0360531697343,134.26327050867593,-52.73672949132407,6.260821318236856,134.26327050867593,-52.73672949132407,6.260821318236856,217.0368171944395,30.036817194439493,2.0310131991200153
UGC 08699,9.99,186.0,7.89,2620.4160360360365,136.75953210070833,-49.24046789929167,5.4090626211035575,136.75953210070833,-49.24046789929167,5.4090626211035575,216.44403118272237,30.44403118272237,2.067673602989416
UGC 08699,10.21,186.0,9.86,2510.952889324192,140.7837802658622,-45.21621973413781,4.231009104444095,140.78378026586222,-45.21621973413778,4.231009104444088,215.60695788000427,29.606957880004273,1.8140240067007778
UGC 08699,11.46,182.0,2.51,1976.567172774869,131.91057211590794,-50.08942788409206,6.395488519517735,131.91057211590794,-50.08942788409206,6.395488519517735,210.55366115981818,28.553661159818176,2.0782853882262815
UGC 08699,13.39,177.0,3.62,1438.161120238984,126.45373738229424,-50.54626261770575,6.4016449445761,126.45373738229424,-50.54626261770575,6.4016449445761,204.92269002899363,27.922690028993628,1.953565579470585
UGC 08699,15.21,175.0,6.71,1121.1374884944114,120.04094474293908,-54.959055257060925,7.007723593062838,120.04094474293908,-54.959055257060925,7.007723593062838,201.663013393422,26.663013393422005,1.649365506981631
UGC 08699,17.13,177.0,6.13,885.6446468184471,111.73699779985684,-65.26300220014316,10.055457358925596,111.73699779985684,-65.26300220014316,10.055457358925596,198.79721663827175,21.79721663827175,1.1216821624969415
UGC 08699,19.06,180.0,3.95,717.7413273871983,104.59075943282066,-75.40924056717934,14.159656782312677,104.59075943282066,-75.40924056717934,14.159656782312677,196.61203281113725,16.612032811137254,0.6871462058087305
UGC 08699,20.99,181.0,4.46,594.7982277274895,99.77085924148464,-81.22914075851536,16.255998666557034,99.77085924148464,-81.22914075851536,16.255998666557034,194.9669059006235,13.966905900623487,0.48060728637121636
UGC 08699,22.92,182.0,7.09,500.41298865619547,97.11115781269092,-84.88884218730907,16.517631080296415,97.11115781365253,-84.88884218634749,16.517631079922204,193.53733643864567,11.537336438645667,0.3051108529330957
UGC 08699,25.7,183.0,7.49,393.5819844357976,93.51636887637572,-89.48363112362428,18.11200730121721,93.51636887813156,-89.48363112186844,18.11200730050643,191.02981990146688,8.02981990146688,0.14584481580075095
UGC 08837,0.52,7.31,2.12,214.89846153846148,19.311767364221065,12.001767364221063,0.3688719220170169,21.47207144665536,14.162071446655355,0.5136162456111304,22.871061976053188,15.561061976053189,0.6201027462175345
UGC 08837,1.05,14.6,2.05,241.30171428571427,28.15257527887546,13.55257527887546,0.4707101996773118,30.78785771961297,16.18785771961297,0.6715660139297756,33.574496029715206,18.974496029715205,0.9226786081116295
UGC 08837,1.57,21.0,2.05,274.7496178343949,34.118870311739336,13.118870311739336,0.4410652372966235,36.5701635748054,15.5701635748054,0.621292774254898,42.589399587850124,21.589399587850124,1.1945135527421356
UGC 08837,2.09,28.1,2.06,347.4413397129187,44.894458012149855,16.794458012149853,0.7227634736914695,47.02993158742085,18.92993158742085,0.9182528807760936,52.54797952041587,24.44797952041587,1.5316169249942184
UGC 08837,2.63,35.3,2.5,359.70406844106463,53.03522741640277,17.735227416402772,0.8018821963327586,55.45685700392726,20.156857003927264,1.0358161485704822,59.53902531190771,24.23902531190771,1.4978466490026836
UGC 08837,3.15,43.0,3.38,338.92168253968254,57.38325362585449,14.383253625854492,0.5205467627696146,60.41748354016279,17.417483540162785,0.7633369588576885,64.05263463386613,21.052634633866134,1.1152144282712884
UGC 08837,3.68,46.6,3.15,306.6017663043478,58.6277964695368,12.027796469536796,0.3653944595535788,62.36267673876016,15.762676738760156,0.6275520536737632,67.27229135890295,20.672291358902946,1.079361819617156
UGC 08837,4.2,48.0,3.0,284.0139523809524,59.51287526007128,11.512875260071276,0.3355602449467373,63.77836780244466,15.778367802444665,0.6302706088841075,70.31805891348452,22.31805891348452,1.261001908014597
UGC 09037,2.43,62.2,5.69,7719.766666666667,190.30604248104515,128.10604248104517,39.22584994734486,190.30604248104515,128.10604248104517,39.22584994734486,159.38455704691538,97.18455704691537,22.574994433011703
UGC 09037,3.65,88.2,3.85,6065.154547945204,201.75538174032167,113.55538174032178,32.17091037102509,201.75538174032167,113.55538174032178,32.17091037102509,177.7771348520988,89.57713485209881,20.018993665053973
UGC 09037,4.86,107.0,4.42,4731.70304526749,195.96946289393907,88.96946289393907,19.51875424163158,195.96946289393907,88.96946289393907,19.51875424163158,186.7228548650561,79.72285486505609,15.672412113523713
UGC 09037,6.08,120.0,3.93,3863.40542763158,184.36151226252665,64.36151226252665,10.31873679481136,184.36151226252665,64.36151226252665,10.31873679481136,193.82070498899816,73.82070498899816,13.574705981001868
UGC 09037,7.29,124.0,5.15,3556.8576268861448,195.40897879630404,71.40897879630404,12.3611251573696,195.40897879630404,71.40897879630404,12.3611251573696,205.9776668888177,81.97766688881771,16.290839574893393
UGC 09037,8.51,128.0,4.29,3006.291703877791,219.38017334147688,91.38017334147688,20.648495106549024,219.38017334147688,91.38017334147688,20.648495106549024,209.60256816995062,81.60256816995062,16.466151386525105
UGC 09037,9.73,133.0,5.36,2574.280626927029,226.7249103364088,93.7249103364088,21.18093046063717,226.7249103364088,93.72491033640878,21.18093046063716,212.29793417476523,79.29793417476523,15.16207756664921
UGC 09037,10.96,138.0,6.78,2268.594571167884,223.3315874882857,85.33158748828578,16.856510391202157,223.3315874882857,85.33158748828578,16.856510391202157,215.73922183272734,77.73922183272734,13.990344226934173
UGC 09037,12.19,143.0,6.42,2044.0559228876125,217.6194244048325,74.6194244048325,13.033344456131628,217.6194244048325,74.6194244048325,13.033344456131628,219.6229636089366,76.6229636089366,13.742633831979349
UGC 09037,13.41,146.0,5.4,1796.0858016405668,203.66199172411547,57.66199172411547,8.008732270912324,203.66199172411547,57.66199172411547,8.008732270912324,220.59521554772888,74.59521554772888,13.403136580142915
UGC 09037,14.55,148.0,4.5,1598.8830034364262,189.7527190354593,41.752719035459336,4.2911742691790975,189.75271903545936,41.75271903545936,4.291174269179104,221.12565687200998,73.12565687200998,13.1627364749857
UGC 09037,15.78,154.0,4.46,1438.09262991128,181.64771942661028,27.64771942661028,1.88325254696713,181.64771942661025,27.64771942661025,1.883252546967126,222.45724277984024,68.45724277984024,11.545925288963826
UGC 09037,17.0,158.0,4.02,1267.6065999999998,173.4539103795198,15.453910379519812,0.5938509759246066,173.45391037951978,15.453910379519783,0.5938509759246045,221.6953033252957,63.6953033252957,10.088242566153767
UGC 09037,18.23,159.0,5.07,1107.513614920461,166.21864809752483,7.218648097524834,0.1265685211808237,166.21864809752483,7.218648097524834,0.1265685211808237,219.92590870251533,60.92590870251533,9.016084946346846
UGC 09037,19.46,160.0,7.33,975.3712076053442,162.62110237879563,2.6211023787956265,0.0156236664911678,162.6211023787956,2.621102378795598,0.0156236664911674,218.33674467434963,58.33674467434963,7.7392588460759795
UGC 09037,20.69,158.0,7.82,895.3122571290479,164.49243346357002,6.492433463570023,0.0942669485367491,164.49243346357002,6.492433463570023,0.0942669485367491,219.21553693669273,61.21553693669273,8.380458122214243
UGC 09037,21.92,155.0,8.07,806.5442016423357,164.57915889978307,9.579158899783067,0.2034032819454061,164.5791588997831,9.579158899783096,0.2034032819454073,218.491129807997,63.491129807997,8.935715063158616
UGC 09037,23.14,156.0,7.93,722.8556309420916,162.21319514361753,6.213195143617526,0.0859993149528362,162.21319514361753,6.213195143617526,0.0859993149528362,217.10370828168348,61.10370828168348,8.317640370110633
UGC 09037,24.28,154.0,9.09,665.2668204283361,160.34070442501346,6.340704425013456,0.08579198004854,160.34070442501348,6.3407044250134845,0.0857919800485407,216.86504380794617,62.865043807946165,8.433155700597105
UGC 09037,25.51,150.0,13.4,596.0641003528028,155.89103776330202,5.891037763302023,0.0613627659817711,155.89103776330202,5.891037763302023,0.0613627659817711,215.07310867791438,65.07310867791438,7.487286005035108
UGC 09037,26.73,141.0,20.1,568.9194912083801,154.1484733099792,13.14847330997921,0.218835648135132,154.78405230980448,13.78405230980448,0.2405034089181481,217.11285518938445,76.11285518938445,7.333029613650722
UGC 09037,27.96,152.0,16.0,536.4334942775394,150.5245997899768,-1.4754002100231958,0.0033906632083122,151.92863149622434,-0.071368503775659,7.933743506505082e-06,218.20282222029184,66.20282222029184,6.826812569986863
UGC 09133,0.32,284.0,34.7,114880.0653125,149.0227825641495,-134.9772174358505,11.457747188350886,149.0227825641495,-134.9772174358505,11.457747188350886,194.70646967587152,-89.29353032412848,5.014391988972984
UGC 09133,0.63,282.0,18.8,139494.2058730159,230.8732106667704,-51.12678933322962,3.535038120096887,230.8732106667704,-51.12678933322962,3.535038120096887,300.2586947929508,18.25869479295079,0.4508546136835015
UGC 09133,0.95,281.0,12.6,113672.1005263158,258.1414988283219,-22.858501171678085,0.9591583005646676,258.14149882832186,-22.858501171678142,0.9591583005646726,333.7641222079515,52.764122207951516,5.110603921682286
UGC 09133,1.26,280.0,10.6,91202.62142857142,274.8343586307004,-5.165641369299635,0.0535433236138931,274.8343586307004,-5.165641369299635,0.0535433236138931,345.5508719428335,65.55087194283351,8.622114159374261
UGC 09133,1.58,280.0,10.8,74628.65569620252,278.3363449327358,-1.6636550672641874,0.0055064224551046,278.3363449327358,-1.6636550672641874,0.0055064224551046,351.42439682993796,71.42439682993796,10.149300617779032
UGC 09133,1.89,279.0,7.67,62368.22439153439,266.2293141654075,-12.770685834592484,0.3666362879881706,266.2293141654075,-12.770685834592484,0.3666362879881706,352.84814983548563,73.84814983548563,12.259880673500163
UGC 09133,2.21,279.0,11.2,52979.08606334841,265.70498677407136,-13.295013225928642,0.3456072592632909,265.70498677407136,-13.295013225928642,0.3456072592632909,353.2184848629138,74.21848486291378,10.7703415754469
UGC 09133,2.52,279.0,4.45,45959.68083333333,264.32822456375834,-14.67177543624166,0.5304575364900516,264.32822456375834,-14.67177543624166,0.5304575364900516,352.8440008029932,73.84400080299321,13.437414640354511
UGC 09133,2.84,279.0,5.03,40286.147816901415,262.5358555269343,-16.464144473065687,0.6590504743120654,262.5358555269343,-16.464144473065687,0.6590504743120654,352.28851870488296,73.28851870488296,13.059069343042962
UGC 09133,3.15,279.0,4.26,36188.97587301587,261.75893390584986,-17.241066094150142,0.7355094031558114,261.7589339058499,-17.241066094150085,0.7355094031558066,353.07390822917927,74.07390822917927,13.576584100325901
UGC 09133,3.47,279.0,4.14,33189.63763688761,263.1019600692277,-15.898039930772311,0.6269482671521998,263.1019600692277,-15.898039930772311,0.6269482671521998,356.13889782439026,77.13889782439026,14.760171309297622
UGC 09133,3.79,279.0,5.73,30720.355250659635,264.5437212435218,-14.456278756478184,0.4989674772086969,264.5437212435218,-14.456278756478184,0.4989674772086969,359.28783441093475,80.28783441093475,15.39071155679909
UGC 09133,4.1,280.0,4.52,28556.78841463416,265.2826081341529,-14.717391865847103,0.5329365700324152,265.2826081341529,-14.717391865847048,0.5329365700324111,361.50282301368304,81.50282301368304,16.34402879115278
UGC 09133,4.42,280.0,4.86,26466.278619909503,265.1709131834007,-14.829086816599272,0.5368439786920312,265.1709131834007,-14.829086816599272,0.5368439786920312,362.6793757403501,82.67937574035011,16.6883595726718
UGC 09133,4.73,280.0,1.59,24530.433594080336,264.24032757273545,-15.759672427264547,0.6392517684427006,264.24032757273545,-15.759672427264547,0.6392517684427006,362.6079281071684,82.60792810716839,17.563902806924652
UGC 09133,5.05,281.0,1.85,22637.71061386138,264.13288799296123,-16.86711200703877,0.7305676160416807,264.13288799296123,-16.86711200703877,0.7305676160416807,361.49532610974444,80.49532610974444,16.63873434512414
UGC 09133,5.36,282.0,4.81,20957.146324626865,271.5186145563927,-10.48138544360728,0.2685156377485697,271.5186145563927,-10.48138544360728,0.2685156377485697,359.91745554714186,77.91745554714186,14.838900500202323
UGC 09133,5.68,282.0,20.3,19423.809524647888,281.68552331255273,-0.314476687447268,0.0001239153315388,281.68552331255273,-0.314476687447268,0.0001239153315388,358.32809943486626,76.32809943486626,7.299901970127218
UGC 09133,5.99,283.0,12.8,18133.72128547579,285.1813642466131,2.1813642466131,0.0086540629572274,285.1813642466131,2.1813642466131,0.0086540629572274,357.09173359981503,74.09173359981503,9.983968041295576
UGC 09133,6.31,284.0,8.08,16991.02733755943,286.75203558578403,2.7520355857840286,0.016782468661634,286.75203558578403,2.7520355857840286,0.016782468661634,356.29517656679764,72.29517656679764,11.58154235275968
UGC 09133,6.62,284.0,7.81,16075.981299093655,283.7824388005369,-0.2175611994630912,0.0001058910256975,283.78243880053685,-0.2175611994631481,0.0001058910256976,356.32710830467875,72.32710830467875,11.703034088478017
UGC 09133,6.94,285.0,10.4,15266.534596541787,278.9373671423459,-6.06263285765408,0.07437979028393,278.9373671423459,-6.06263285765408,0.07437979028393,356.8361108209617,71.83611082096172,10.442825841592791
UGC 09133,7.57,286.0,6.82,13861.93064729194,287.95399515632425,1.953995156324254,0.0088277170109773,287.95399515632425,1.953995156324254,0.0088277170109773,357.6691430822897,71.66914308228968,11.875881639808963
UGC 09133,7.89,287.0,13.4,13157.07897338403,254.43075148986944,-32.569248510130535,1.8755851695923336,254.43075148986944,-32.569248510130535,1.8755851695923336,357.1848265304482,70.18482653044822,8.709791843675488
UGC 09133,8.2,287.0,10.5,12468.588951219514,259.9886440012433,-27.0113559987567,1.4702536078419537,259.9886440012433,-27.0113559987567,1.4702536078419537,356.0016402054914,69.00164020549141,9.59441078296844
UGC 09133,8.31,288.0,2.93,12241.04969915764,264.9074113034895,-23.09258869651052,1.3514649260683955,264.9074113034894,-23.09258869651057,1.3514649260684024,355.6291955030653,67.62919550306532,11.591188827529463
UGC 09133,8.52,288.0,5.58,11840.053122065729,255.0218067651236,-32.97819323487644,2.6072076880292645,255.0218067651236,-32.978193234876414,2.60720768802926,355.12314510141994,67.12314510141994,10.801063173355946
UGC 09133,8.83,288.0,5.74,11314.930147225366,267.3299308517251,-20.67006914827488,1.0198214731256725,267.3299308517252,-20.67006914827482,1.0198214731256667,354.77408781831093,66.77408781831093,10.642807845104018
UGC 09133,9.15,288.0,7.0,10803.509595628417,281.903849589332,-6.096150410667974,0.0854322984585915,281.903849589332,-6.096150410667974,0.0854322984585915,354.30498229255187,66.30498229255187,10.1065532800359
UGC 09133,9.78,289.0,12.7,9830.24263803681,279.2685659665897,-9.731434033410324,0.1730358828895407,279.2685659665897,-9.731434033410324,0.1730358828895407,352.3873851774724,63.387385177472424,7.341556760834751
UGC 09133,10.1,289.0,3.89,9347.465584158415,281.21724724763925,-7.78275275236075,0.1510007311914923,281.21724724763925,-7.78275275236075,0.1510007311914923,350.8462297430872,61.84622974308718,9.535402759925525
UGC 09133,11.04,288.0,5.02,8087.500697463769,266.1859386218201,-21.814061378179872,1.1572295985388117,266.1859386218201,-21.814061378179872,1.1572295985388117,346.06706357917767,58.06706357917767,8.199855527154792
UGC 09133,11.36,288.0,3.39,7719.221584507042,271.52328876161624,-16.476711238383757,0.6829871920299337,271.52328876161624,-16.476711238383757,0.6829871920299337,344.6038416750355,56.60384167503548,8.060524705704802
UGC 09133,11.67,288.0,10.7,7391.517652099399,271.46571022716915,-16.534289772830846,0.5462301710162815,271.46571022716915,-16.534289772830846,0.5462301710162815,343.335862719927,55.33586271992698,6.11811964866152
UGC 09133,13.57,285.0,4.07,5854.962593957258,250.8435962803421,-34.1564037196579,2.898066659711912,250.8435962803421,-34.1564037196579,2.898066659711912,338.17287768246524,53.17287768246524,7.023351814910862
UGC 09133,13.88,284.0,8.92,5642.66476945245,253.9658478400785,-30.03415215992149,1.937533069322264,253.9658478400785,-30.03415215992149,1.937533069322264,337.2200123767512,53.220012376751185,6.083707323770679
UGC 09133,14.2,284.0,5.69,5446.016126760564,255.95617580394315,-28.043824196056875,1.8797825103760584,255.95617580394315,-28.043824196056875,1.8797825103760584,336.51278478206785,52.512784782067854,6.591180914893984
UGC 09133,16.61,278.0,9.14,4232.529596628538,227.55324006903712,-50.44675993096288,5.41993814266614,227.5532400690372,-50.446759930962855,5.419938142666134,331.22942723358176,53.22942723358176,6.034362008263361
UGC 09133,19.35,273.0,6.1,3325.733917312661,230.85083901401407,-42.14916098598593,4.197801970233591,230.8508390140141,-42.1491609859859,4.197801970233586,327.59354427232495,54.59354427232495,7.042496812963551
UGC 09133,22.19,269.0,2.26,2612.3267643082463,226.84412858875763,-42.15587141124237,4.543807112010102,226.84412858875763,-42.15587141124237,4.543807112010102,322.23726838983987,53.23726838983987,7.24661639306381
UGC 09133,24.92,265.0,1.32,2156.801488764045,221.9934260677612,-43.00657393223887,4.770088082678416,221.9934260677611,-43.006573932238894,4.770088082678423,319.766787414135,54.766787414135024,7.735550725597868
UGC 09133,27.66,262.0,3.15,1808.5559544468545,214.5312897018508,-47.468710298149176,5.691210924788598,214.5312897018508,-47.468710298149176,5.691210924788598,317.54584432881774,55.545844328817736,7.792789806594103
UGC 09133,30.5,257.0,4.71,1521.565619672131,206.28268557888947,-50.71731442111053,6.301680986814004,206.28268557888947,-50.71731442111053,6.301680986814004,315.00318425117996,58.00318425117996,8.242284261626876
UGC 09133,33.23,252.0,4.96,1297.529816430936,197.6969428649309,-54.30305713506908,7.181710968039522,197.6969428649309,-54.303057135069054,7.181710968039516,312.28097201922657,60.28097201922657,8.84993041328328
UGC 09133,35.96,247.0,2.58,1105.9693298109012,188.10727323638548,-58.89272676361452,8.83304911279622,188.10727323638545,-58.89272676361455,8.833049112796228,308.7460838404569,61.74608384045689,9.709707697703974
UGC 09133,38.8,242.0,2.52,945.0053350515468,178.41707068675416,-63.58292931324584,10.304026452001112,178.4170706867542,-63.58292931324581,10.304026452001104,305.27420594182087,63.27420594182087,10.20420812000691
UGC 09133,41.54,238.0,2.3,821.45859894078,169.7067157499687,-68.29328425003129,11.919478324658366,169.7067157499687,-68.29328425003129,11.919478324658366,302.47550708303123,64.47550708303123,10.624066583899436
UGC 09133,44.27,235.0,0.63,722.9204291845491,162.3094537150732,-72.6905462849268,13.674839314707452,162.30945371507318,-72.69054628492682,13.674839314707466,300.29780449032995,65.29780449032995,11.034776084532131
UGC 09133,47.11,236.0,1.4,641.33796221609,156.13112578602875,-79.86887421397125,16.442512290460776,156.13112578602875,-79.86887421397125,16.442512290460776,298.7632172263324,62.763217226332415,10.153679339622101
UGC 09133,49.84,239.0,2.07,574.3155959069021,150.82917997955244,-88.17082002044756,19.919021983884484,150.82917997979882,-88.17082002020118,19.91902198377316,297.3018430359033,58.30184303590329,8.709291344305417
UGC 09133,52.58,242.0,2.63,513.4181780144542,145.81541932593157,-96.18458067406844,23.54562392059588,145.81541932705366,-96.18458067294634,23.54562392004651,295.365756494269,53.36575649426902,7.2481075927393706
UGC 09133,55.42,245.0,1.64,461.3048646697943,141.28389442254965,-103.71610557745036,27.675118027734285,141.28389442459235,-103.71610557540764,27.67511802664416,293.82544539891813,48.825445398918134,6.13323360955049
UGC 09133,58.15,247.0,1.31,421.4955477214102,137.67929726439814,-109.32070273560186,30.82414180532051,137.67929726730995,-109.32070273269004,30.824141803678483,293.1338820426083,46.13388204260832,5.489416282484267
UGC 09133,60.89,246.0,2.14,389.42960256199706,134.9244297105327,-111.07557028946728,31.58839405624457,134.9244297142602,-111.0755702857398,31.588394054124496,293.1374010262381,47.13740102623808,5.688813689983785
UGC 09133,63.62,243.0,4.0,358.32051870480984,132.1168103993773,-110.8831896006227,30.58478043782996,132.1168104039246,-110.8831895960754,30.5847804353214,292.5080975248982,49.508097524898176,6.097143583419972
UGC 09133,66.46,239.0,4.67,328.78998946734885,129.21871423522214,-109.78128576477786,29.55288789471691,129.2187142406252,-109.7812857593748,29.552887891807927,291.6604077755728,52.66040777557282,6.800044204747886
UGC 09133,69.19,234.0,5.12,303.4356597774245,126.3144536363917,-107.6855463636083,28.131421162455343,126.31445364269428,-107.68554635730572,28.13142115916241,290.83513892195924,56.83513892195924,7.836293482902117
UGC 09133,71.93,230.0,2.1,281.37785207840955,123.84362329574276,-106.15637670425724,28.86497865058828,123.84362330287225,-106.15637669712775,28.864978646711123,290.23264589643156,60.23264589643156,9.29272209135246
UGC 09133,74.77,228.0,1.32,261.68637287682225,121.80334461711251,-106.19665538288749,29.085623894915187,121.80334462496828,-106.19665537503172,29.08562389061205,289.88189323892385,61.88189323892385,9.876063878579101
UGC 09133,77.5,228.0,1.6,245.45732387096777,120.20212282799916,-107.79787717200084,29.90627527998193,120.20212283647072,-107.79787716352928,29.906275275281416,289.8379940867339,61.837994086733886,9.841305107759252
UGC 09133,80.23,227.0,3.16,230.7176878972953,118.91368664296138,-108.08631335703862,29.502717106672428,118.91368665188996,-108.08631334811004,29.502717101798225,289.80344203686667,62.80344203686667,9.960645871158123
UGC 09133,83.07,226.0,3.48,216.5141543276755,117.62325384321024,-108.37674615678976,29.503170747444035,117.62325385254589,-108.37674614745411,29.503170742361185,289.67928926532306,63.679289265323064,10.185747172986913
UGC 09133,85.81,224.0,3.71,203.6702913413356,114.41022035927124,-109.58977964072876,30.042517078705888,114.41022037024088,-109.58977962975912,30.04251707269154,289.4273469873136,65.42734698731363,10.708159471544187
UGC 09133,88.54,222.0,1.49,191.49928732776144,110.50511854420895,-111.49488145579105,32.02077530462976,110.505118557451,-111.494881442549,32.02077529702367,288.98998121208155,66.98998121208155,11.559570415841524
UGC 09133,91.38,222.0,1.18,179.86419457211645,108.16986837234842,-113.83013162765158,33.44747823232589,108.16986838688231,-113.83013161311769,33.4474782237847,288.51996989696136,66.51996989696136,11.422284988277118
UGC 09133,94.12,224.0,1.22,169.70069804504885,107.98606175173508,-116.01393824826492,34.734546551257345,107.98606176589082,-116.01393823410918,34.73454654278089,288.13372063708925,64.13372063708925,10.614857432522387
UGC 09133,99.69,227.0,2.8,152.28893369445282,109.9961828172101,-117.0038171827899,34.76003766845349,109.9961828283762,-117.0038171716238,34.76003766181894,287.8107557501917,60.810755750191674,9.389467842041109
UGC 09133,108.31,229.0,4.12,129.36324808420275,110.18551883534002,-118.81448116465998,35.031706566043255,110.18551884330962,-118.81448115669038,35.03170656134368,286.8694833167862,57.869483316786216,8.3103966389721
UGC 11455,0.62,35.1,4.01,8177.600645161292,68.05447699344698,32.95447699344698,2.7009482784938283,68.054476993447,32.954476993446995,2.700948278493831,82.37408800307948,47.27408800307948,5.5581944904085105
UGC 11455,1.23,64.6,4.19,10316.072845528455,107.67338239880596,43.073382398805975,4.597418478555444,107.67338239880598,43.07338239880599,4.597418478555446,127.45974408210549,62.85974408210549,9.79132127123787
UGC 11455,1.83,80.1,6.32,10668.443825136614,133.64176691167242,53.541766911672426,6.730301571348286,133.64176691167242,53.541766911672426,6.730301571348286,157.63070859691317,77.53070859691317,14.112262070034506
UGC 11455,2.47,113.0,10.4,10250.177530364374,152.63958211520963,39.63958211520964,3.179732212782191,152.63958211520963,39.63958211520964,3.179732212782191,180.14733082062867,67.14733082062867,9.124097531841809
UGC 11455,3.08,136.0,7.59,9520.916168831169,165.11789055288185,29.11789055288185,1.9112625541544568,165.11789055288187,29.117890552881875,1.911262554154461,195.19689362626895,59.196893626268945,7.899477523065519
UGC 11455,3.68,150.0,7.75,8892.620217391304,174.1508546917339,24.15085469173391,1.3075830905786654,174.15085469173394,24.15085469173394,1.3075830905786685,207.5491073107185,57.54910731071851,7.4247437349263725
UGC 11455,4.32,171.0,9.19,8374.963912037038,184.87296552927376,13.872965529273756,0.409090609254334,184.87296552927373,13.872965529273728,0.4090906092543322,219.52103152731158,48.52103152731158,5.004272450658764
UGC 11455,4.91,192.0,9.16,8033.802871690429,192.6550862411605,0.6550862411604896,0.0009132429648801,192.6550862411605,0.6550862411604896,0.0009132429648801,230.1779954131491,38.17799541314909,3.1018130742992485
UGC 11455,5.53,197.0,9.96,8211.100922242314,207.52746564865808,10.52746564865808,0.2284154318198371,207.52746564865808,10.52746564865808,0.2284154318198371,246.4144227457765,49.414422745776506,5.032516742109496
UGC 11455,6.17,195.0,12.4,8591.646288492708,225.9162399826793,30.916239982679315,1.7708127587568905,225.9162399826793,30.916239982679315,1.7708127587568905,265.04755320347647,70.04755320347647,9.090447068685835
UGC 11455,6.78,196.0,7.09,9453.596651917404,249.0015205254564,53.00152052545633,6.4390707870008566,249.0015205254564,53.00152052545633,6.4390707870008566,288.7756516044722,92.77565160447222,19.729431353414125
UGC 11455,7.38,216.0,5.99,10287.728631436314,269.1091363976731,53.109136397673126,6.685739310544983,269.1091363976732,53.10913639767318,6.685739310544996,311.85923830792746,95.85923830792746,21.781054780673525
UGC 11455,8.0,225.0,5.24,10365.1202,279.0686437176634,54.068643717663406,7.070660288909002,279.0686437176634,54.068643717663406,7.070660288909002,325.694683796647,100.69468379664698,24.523480388089904
UGC 11455,8.62,240.0,6.15,9814.331740139212,280.3311155750209,40.33111557502088,3.837924799947363,280.3311155750209,40.33111557502088,3.837924799947363,330.61124783509547,90.61124783509547,19.372256626849904
UGC 11455,9.23,247.0,4.37,9475.603824485372,284.18039747573494,37.180397475734935,3.412472315768491,284.18039747573494,37.180397475734935,3.412472315768491,337.25365625466884,90.25365625466884,20.10808393580875
UGC 11455,9.85,254.0,6.48,9291.60747208122,291.74661439804413,37.74661439804413,3.3290627512080464,291.74661439804413,37.74661439804413,3.3290627512080464,345.6360801453942,91.6360801453942,19.619998916828763
UGC 11455,10.43,257.0,7.41,9127.337842761266,299.2345447696576,42.23454476965759,4.045643007919816,299.23454476965765,42.234544769657646,4.045643007919828,353.1077647969207,96.10776479692072,20.94926914307139
UGC 11455,11.05,273.0,5.38,8886.996425339366,306.27419808179127,33.27419808179127,2.668242439194942,306.27419808179127,33.27419808179127,2.668242439194942,359.55666976209704,86.55666976209704,18.05556860221448
UGC 11455,11.67,272.0,5.98,8610.574207369322,305.4561625283709,33.45616252837095,2.653911583744639,305.4561625283709,33.45616252837095,2.653911583744639,364.8382771231986,92.83827712319862,20.435644738585758
UGC 11455,12.19,270.0,20.9,8417.342247744053,306.4357431660249,36.435743166024906,1.6134507116594723,306.43574316602496,36.43574316602496,1.6134507116594778,369.49940707546284,99.49940707546284,12.032099765886006
UGC 11455,12.91,279.0,9.4,8130.340170410534,309.6305959636466,30.630595963646613,1.9778931804708748,309.6305959636466,30.630595963646613,1.9778931804708748,375.01930511700004,96.01930511700004,19.43609696254227
UGC 11455,14.56,287.0,10.8,7364.830686813187,312.9611309102321,25.9611309102321,1.3408807857277747,312.9611309102321,25.9611309102321,1.3408807857277747,382.9528130649841,95.95281306498413,18.317170012501567
UGC 11455,16.63,291.0,10.0,6050.520006013228,303.18208009174185,12.182080091741852,0.305356122143237,303.1820800917419,12.18208009174191,0.3053561221432398,379.11588852246285,88.11588852246285,15.976151872640123
UGC 11455,17.77,286.0,9.67,5445.929909960609,297.6213827202397,11.621382720239694,0.2816559532686166,297.6213827202397,11.621382720239694,0.2816559532686166,376.4423710564754,90.4423710564754,17.05875007182803
UGC 11455,18.49,288.0,6.96,5141.170281233099,296.5458061622743,8.545806162274289,0.1681026931195475,296.5458061622743,8.545806162274289,0.1681026931195475,375.7187552650626,87.71875526506261,17.711425483314557
UGC 11455,20.24,289.0,6.63,4576.519723320159,294.0371631262836,5.037163126283588,0.0590129205061973,294.03716312628364,5.0371631262836445,0.0590129205061986,376.35162749223423,87.35162749223423,17.746678389257273
UGC 11455,22.62,288.0,10.0,3969.508492484527,292.34969820799193,4.349698207991935,0.0389297829230622,292.34969820799193,4.349698207991935,0.0389297829230622,377.55606871323664,89.55606871323664,16.50265317565836
UGC 11455,24.89,269.0,8.23,3409.3426275612696,285.4496453117673,16.449645311767313,0.5963659035590065,285.44964531176726,16.449645311767256,0.5963659035590024,374.8550126950554,105.8550126950554,24.69577082171105
UGC 11455,27.06,267.0,7.11,2855.081300813008,273.1997078952393,6.199707895239328,0.0880453398031824,273.1997078952394,6.199707895239385,0.088045339803184,367.0418304304942,100.0418304304942,22.92594133869418
UGC 11455,29.13,272.0,5.36,2421.86373498112,261.8769548409505,-10.123045159049523,0.2470912211044401,261.87695484095053,-10.123045159049468,0.2470912211044373,359.6798539415866,87.6798539415866,18.53679309896848
UGC 11455,31.3,274.0,5.78,2069.9094504792333,251.4398606772908,-22.560139322709205,1.2135185806007942,251.4398606772908,-22.560139322709205,1.2135185806007942,353.4184711155798,79.41847111557979,15.03854847527179
UGC 11455,33.46,259.0,5.81,1796.798233711895,241.62987021161555,-17.370129788384475,0.7188017252526447,241.62987021161555,-17.370129788384446,0.7188017252526423,348.4992820502886,89.49928205028863,19.082799481692145
UGC 11455,35.53,272.0,6.69,1551.2021446664787,230.2711330630466,-41.72886693695341,4.042422929917796,230.27113306304656,-41.72886693695344,4.0424229299178025,342.13627401139723,70.13627401139723,11.419680260364961
UGC 11455,37.7,274.0,6.39,1339.2277586206897,219.3692257541414,-54.63077424585859,6.992261113215164,219.3692257541414,-54.63077424585859,6.992261113215164,336.0215234286319,62.021523428631895,9.012137016893377
UGC 11455,39.87,272.0,5.59,1189.3351642839227,211.8122475193969,-60.187752480603024,8.682042048043682,211.8122475193969,-60.187752480603024,8.682042048043682,332.6751587960124,60.6751587960124,8.823227463279808
UGC 11455,41.93,266.0,8.82,1064.3393512997852,204.85268129691264,-61.147318703087336,8.06178493778021,204.8526812969127,-61.14731870308731,8.061784937780203,329.3820947968196,63.382094796819615,8.661827879958853
UGC 11557,0.33,4.0,7.9,1467.538484848485,34.56821198191009,30.56821198191009,2.083841983387952,34.56821198191009,30.56821198191009,2.083841983387952,32.3823520871839,28.382352087183897,1.7964762382660333
UGC 11557,0.99,17.0,8.6,2267.667171717172,71.7166574028924,54.7166574028924,6.509071652633923,71.7166574028924,54.7166574028924,6.509071652633923,64.83072172603786,47.830721726037865,4.973862815970238
UGC 11557,1.76,33.3,7.9,1973.4639204545456,84.168032306229,50.868032306229,5.77051517742146,84.168032306229,50.868032306229,5.77051517742146,82.47032557975184,49.17032557975185,5.391764049907002
UGC 11557,2.42,44.9,10.5,2023.241652892562,102.92132745490989,58.02132745490989,6.783827586155929,102.92132745490989,58.02132745490989,6.783827586155929,97.51831990698379,52.61831990698379,5.579219324601889
UGC 11557,3.19,53.0,7.9,2066.6949843260186,121.49972396009152,68.49972396009152,10.464111377107416,121.49972396009152,68.49972396009153,10.464111377107418,112.76767047014067,59.76767047014067,7.966313047049185
UGC 11557,3.85,60.8,7.9,1843.431168831169,126.71800222919958,65.91800222919959,9.690200972076363,126.71800222919958,65.91800222919959,9.690200972076363,119.22613178143962,58.42613178143962,7.612704611721748
UGC 11557,4.62,69.0,7.9,1667.7198701298703,121.90986596292808,52.90986596292808,6.243067541346123,121.90986596292808,52.90986596292808,6.243067541346123,126.34190965355452,57.341909653554524,7.332786072381101
UGC 11557,5.28,76.6,7.9,1601.5321401515148,127.34111284197684,50.74111284197686,5.7417553855672905,127.34111284197684,50.74111284197686,5.7417553855672905,133.27861475581082,56.67861475581083,7.164125177042475
UGC 11557,5.94,85.0,7.9,1539.1380471380469,144.00282355058087,59.00282355058087,7.763727809239269,144.00282355058087,59.00282355058087,7.763727809239269,139.53606985290548,54.536069852905484,6.632731016259642
UGC 11557,7.04,78.1,6.7,1326.8071022727274,160.59107649258593,82.49107649258593,15.792377871163554,160.59107649258593,82.49107649258593,15.792377871163554,144.77060474176145,66.67060474176145,10.31578717684835
UGC 11557,8.8,81.6,6.7,1006.4835113636364,154.58798402585526,72.98798402585527,12.363354480629637,154.5879840258553,72.9879840258553,12.363354480629646,148.27215658123873,66.67215658123874,10.316267407443235
UGC 11557,10.56,84.5,6.7,697.8250473484848,136.76807265067467,52.26807265067467,6.340252543842292,136.76807265067467,52.26807265067467,6.340252543842292,145.1017945292593,60.60179452925931,8.52323678935822
UGC 11820,0.26,16.0,5.09,280.4523076923077,15.84126968408171,-0.1587303159182891,6.116731666971315e-05,17.64105812089465,1.6410581208946518,0.006538040296256,17.43296978947047,1.4329697894704694,0.0049850984176689934
UGC 11820,0.44,18.9,4.44,439.11295454545456,25.28353405346209,6.383534053462093,0.1004390954893061,26.2960718805534,7.396071880553404,0.1348288035262134,25.805379780284156,6.905379780284157,0.11753184983189441
UGC 11820,0.61,25.8,3.36,549.3785245901638,31.839229678487097,6.0392296784870965,0.0918027935025718,32.13458968925611,6.334589689256109,0.1010019555790783,32.45879969628117,6.658799696281168,0.1116052708029462
UGC 11820,0.79,35.8,3.79,585.2215189873418,36.99869271323369,1.1986927132336902,0.0035888937613525,37.06239046537948,1.2623904653794824,0.0039804510121687,37.640982156079374,1.8409821560793773,0.008465332678436136
UGC 11820,1.01,44.1,7.91,602.149405940594,41.06204980226482,-3.037950197735178,0.0205746717252502,41.06204980226482,-3.037950197735178,0.0205746717252502,42.92515175636765,-1.1748482436323542,0.003077054288002262
UGC 11820,5.26,59.65,0.98,190.98374524714828,56.25590653544043,-3.3940934645595675,0.0297701533442852,66.43928756522115,6.789287565221152,0.1191192319505214,70.38500814198302,10.735008141983023,0.297809284382696
UGC 11820,7.91,69.15,1.23,177.57302149178255,67.19177617561567,-1.9582238243843333,0.0098955171463618,80.45692596960141,11.306925969601409,0.3299156618580872,84.58524770004972,15.435247700049715,0.6148101690598945
UGC 11820,10.52,76.95,0.54,164.68155893536124,70.9655382857976,-5.984461714202396,0.0927117804496765,85.43505078538864,8.485050785388637,0.1863775625217434,95.53378016503723,18.583780165037226,0.8940315689557603
UGC 11820,13.14,81.25,0.73,122.9107610350076,64.8023021014469,-16.447697898553102,0.6998803107369854,81.12198094165159,-0.1280190583484142,4.239970077686707e-05,98.53308578822491,17.28308578822491,0.7727804136805478
UGC 11820,15.82,84.45,1.31,97.39047408343868,63.21035274753673,-21.23964725246327,1.1635385154474385,82.38220113596905,-2.067798864030948,0.01102815215073,101.49726419817235,17.047264198172343,0.7495412665150829
UGC 11914,0.28,168.0,49.7,166191.3914285714,167.4193514035087,-0.5806485964913009,0.0001180469777238,167.4193514035087,-0.5806485964913009,0.0001180469777238,218.05561809613445,50.05561809613445,0.8772709904050863
UGC 11914,0.37,187.0,40.2,139699.82432432432,176.51111647218147,-10.48888352781853,0.0549522874968246,176.51111647218147,-10.48888352781853,0.0549522874968246,230.2704246482833,43.270424648283296,0.9352109094936977
UGC 11914,0.47,204.0,26.9,119385.21914893616,184.38549670119923,-19.61450329880077,0.3467242902088719,184.38549670119923,-19.61450329880077,0.3467242902088719,240.41736040585556,36.41736040585556,1.1952164624777863
UGC 11914,0.56,218.0,23.5,106231.92089285716,192.442485653238,-25.55751434676202,0.6961753685957329,192.442485653238,-25.55751434676202,0.6961753685957329,247.9834932063475,29.983493206347504,0.9581773139942307
UGC 11914,0.65,232.0,8.63,95808.31092307692,206.9248474722065,-25.07515252779348,1.3654610563355245,206.9248474722065,-25.07515252779348,1.3654610563355245,254.15698676132064,22.15698676132064,1.0661383064847294
UGC 11914,0.75,243.0,4.97,87259.3544,217.64509496856505,-25.35490503143496,1.565302654932301,217.64509496856505,-25.35490503143496,1.565302654932301,260.9843529594414,17.984352959441424,0.7875243306497977
UGC 11914,0.84,253.0,3.65,82193.8348809524,230.0393571549091,-22.960642845090888,1.3202139119629457,230.0393571549091,-22.960642845090888,1.3202139119629457,268.37366537147847,15.373665371478467,0.591876458136459
UGC 11914,0.93,262.0,2.86,78604.70419354839,244.0089499499116,-17.991050050088432,0.8211431588666359,244.0089499499116,-17.991050050088432,0.8211431588666359,276.4009133136094,14.400913313609408,0.5261213524649493
UGC 11914,1.03,269.0,3.8,75004.92922330096,255.18806101687773,-13.811938983122246,0.4764001060670562,255.18806101687773,-13.811938983122246,0.4764001060670562,284.4244431759057,15.424443175905708,0.5941300751342128
UGC 11914,1.12,275.0,5.39,71860.8232142857,254.399154546974,-20.60084545302601,1.0225097846257434,254.399154546974,-20.60084545302601,1.0225097846257434,290.5806603300584,15.580660330058379,0.5848831419492996
UGC 11914,1.21,280.0,5.01,68774.84123966942,245.38729414729903,-34.61270585270094,2.914227961621994,245.38729414729903,-34.61270585270094,2.914227961621994,295.7696251519552,15.76962515195521,0.6049161200232702
UGC 11914,1.3,284.0,10.0,65688.48753846154,240.51199768146324,-43.48800231853676,3.891371081598885,240.51199768146324,-43.48800231853676,3.891371081598885,299.9403454325906,15.940345432590618,0.5228284208031123
UGC 11914,1.41,287.0,6.59,62049.82510638298,244.3981307232196,-42.60186927678038,4.226363542292375,244.3981307232196,-42.60186927678038,4.226363542292375,304.0264524271757,17.026452427175684,0.6750840996545796
UGC 11914,1.5,289.0,3.56,59249.53519999999,248.619842219459,-40.380157780541,4.089955147221651,248.619842219459,-40.380157780541,4.089955147221651,306.7882291433517,17.788229143351714,0.7936845982688274
UGC 11914,1.59,290.0,6.13,56630.97081761006,247.40614988348136,-42.59385011651864,4.283132691486374,247.40614988348136,-42.59385011651864,4.283132691486374,309.17492922248385,19.174929222483854,0.8680310722498447
UGC 11914,1.68,291.0,10.2,54142.08791666668,247.83002060594168,-43.169979394058345,3.803051018046327,247.83002060594168,-43.169979394058345,3.803051018046327,311.133122623642,20.13312262364201,0.8271623267051786
UGC 11914,1.78,292.0,8.61,51553.81286516853,254.9400021798602,-37.05999782013981,2.9848894229043523,254.9400021798602,-37.05999782013981,2.9848894229043523,312.95561250349283,20.95561250349283,0.9543730928499556
UGC 11914,1.87,292.0,11.2,49380.17411764706,268.18173549532355,-23.81826450467645,1.109240036005651,268.18173549532355,-23.81826450467645,1.109240036005651,314.34335022783137,22.343350227831365,0.9761170409110198
UGC 11914,1.96,291.0,5.15,47399.24637755102,275.41388621628084,-15.586113783719156,0.588881680099971,275.41388621628084,-15.586113783719156,0.588881680099971,315.7014950793554,24.701495079355425,1.4791044346803393
UGC 11914,2.05,291.0,4.92,45623.19439024391,276.9901623948402,-14.009837605159817,0.4784799791591504,276.9901623948402,-14.009837605159817,0.4784799791591504,317.1524387321432,26.152438732143196,1.6673314985785295
UGC 11914,2.16,291.0,9.32,43641.9824537037,288.8278129648845,-2.172187035115485,0.0099783711192173,288.8278129648845,-2.172187035115485,0.0099783711192173,318.8754006872828,27.87540068728282,1.643264432690287
UGC 11914,2.25,290.0,7.19,42154.046622222224,293.846421406924,3.84642140692398,0.0338018950583362,293.846421406924,3.84642140692398,0.0338018950583362,320.23733597498995,30.237335974989946,2.0888842438039115
UGC 11914,2.34,290.0,12.2,40781.3744017094,245.5788126939824,-44.42118730601766,3.689405956316477,245.57881269398231,-44.421187306017686,3.689405956316482,321.59479371649087,31.59479371649087,1.8664104965739492
UGC 11914,2.43,290.0,7.94,39544.74115226338,253.546858569448,-36.45314143055202,2.959248322781637,253.546858569448,-36.45314143055202,2.959248322781637,323.0750052529479,33.0750052529479,2.4361909901010312
UGC 11914,2.46,290.0,5.16,39165.85573170732,256.4127432335901,-33.587256766409894,2.733964681524237,256.4127432335901,-33.587256766409894,2.733964681524237,323.61714214621344,33.61714214621344,2.738832118217386
UGC 11914,2.53,290.0,3.56,38303.71830039526,244.98383525543704,-45.01616474456296,5.082992925314424,244.98383525543704,-45.01616474456296,5.082992925314424,324.8270115860174,34.82701158601742,3.04239040661983
UGC 11914,2.62,290.0,3.79,37245.0695038168,258.1309711519125,-31.86902884808751,2.5367783967649293,258.1309711519125,-31.86902884808751,2.5367783967649293,326.3025016309231,36.302501630923075,3.2916828073825113
UGC 11914,2.71,290.0,5.65,36274.03789667897,265.4407251901681,-24.55927480983189,1.4432292570628364,265.4407251901681,-24.55927480983189,1.4432292570628364,327.84204797550626,37.84204797550626,3.4265218909738464
UGC 11914,2.8,290.0,9.38,35329.27975,258.6355771090639,-31.364422890936112,2.075441772517149,258.6355771090639,-31.364422890936112,2.075441772517149,329.21828069878273,39.218280698782735,3.244987685182285
UGC 11914,2.99,290.0,10.6,33395.214749163875,249.3041454842908,-40.69585451570924,3.3232052627894944,249.3041454842908,-40.695854515709215,3.32320526278949,331.5266519539976,41.5266519539976,3.4602753481588664
UGC 11914,3.28,291.0,15.3,30665.5325,249.4409897446832,-41.55901025531679,2.7853236359262787,249.4409897446832,-41.55901025531679,2.7853236359262787,333.9693612428869,42.96936124288692,2.9775774575008667
UGC 11914,3.74,292.0,18.8,26790.967807486628,247.22920751115964,-44.77079248884036,2.710732256949589,247.22920751115967,-44.77079248884033,2.7107322569495853,335.45374392589133,43.45374392589133,2.5535917196485687
UGC 11914,3.83,292.0,15.2,26103.611958224545,245.63842019412925,-46.36157980587075,3.483398292000717,245.63842019412925,-46.36157980587075,3.483398292000717,335.5173420028639,43.51734200286393,3.0691025784296397
UGC 11914,4.02,292.0,19.8,24755.15049751244,244.65509626501904,-47.34490373498096,2.881008572405807,244.65509626501904,-47.34490373498096,2.881008572405807,335.65437688186773,43.654376881867734,2.4493658692922575
UGC 11914,4.09,292.0,2.4,24278.132762836187,245.1600677370735,-46.83993226292651,5.600314617101143,245.1600677370735,-46.83993226292651,5.600314617101143,335.6297145593316,43.6297145593316,4.8589748635101895
UGC 11914,4.12,292.0,9.0,24077.810922330096,250.304143540304,-41.69585645969599,3.7227932460547577,250.30414354030404,-41.69585645969596,3.722793246054752,335.6134811977691,43.61348119776909,4.073095807683422
UGC 11914,4.3,291.0,8.71,22900.43723255814,262.4367761122728,-28.56322388772719,1.766445495245093,262.4367761122728,-28.56322388772719,1.766445495245093,335.2889255224985,44.288925522498516,4.246939573648223
UGC 11914,4.39,291.0,7.92,22325.792186788152,265.86763879590427,-25.13236120409573,1.4076184946843693,265.86763879590427,-25.13236120409573,1.4076184946843693,334.9756517116547,43.97565171165468,4.3096593903651685
UGC 11914,4.49,291.0,8.84,21718.205523385303,279.91931270269004,-11.080687297309964,0.2645325755124392,279.91931270269004,-11.080687297309964,0.2645325755124392,334.650960881309,43.650960881309004,4.105191099218799
UGC 11914,4.58,290.0,4.2,21187.247794759824,291.0496138539205,1.0496138539205049,0.0027293856960208,291.04961385392056,1.0496138539205615,0.0027293856960211,334.3084816441031,44.3084816441031,4.863842893682047
UGC 11914,4.87,289.0,10.6,19597.01628336756,287.53275985996873,-1.4672401400312651,0.0043197560569045,287.53275985996873,-1.4672401400312651,0.0043197560569045,333.0901540249662,44.09015402496618,3.9006775863737895
UGC 11914,4.91,288.0,2.26,19390.6182892057,267.15474258321626,-20.84525741678374,1.111010772411422,267.15474258321626,-20.84525741678374,1.111010772411422,332.90622377025755,44.906223770257554,5.156046400797234
UGC 11914,4.96,288.0,6.97,19137.416733870967,244.55683980656863,-43.44316019343134,4.342823551592206,244.55683980656863,-43.44316019343134,4.342823551592206,332.6763410943371,44.67634109433709,4.59287431540952
UGC 11914,5.05,287.0,3.23,18698.294891089103,242.7303281609649,-44.26967183903511,4.943595359355539,242.7303281609649,-44.26967183903514,4.9435953593555455,332.2912883584023,45.29128835840231,5.174395972594477
UGC 11914,5.14,287.0,10.2,18269.86486381324,251.8743988040036,-35.12560119599647,2.5177696910052005,251.8743988040036,-35.12560119599641,2.5177696910051925,331.86622284360226,44.86622284360226,4.107782940681939
UGC 11914,5.24,286.0,10.3,17813.270935114506,257.0348710900263,-28.96512890997372,1.7049293681468731,257.0348710900263,-28.96512890997372,1.7049293681468731,331.4079356983108,45.40793569831078,4.190047805039579
UGC 11914,5.33,286.0,17.8,17414.408424015008,266.14597616867,-19.854023831329982,0.5608421010400928,266.14597616867,-19.854023831329982,0.5608421010400928,330.9710356722334,44.97103567223343,2.8774600896836997
UGC 11914,5.42,285.0,11.4,17031.56520295203,271.22212593829863,-13.777874061701368,0.3679157563766635,271.22212593829863,-13.777874061701368,0.3679157563766635,330.55429618958834,45.55429618958834,4.022005390589857
UGC 11914,5.51,285.0,12.0,16660.62945553539,270.2266381411666,-14.773361858833423,0.4117966426642154,270.2266381411665,-14.773361858833482,0.4117966426642186,330.1293764985062,45.12937649850619,3.8427558927243823
UGC 11914,5.61,284.0,4.03,16270.489429590016,278.83810621554045,-5.161893784459551,0.0662417656733617,278.83810621554045,-5.161893784459551,0.0662417656733617,329.72393781071514,45.72393781071514,5.197578090438207
UGC 11914,5.71,284.0,4.73,15904.8791943958,284.0995593352415,0.0995593352415085,2.4272083759062065e-05,284.0995593352416,0.0995593352415653,2.4272083759089783e-05,329.41173575725685,45.41173575725685,5.049859440934793
UGC 11914,5.8,283.0,6.44,15586.760775862069,279.6396911448838,-3.360308855116216,0.0264149074978488,279.6396911448838,-3.360308855116216,0.0264149074978488,329.12944370476754,46.12944370476754,4.977911095588868
UGC 11914,5.89,283.0,4.96,15275.37640067912,261.47997826508475,-21.520021734915247,1.127884877874866,261.47997826508475,-21.520021734915247,1.127884877874866,328.8170756931623,45.81707569316228,5.1125091209409845
UGC 11914,5.98,283.0,5.37,14977.999882943144,262.4088332273843,-20.59116677261568,1.0220791570317684,262.4088332273843,-20.59116677261568,1.0220791570317684,328.54550916181074,45.54550916181074,5.0005035829951145
UGC 11914,6.08,283.0,11.0,14656.23644736842,231.4321945166666,-51.56780548333339,5.245046474096467,231.43219451666656,-51.567805483333416,5.2450464740964735,328.22488876330135,45.22488876330135,4.034103675844143
UGC 11914,6.15,283.0,1.14,14441.262439024384,231.1343996331207,-51.865600366879335,6.945632015671675,231.13439963312064,-51.86560036687936,6.945632015671683,328.03759116059564,45.03759116059564,5.237249451197374
UGC 11914,6.17,283.0,17.3,14382.00482982172,232.77872251694905,-50.22127748305096,3.680451651168996,232.77872251694905,-50.22127748305096,3.680451651168996,327.9961124222229,44.99611242222289,2.9544428389635358
UGC 11914,6.26,283.0,7.94,14113.408977635783,230.4417798693172,-52.558220130682855,6.151666571587517,230.44177986931712,-52.55822013068288,6.151666571587524,327.74280460234075,44.742804602340755,4.458183044326308
UGC 11914,6.35,283.0,18.3,13851.702141732285,229.9304685918877,-53.06953140811228,3.9068029295407287,229.9304685918877,-53.06953140811228,3.9068029295407287,327.479812783746,44.47981278374601,2.744459966537329
UGC 11914,6.73,284.0,10.5,12813.23970282318,227.6643853643377,-56.335614635662296,6.395368214363422,227.6643853643377,-56.335614635662296,6.395368214363422,326.22845317727155,42.22845317727155,3.593435280090711
UGC 11914,6.83,284.0,9.37,12553.705300146414,227.0149245771649,-56.985075422835024,6.853778108185589,227.0149245771649,-56.985075422835024,6.853778108185589,325.8321387063181,41.83213870631812,3.6934134198527655
UGC 11914,6.92,285.0,12.9,12324.237471098264,226.4149280714809,-58.585071928519056,6.213158076192958,226.4149280714809,-58.585071928519056,6.213158076192958,325.4470981052071,40.44709810520709,2.961510010919873
UGC 11914,7.37,288.0,1.24,11240.41158751696,223.1808049605902,-64.8191950394098,10.841601035762851,223.18080496059017,-64.81919503940983,10.84160103576286,323.2333651556618,35.23336515566177,3.2032763277478136
UGC 11914,8.6,297.0,2.13,8705.21034883721,212.96932113814967,-84.03067886185033,18.08063460836459,212.96932113814967,-84.03067886185033,18.08063460836459,314.5732622050206,17.573262205020626,0.7907563780180731
UGC 11914,9.83,305.0,5.07,6760.152655137335,205.1460192089705,-99.8539807910295,24.218359994780943,205.1460192089705,-99.8539807910295,24.218359994780943,304.2678426270898,-0.7321573729101942,0.0013020355567950664
UGC 12506,0.82,107.0,25.6,1384.42,52.19661131247619,-54.80338868752381,2.8841240412881346,52.19661131247619,-54.80338868752381,2.8841240412881346,50.09014156612126,-56.90985843387874,3.110098320431089
UGC 12506,2.46,159.0,26.5,2794.9538617886183,126.48703526837846,-32.51296473162154,0.9713695158646136,126.48703526837848,-32.51296473162152,0.9713695158646128,109.84577831594801,-49.15422168405199,2.220204465302023
UGC 12506,4.1,194.0,13.9,3067.0554390243906,164.72107491141543,-29.27892508858457,1.4800425654649385,164.72107491141549,-29.278925088584515,1.4800425654649327,146.51852150703473,-47.481478492965266,3.8923547588576217
UGC 12506,5.74,198.0,14.6,2894.81149825784,176.50565553294777,-21.49434446705223,0.7710909340882215,176.50565553294777,-21.49434446705223,0.7710909340882215,169.8685616320701,-28.13143836792989,1.3208121781304456
UGC 12506,7.38,211.0,13.2,2702.4022222222225,185.07811939586915,-25.92188060413085,1.1993857883314565,185.07811939586915,-25.92188060413085,1.1993857883314565,188.03616601143332,-22.963833988566677,0.9412710114494683
UGC 12506,9.02,222.0,13.6,2750.221119733925,217.7326886327804,-4.267311367219634,0.0318935587515796,217.7326886327804,-4.267311367219662,0.03189355875158,209.15667850806528,-12.843321491934717,0.28890098596257563
UGC 12506,10.65,230.0,11.6,2688.705990610329,240.4323060791623,10.432306079162288,0.2090690989114154,240.4323060791623,10.432306079162288,0.2090690989114154,225.4861500587884,-4.513849941211589,0.039140236076102404
UGC 12506,12.29,239.0,11.6,2518.3876729048006,242.0201277873809,3.0201277873808863,0.0175218454205282,242.0201277873809,3.0201277873809147,0.0175218454205285,236.79315339467027,-2.20684660532973,0.009355639963607179
UGC 12506,13.93,237.0,11.6,2272.669526202441,252.3994878098157,15.399487809815696,0.4555559874071428,252.3994878098157,15.399487809815696,0.4555559874071428,243.36901231125958,6.369012311259581,0.07792438493348725
UGC 12506,15.57,240.0,11.6,2095.458143866409,282.33757453162934,42.33757453162934,3.4433498870855805,282.33757453162934,42.33757453162934,3.4433498870855805,250.30005155439986,10.300051554399857,0.20380179426635725
UGC 12506,17.21,245.0,11.6,1934.449099360837,296.93954796862147,51.93954796862147,5.182335644661001,296.93954796862147,51.93954796862147,5.182335644661001,256.16732104125464,11.167321041254638,0.23956711856164245
UGC 12506,18.85,249.0,11.6,1747.8280159151193,285.994145475454,36.99414547545399,2.6290279688394285,285.994145475454,36.99414547545399,2.6290279688394285,259.1872850976087,10.187285097608708,0.19936371918695342
UGC 12506,20.49,248.0,11.6,1555.2335187896535,266.63568685866807,18.635686858668063,0.6671446609311773,266.63568685866807,18.635686858668063,0.6671446609311773,260.0405750828577,12.040575082857686,0.2784990170699504
UGC 12506,22.13,250.0,11.6,1390.4784139177589,247.4727940086524,-2.5272059913476426,0.0122690374264319,247.4727940086524,-2.5272059913476426,0.0122690374264319,260.5846845159138,10.584684515913807,0.21522119698291362
UGC 12506,23.77,255.0,11.6,1239.0662263357171,230.0889590661224,-24.911040933877644,1.1921007384534494,230.0889590661224,-24.911040933877644,1.1921007384534494,260.245683954026,5.245683954025992,0.05286076560920119
UGC 12506,25.41,244.0,14.9,1103.3007870916963,222.77402164297524,-21.22597835702476,0.741011097207091,222.7740216429752,-21.225978357024783,0.7410110972070931,259.3358521989854,15.335852198985378,0.3868166028011458
UGC 12506,27.05,244.0,11.6,997.0147726432532,219.00867981032337,-24.991320189676628,1.1997965360821785,219.00867981032337,-24.991320189676628,1.1997965360821785,259.18945660275034,15.18945660275034,0.44321421524288446
UGC 12506,28.68,249.0,11.6,915.8862099023712,218.03717707706448,-30.96282292293552,1.8416635995025763,218.0371770770645,-30.962822922935487,1.841663599502573,259.91988848173503,10.919888481735029,0.22906862696620825
UGC 12506,30.32,251.0,11.6,847.3326187335092,219.38943648499696,-31.61056351500304,1.9195245999232389,219.38943648499696,-31.61056351500304,1.9195245999232389,260.89524294355516,9.89524294355516,0.18809711255566738
UGC 12506,31.96,249.0,11.6,784.0364987484354,220.0134167727016,-28.986583227298382,1.6140733194888122,220.0134167727016,-28.986583227298382,1.6140733194888122,261.5473242737811,12.5473242737811,0.30243458281738217
UGC 12506,33.6,244.0,12.9,714.5967053571428,218.23163510725053,-25.76836489274945,1.2020213776830293,218.23163510725053,-25.768364892749418,1.2020213776830266,260.69887868811014,16.698878688110142,0.5047927254036297
UGC 12506,35.24,239.0,16.2,650.3706725312145,217.43350928203088,-21.56649071796912,0.717280738215175,217.43350928203088,-21.56649071796912,0.717280738215175,259.4880843770573,20.488084377057305,0.6473406968129967
UGC 12506,36.88,238.0,18.4,601.4486442516269,215.68118144175185,-22.31881855824816,0.6874926325438918,215.68118144175185,-22.31881855824816,0.6874926325438918,259.29563069811724,21.295630698117236,0.6259024605699918
UGC 12506,38.52,241.0,24.9,567.5869574247143,212.62906394836472,-28.370936051635283,0.8001014030138653,213.8181445049748,-27.18185549502521,0.7344392880313643,260.4507770479305,19.4507770479305,0.37607253185187023
UGC 12506,40.16,237.0,23.0,537.0997136454184,208.95969619365584,-28.04030380634416,0.8592990574339656,211.5389959962484,-25.46100400375167,0.7084838523268399,261.6065369000622,24.606536900062224,0.6617285882121572
UGC 12506,41.8,228.0,14.0,505.1965382775121,202.49195250792832,-25.50804749207168,1.1179733451164682,206.4213425901852,-21.57865740981481,0.8000660749315388,262.0992087463082,34.09920874630819,1.9978626067427856
UGC 12506,43.44,233.0,16.9,481.0974447513812,195.9245931020611,-37.075406897938905,2.0467023967000726,200.648483823707,-32.35151617629299,1.5583755437008786,263.3680906420395,30.368090642039476,1.3731494903934214
UGC 12506,45.08,233.0,13.7,469.5154680567879,197.30168779369603,-35.69831220630397,2.221355600374333,202.6569179164659,-30.34308208353412,1.6048782972129356,266.3777159203779,33.37771592037791,1.9419406300640574
UGC 12506,46.71,230.0,11.6,430.0814600727896,190.5277640243059,-39.472235975694105,2.9930409807147687,197.6646053798872,-32.335394620112794,2.0085633649116708,264.27222184191857,34.272221841918565,2.256387717038728
UGC 12506,48.35,226.0,11.6,415.72216339193375,181.0692056318389,-44.93079436816109,3.87808568186948,187.64572733289864,-38.35427266710136,2.8258994771445334,266.22184373157654,40.22184373157654,3.1078006630693165
UGC 12506,49.99,225.0,11.6,407.5760052010402,172.70960219567112,-52.29039780432888,5.25258510553051,178.18299590874818,-46.81700409125182,4.210526878900203,269.14421638884886,44.14421638884886,3.7434913181679588
UGC 12632,0.71,24.1,7.55,285.59281690140847,26.39754015469204,2.2975401546920367,0.0119157132576504,28.57243851588102,4.47243851588102,0.0451525810313396,28.957160773446276,4.8571607734462745,0.05325480280383341
UGC 12632,1.42,33.6,5.02,285.42492957746475,36.10546427447331,2.5054642744733115,0.0152659171310681,39.002495401622944,5.402495401622943,0.0709798836882382,40.94476199002696,7.34476199002696,0.13119036044260848
UGC 12632,2.14,44.8,3.38,294.00607476635514,43.760803594681015,-1.0391964053189824,0.0027173197439007,47.021362249074,2.221362249073998,0.012416072696118,50.69003720821685,5.890037208216853,0.08729342816943042
UGC 12632,2.85,54.4,2.9,286.9475087719298,51.218167571026285,-3.181832428973713,0.0256688664234394,55.287526849154574,0.8875268491545754,0.0019971702238032,58.0943340061342,3.6943340061341985,0.03460384815009649
UGC 12632,3.55,57.4,2.89,248.6059718309859,51.880246090560085,-5.519753909439913,0.0772601013682371,56.886198149227646,-0.513801850772353,0.000669433082408,62.25579469180404,4.855794691804043,0.059791090472073864
UGC 12632,4.26,61.4,3.44,223.91617370892016,51.44709791600742,-9.952902083992576,0.2489992295611627,56.8935296457075,-4.506470354292496,0.0510471590487006,66.22038057623553,4.820380576235529,0.058406501863464445
UGC 12632,4.97,63.8,3.64,212.3708651911469,54.13019557290326,-9.669804427096736,0.2342021573930183,60.254204938395375,-3.545795061604622,0.0314907331626624,70.47337721067237,6.6733772106723706,0.1115441653439887
UGC 12632,5.69,65.5,3.82,195.5874340949033,56.744575608082414,-8.755424391917586,0.1913602361966563,63.97411502724473,-1.5258849727552717,0.0058122045003358,73.69246349145055,8.192463491450553,0.16754301394322554
UGC 12632,6.4,67.6,3.54,201.66425,62.569189771388125,-5.03081022861187,0.0635057585303293,70.44001226404498,2.8400122640449865,0.0202384695716122,78.82446766800919,11.224467668009197,0.31613220740885745
UGC 12632,7.11,69.2,2.91,193.6355133614628,64.93112350643403,-4.268876493565969,0.0461971614873803,73.52860278692424,4.328602786924236,0.0474989031735855,82.146439218943,12.946439218942999,0.4249020096930155
UGC 12632,7.82,70.3,2.79,194.51790281329923,66.93323841459335,-3.3667615854066497,0.0287850209619177,75.58981566972578,5.289815669725783,0.0710596233308466,86.25953274702066,15.95953274702066,0.6468181054116324
UGC 12632,8.52,71.4,2.93,184.2771948356808,65.34298502564373,-6.057014974356278,0.0929772791598872,73.96023948089977,2.560239480899768,0.0166119539788722,88.69350487261704,17.293504872617035,0.7579238606931719
UGC 12632,9.25,73.2,3.0,173.2507027027027,63.69590073698437,-9.504099263015632,0.2286782349398842,72.30889062291097,-0.8911093770890375,0.0020103187897114,90.84735955055248,17.64735955055248,0.7884286053328502
UGC 12632,9.95,73.0,2.81,167.28511557788946,63.13988804475665,-9.860111955243347,0.246820945345569,71.68628779551605,-1.3137122044839489,0.0043814593650713,93.3131825987606,20.313182598760605,1.0475488010431955
UGC 12632,10.66,73.1,2.79,159.57607879924953,61.25116257936853,-11.848837420631462,0.3565277222228029,69.44637645469088,-3.6536235453091166,0.0338991975827291,95.33505415408237,22.235054154082377,1.2555043061286018
UGC 12732,0.96,34.2,3.32,448.8942708333333,35.98367041483606,1.7836704148360596,0.008013351762423,37.18078809645103,2.980788096451022,0.0223793359667971,38.36361710173503,4.163617101735028,0.04366430551490393
UGC 12732,1.92,49.5,4.6,451.50250000000005,48.41264818461499,-1.0873518153850128,0.0029038559053469,49.90108906796568,0.4010890679656782,0.0003951086561587,54.34650328299462,4.846503282994618,0.05768885468139703
UGC 12732,2.88,59.9,4.38,379.9856944444445,54.59267793743922,-5.307322062560779,0.0695181440246574,57.47819912752063,-2.4218008724793734,0.0144751857819349,63.300184272435445,3.400184272435446,0.02853331245358253
UGC 12732,3.84,65.3,4.31,340.5708333333333,58.53795986865176,-6.762040131348243,0.1130199899053952,62.4193228044504,-2.8806771955495947,0.0205111006432645,70.8195687515203,5.519568751520296,0.07530261724001819
UGC 12732,4.8,69.8,3.83,277.7434166666667,57.10464552176348,-12.695354478236515,0.402257388402444,62.33113650221596,-7.468863497784035,0.1392269825497581,74.69786636058755,4.897866360587557,0.05987261523461192
UGC 12732,5.76,73.8,3.45,246.43960069444444,57.377248809430085,-16.42275119056991,0.6778212166733445,63.41494756937553,-10.38505243062447,0.2710445749569786,79.10514863746322,5.305148637463219,0.07073240822959859
UGC 12732,6.72,76.2,3.24,230.3354761904762,56.182455896164406,-20.0175441038356,1.0106040287482276,62.014210412365536,-14.185789587634469,0.5075355468094598,83.83347721069775,7.633477210697748,0.14696173274754218
UGC 12732,7.68,79.3,3.19,190.4852083333333,48.725401943574056,-30.57459805642594,2.359572034537179,53.59030061591543,-25.70969938408457,1.66842129653959,84.98692527495461,5.686925274954618,0.08163319060114342
UGC 12732,8.64,80.3,3.31,174.85209490740738,48.02590264362887,-32.27409735637113,2.6240114717182124,52.78842703837629,-27.51157296162372,1.9067263277293005,88.02477673205003,7.724776732050032,0.1503243697729335
UGC 12732,9.6,81.9,3.69,159.49504166666668,53.22148601202672,-28.67851398797328,2.0581181903291164,60.83875081357304,-21.06124918642697,1.1100058713669712,90.45837626941449,8.558376269414481,0.18329042390653663
UGC 12732,10.6,84.0,3.89,147.87887735849057,62.82373845574302,-21.17626154425698,1.1179211361812655,75.27779937629514,-8.722200623704865,0.1896551877053906,93.09450825773843,9.094508257738426,0.2061916272720942
UGC 12732,11.5,85.6,3.67,147.26195652173914,71.78400014102643,-13.81599985897357,0.4778390810978218,87.54680812035393,1.946808120353936,0.0094877520064165,96.85478309512075,11.254783095120757,0.31709638101543314
UGC 12732,12.5,87.9,3.43,151.4,78.87642627336076,-9.023573726639242,0.2047060532492786,96.30855908315264,8.408559083152625,0.1777529034232746,101.75050671141045,13.850506711410446,0.48228623531846526
UGC 12732,13.4,90.8,3.36,154.96164925373134,83.5312304720433,-7.268769527956692,0.1329886572680275,101.74208667301848,10.942086673018494,0.3013652025118425,106.02639114965604,15.226391149656038,0.5835616825668826
UGC 12732,14.4,95.5,3.18,157.99834027777774,86.4863196599639,-9.013680340036103,0.205109542827625,104.83270092094337,9.332700920943369,0.2198853317386105,110.50077862768066,15.00077862768066,0.5680795638729838
UGC 12732,15.4,98.0,3.18,155.97616233766234,86.45689746617533,-11.543102533824666,0.3363772911587454,104.60885813613524,6.608858136135225,0.1102641721480084,113.868251235394,15.868251235393998,0.6356816834554616
UGCA 444,0.12,6.48,2.6,36.70333333333334,4.021328247815376,-2.4586717521846246,0.0153912485614385,5.135027979742546,-1.3449720202574549,0.0046057381996013,6.818755637335843,0.3387556373358427,0.0002921768556543766
UGCA 444,0.19,8.6,2.65,27.57105263157895,4.382443645381636,-4.217556354618364,0.0452589396392871,5.595568837582762,-3.0044311624172373,0.0229671497425816,7.961391948419668,-0.6386080515803316,0.0010376511358592129
UGCA 444,0.26,10.2,3.03,41.19538461538463,6.243916785143681,-3.956083214856318,0.0396036205263662,7.968138989904935,-2.2318610100950647,0.0126048692342736,10.346143464382425,0.1461434643824262,5.404591209164582e-05
UGCA 444,0.33,11.7,3.55,54.23151515151515,7.954839420675415,-3.745160579324584,0.0351885092665672,9.996922684138228,-1.703077315861771,0.0072766034929608,12.533850550260375,0.8338505502603759,0.0017443612124096854
UGCA 444,0.4,12.7,3.75,65.416,9.20736007624362,-3.4926399237563786,0.0304915697847635,11.221054005657525,-1.4789459943424763,0.0054673488621944,14.50455704628541,1.8045570462854101,0.008139793490512916
UGCA 444,0.47,14.1,3.43,79.75170212765958,10.200478016006336,-3.899521983993664,0.0382292950022736,12.000778953857475,-2.0992210461425245,0.0110787276619121,16.578175531818054,2.4781755318180547,0.015439657864486532
UGCA 444,0.55,16.0,3.33,101.92018181818182,11.95044866044836,-4.049551339551641,0.0412977196080386,13.607980027717351,-2.3920199722826467,0.0144092659044336,19.158956322159778,3.158956322159778,0.025130405421338216
UGCA 444,0.62,18.1,2.66,124.41451612903226,13.611952703312657,-4.488047296687347,0.0512434975289806,15.142738077817528,-2.9572619221824734,0.0222486414226433,21.474381859595894,3.3743818595958928,0.028967590291460052
UGCA 444,0.69,21.2,3.78,145.0414492753623,15.772433331584644,-5.427566668415356,0.0735931391968724,17.34372221935356,-3.85627778064644,0.0371504103579005,23.625664279393156,2.425664279393157,0.014699019997391687
UGCA 444,0.76,21.6,3.33,161.75276315789472,18.25729291733308,-3.342707082666923,0.0281390153200243,19.97476339671044,-1.625236603289565,0.0066518958768986,25.55078041914908,3.95078041914908,0.039307736681462965
UGCA 444,0.83,23.3,3.09,182.3119277108433,20.99566737405271,-2.304332625947289,0.0134242810191861,22.80005646039385,-0.49994353960615,0.000631891653111,27.60058139699582,4.30058139699582,0.04675790466996688
UGCA 444,0.9,24.5,3.26,191.305,22.89614849225135,-1.6038515077486508,0.0064855286392263,24.79989446529684,0.2998944652968376,0.0002267534844163,29.128064262510197,4.628064262510197,0.05400274418100015
UGCA 444,0.97,24.4,3.29,197.4243298969072,24.52067833249279,0.1206783324927904,3.66995349658463e-05,26.514107838606908,2.114107838606909,0.0112630557298792,30.50590230160949,6.10590230160949,0.0939510551823845
UGCA 444,1.04,25.3,2.78,200.81634615384613,26.018185009987874,0.7181850099878737,0.0013100139806305,28.120346836012267,2.8203468360122663,0.0202026480066065,31.737835195625387,6.437835195625386,0.10526475104674428
UGCA 444,1.11,25.4,2.78,201.98603603603604,27.23529881524263,1.8352988152426304,0.0085549372136503,29.439631976164588,4.039631976164589,0.0414464044322213,32.84170740642037,7.44170740642037,0.14065281834577287
UGCA 444,1.19,25.9,2.73,199.3050420168068,27.779876993612582,1.879876993612584,0.0089818565605028,30.048342514624395,4.148342514624396,0.0437377526474967,33.87811451472757,7.978114514727572,0.16177364866317356
UGCA 444,1.26,26.7,2.67,193.4470634920635,27.828634066012807,1.1286340660128076,0.0032401964214907,30.15769803948396,3.4576980394839616,0.0304115920560692,34.57176013634783,7.871760136347827,0.15761905991697575
UGCA 444,1.33,27.1,3.16,188.27323308270675,28.277324607252265,1.1773246072522632,0.0035003627173354,30.72416711638445,3.6241671163844487,0.03316935587426,35.25223594252024,8.152235942520235,0.1678317364634441
UGCA 444,1.4,28.6,3.34,181.5841428571429,28.463184848532848,-0.1368151514671538,4.71311135257321e-05,31.025979094299483,2.425979094299482,0.0148188129941467,35.80643386245343,7.20643386245343,0.1307615680451578
UGCA 444,1.48,28.9,3.21,174.4362837837838,27.70864329102244,-1.1913567089775654,0.0035814184310125,30.23385917656549,1.3338591765654968,0.0044894319864669,36.40763837564592,7.507638375645918,0.1422257149988387
UGCA 444,1.55,30.4,4.14,168.79516129032257,26.708456959291468,-3.691543040708531,0.0338034021500333,29.11859711128784,-1.2814028887121616,0.0040730143186128,36.92124375468797,6.521243754687973,0.10548857048044125
UGCA 444,1.62,30.8,4.35,165.56820987654316,26.854590511807466,-3.945409488192535,0.0384425563645381,29.30850009501471,-1.4914999049852895,0.0054938215746744,37.54488792976013,6.744887929760129,0.11235116148157702
UGCA 444,1.69,30.5,4.56,158.95603550295857,26.967779366602763,-3.532220633397237,0.0306705479215926,29.548335204745644,-0.9516647952543558,0.0022263523382042,37.91849379867971,7.418493798679712,0.1352874043275247
UGCA 444,1.75,33.0,4.04,153.56571428571425,27.016500086974624,-5.983499913025376,0.08898918479439,29.69854996357109,-3.3014500364289106,0.0270916906848562,38.220675922006926,5.220675922006926,0.06774544812563597
UGCA 444,1.83,32.1,4.35,148.72792349726777,27.37154246940176,-4.7284575305982415,0.0552162713078952,30.19752166193092,-1.902478338069088,0.0089385594201905,38.74183230777952,6.6418323077795165,0.10894414710139291
UGCA 444,1.9,32.9,4.36,143.4147368421053,25.50977264620853,-7.390227353791467,0.1348497920561083,28.011622149549144,-4.888377850450855,0.0590016582539735,39.083319099783644,6.183319099783645,0.09440130577089835
UGCA 444,1.97,34.2,4.9,138.42619289340104,25.937488181433167,-8.262511818566836,0.1665059426647073,28.62704233610352,-5.572957663896485,0.0757490234959697,39.41220481714064,5.212204817140638,0.0662595523421967
UGCA 444,2.04,32.6,3.98,133.72828431372548,25.445403382697144,-7.1545966173028575,0.1273845356423134,28.101368143371225,-4.498631856628776,0.0503625035747408,39.72887716545965,7.128877165459649,0.12647033409336642
UGCA 444,2.11,33.7,4.73,130.87985781990523,29.28844624915827,-4.411553750841733,0.0476569490692594,32.91349347315489,-0.7865065268451161,0.0015147736707552,40.16750638013929,6.467506380139284,0.10242755769822715
UGCA 444,2.19,33.8,4.67,124.76351598173515,29.745818548750297,-4.0541814512497005,0.0403041405904999,33.6611078251856,-0.1388921748144014,4.730410794044525e-05,40.39046000707687,6.590460007076871,0.10650616772924687
UGCA 444,2.26,34.9,3.74,120.94654867256638,30.41832975617732,-4.4816702438226805,0.0502149771002042,34.609285423507714,-0.2907145764922845,0.0002112939625755,40.6847326574746,5.784732657474599,0.08366042326925419
UGCA 444,2.33,36.1,5.47,117.45137339055792,31.235423389528407,-4.864576610471595,0.0568956876154752,35.73862047096,-0.3613795290400006,0.0003139903861748,40.98140986183663,4.88140986183663,0.05729012953962137
UGCA 444,2.4,37.2,5.39,109.01416666666668,30.77607008617624,-6.42392991382377,0.099425772180697,35.53119763901921,-1.6688023609807914,0.0067097632321702,40.758291408947635,3.558291408947632,0.030505658810039808
UGCA 444,2.48,37.6,7.1,99.68665322580644,29.94431506536844,-7.655684934631566,0.1342991952942066,34.92842228758216,-2.671577712417843,0.016354637779812,40.44014965673572,2.8401496567357185,0.018483650861932634
UGCA 444,2.55,35.6,4.73,90.98823529411766,28.831057986028952,-6.768942013971049,0.1121978857767066,33.96850918352189,-1.631490816478113,0.0065179699344702,40.0084417871183,4.408441787118299,0.04758973719953206
UGCA 444,2.62,38.3,7.78,83.3124427480916,27.44099628603197,-10.859003713968026,0.2640771822351531,32.601264545685275,-5.698735454314722,0.072729048764342,39.60333787295605,1.3033378729560496,0.003804214045694741
