plateifu,mangaid,DA,target
7443-1901,12-84620,81.139,0
7443-6103,12-84665,79.374,0
7443-3702,12-84670,428.71,1
7443-1902,12-49536,81.841,0
7443-9101,12-84660,170.514,0
7443-12702,12-84674,237.488,0
7443-12704,12-84731,81.05,0
7443-6102,12-180432,119.823,0
7443-3701,12-193534,77.483,0
7443-12701,12-98126,88.386,0
7443-12703,12-193481,169.717,0
7443-6101,12-84726,131.749,0
7443-3704,12-84617,97.523,0
7443-6104,12-84677,303.678,0
7443-12705,12-84627,264.0,0
7443-9102,12-84679,363.268,0
7443-3703,12-180451,,0
7495-1901,12-110746,123.068,0
7495-6103,12-129602,118.44,0
7495-3702,12-192149,117.879,2
7495-1902,12-129608,135.416,0
7495-9101,12-129610,137.872,0
7495-12702,12-129612,121.413,0
7495-12704,12-129618,123.63,0
7495-6102,12-192116,112.078,0
7495-3701,12-129446,273.554,0
7495-12701,12-192120,251.602,0
7495-12703,12-129646,127.49,0
7495-6101,12-129434,114.558,0
7495-3704,12-129601,129.661,0
7495-6104,12-129534,125.955,0
7495-12705,12-129629,307.902,0
7495-9102,12-129609,123.818,2
7495-3703,12-110756,121.864,0
7815-1901,1-113520,72.689,2
7815-6103,1-113521,509.69,0
7815-3702,1-113540,125.458,0
7815-1902,1-113525,73.455,0
7815-9101,1-113375,120.644,2
7815-12702,1-113469,166.465,1
7815-12704,1-113418,180.944,0
7815-6102,1-113668,490.981,0
7815-3701,1-113468,513.838,0
7815-12701,1-113567,72.595,0
7815-12703,1-113403,290.406,0
7815-6101,1-113379,74.369,0
7815-3704,1-113651,288.069,0
7815-6104,1-113712,324.195,1
7815-12705,1-635503,125.124,0
7815-9102,1-113219,172.193,0
7815-3703,1-113585,285.8,0
8341-1901,1-259091,195.713,1
8341-6103,1-282665,166.7,1
8341-3702,1-259058,104.085,0
8341-1902,1-258879,170.53,1
8341-9101,1-259050,213.026,1
8341-12702,1-575668,247.684,0
8341-12704,1-620993,129.419,0
8341-6102,1-259068,106.056,0
8341-3701,1-259079,208.05,1
8341-12701,1-282653,104.041,0
8341-12703,1-283278,,1
8341-6101,1-258876,134.597,0
8341-3704,1-259250,103.293,2
8341-6104,1-283286,133.6,2
8341-12705,1-575796,107.851,0
8341-9102,1-259245,105.116,0
8341-3703,1-283246,206.778,1
8329-12704,1-235203,69.193,2
8329-1901,1-235530,117.469,0
8329-6103,1-265988,133.203,0
8329-3702,1-266045,170.011,1
8329-9102,1-266101,139.21,1
8329-3703,1-266074,518.225,0
8329-9101,1-286795,420.633,1
8329-12702,1-286805,,0
8329-12703,1-266020,170.254,1
8329-6102,1-286804,534.546,2
8329-3701,1-569225,355.31,0
8329-6104,1-592743,115.6,0
8329-12701,1-266039,148.618,0
8329-6101,1-265980,274.589,1
8329-3704,1-592881,123.059,2
8329-12705,1-266106,530.54,1
8329-1902,1-629695,118.413,2
8319-1901,1-234388,190.56,1
8319-6103,1-234632,252.525,1
8319-3702,1-234004,203.874,1
8319-1902,1-285062,115.522,0
8319-9101,1-234341,287.377,1
8319-12702,1-285052,236.78,1
8319-12704,1-285136,123.172,0
8319-6102,1-234408,152.343,2
8319-3701,1-285065,115.082,0
8319-12701,1-285095,235.902,0
8319-12703,1-285066,114.954,0
8319-6101,1-285144,359.504,1
8319-3704,1-234431,114.873,2
8319-6104,1-234629,249.373,1
8319-12705,1-234618,249.887,1
8319-9102,1-575733,358.492,0
8319-3703,1-234362,280.597,1
8243-1901,1-47415,132.886,2
8243-6103,1-47342,134.021,0
8243-3702,1-47302,187.641,1
8243-1902,1-47224,179.574,1
8243-9101,1-46577,181.811,1
8243-12702,1-46494,,0
8243-12704,1-47291,102.785,0
8243-6102,1-47732,194.992,1
8243-3701,1-46757,180.94,1
8243-12701,1-46562,188.092,0
8243-12703,1-46825,129.916,0
8243-6101,1-564264,277.945,0
8243-3704,1-47290,131.246,2
8243-6104,1-47248,194.59,0
8243-12705,1-47765,190.702,1
8243-9102,1-605419,242.193,0
8243-3703,1-47223,188.022,1
8439-1901,1-155903,70.993,0
8439-6103,1-124604,108.563,0
8439-3702,1-585593,113.927,0
8439-1902,1-156061,111.219,2
8439-9101,1-156154,160.424,1
8439-12702,1-155926,115.324,0
8439-12704,1-156137,262.35,1
8439-6102,1-155975,144.092,0
8439-3701,1-605863,115.89,0
8439-12701,1-155978,70.57,0
8439-12703,1-605884,107.762,0
8439-6101,1-156074,113.076,0
8439-3704,1-156039,443.037,1
8439-6104,1-585632,159.866,0
8439-12705,1-156062,212.773,2
8439-9102,1-156037,107.14,2
8439-3703,1-156158,521.079,2
8326-1901,1-320681,119.235,0
8326-6103,1-320664,216.947,1
8326-3702,1-321069,294.611,0
8326-1902,1-235587,114.315,0
8326-9101,1-320677,494.895,1
8326-12702,1-235575,116.361,0
8326-12704,1-320642,158.474,1
8326-6102,1-235576,286.175,1
8326-3701,1-235530,117.469,0
8326-12701,1-235398,120.105,0
8326-12703,1-320606,216.688,1
8326-6101,1-321074,283.002,1
8326-3704,1-235582,113.378,0
8326-6104,1-320584,288.711,0
8326-12705,1-320922,151.935,1
8326-9102,1-235611,291.341,1
8326-3703,1-320655,292.08,1
7991-1901,1-24092,366.971,0
7991-6103,1-24006,132.588,0
7991-3702,1-23979,114.085,0
7991-1902,1-24099,120.441,0
7991-9101,1-23929,121.05,0
7991-12702,1-24145,137.031,0
7991-12704,1-24368,107.334,0
7991-6102,1-24354,117.76,2
7991-3701,1-25819,293.937,1
7991-12701,1-595027,123.457,0
7991-12703,1-595093,128.031,0
7991-6101,1-24018,139.64,0
7991-3704,1-23891,117.557,0
7991-6104,1-24148,120.591,0
7991-12705,1-25937,437.84,1
7991-9102,1-25911,524.768,1
7991-3703,1-24124,114.991,2
7977-1901,1-115062,111.708,2
7977-6103,1-115085,148.154,1
7977-3702,1-114928,117.059,0
7977-1902,1-115128,151.731,0
7977-9101,1-596598,113.927,0
7977-12702,1-114973,462.238,0
7977-12704,1-636015,117.216,0
7977-6102,1-114998,252.346,0
7977-3701,1-115097,117.471,2
7977-12701,1-114955,365.765,1
7977-12703,1-115162,299.123,1
7977-6101,1-562254,360.681,1
7977-3704,1-114956,115.721,0
7977-6104,1-562158,278.433,1
7977-12705,1-596678,115.406,0
7977-9102,1-114980,258.763,1
7977-3703,1-115320,117.802,0
7975-12704,1-114454,353.613,1
7975-1901,1-114303,94.825,0
7975-6103,1-114502,320.95,1
7975-3702,1-114171,351.042,0
7975-9101,1-114306,260.884,0
7975-9102,1-114500,95.136,0
7975-12702,1-114129,312.187,1
7975-6102,1-114145,145.137,2
7975-3703,1-114532,358.478,0
7975-3701,1-114082,169.703,1
7975-12703,1-114325,123.385,0
7975-6104,1-114465,317.478,1
7975-12701,1-114121,350.294,1
7975-6101,1-114128,313.893,1
7975-3704,1-550578,309.231,0
7975-12705,1-114073,169.788,1
7975-1902,1-114334,95.817,0
8459-1901,1-167079,68.206,0
8459-6103,1-166930,292.313,0
8459-3702,1-166919,293.0,2
8459-1902,1-167067,73.521,0
8459-9101,1-166889,68.097,0
8459-12702,1-166736,74.029,0
8459-12704,1-167075,68.833,0
8459-6102,1-166969,68.914,0
8459-3701,1-166932,293.885,1
8459-12701,1-166739,291.579,1
8459-12703,1-167113,113.378,2
8459-6101,1-167080,194.038,1
8459-3704,1-166754,71.208,0
8459-6104,1-167044,300.359,1
8459-12705,1-166738,69.806,0
8459-9102,1-167013,73.894,0
8459-3703,1-166947,292.141,0
8317-1901,1-283711,373.405,0
8317-6103,1-259368,413.217,0
8317-3702,1-259117,164.291,0
8317-1902,1-559020,,0
8317-9101,1-259175,209.233,1
8317-12702,1-259136,293.809,1
8317-12704,1-259142,225.128,0
8317-6102,1-259537,238.591,0
8317-3701,1-284174,149.438,1
8317-12701,1-259185,300.156,0
8317-12703,1-259108,291.841,1
8317-6101,1-259195,170.614,1
8317-3704,1-284230,191.095,1
8317-6104,1-284197,102.99,0
8317-12705,1-259104,163.542,1
8317-9102,1-259160,104.255,0
8317-3703,1-259538,186.518,1
8261-1901,1-258311,99.558,0
8261-6103,1-258380,271.804,1
8261-3702,1-575845,398.587,0
8261-1902,1-282151,101.869,0
8261-9101,1-258455,267.155,1
8261-12702,1-258425,434.785,1
8261-12704,1-282144,205.309,1
8261-6102,1-258315,98.395,0
8261-3701,1-575838,172.268,0
8261-12701,1-281439,281.556,1
8261-12703,1-282147,100.989,0
8261-6101,1-258118,274.135,0
8261-3704,1-258685,343.899,2
8261-6104,1-258401,159.678,1
8261-12705,1-575847,110.361,0
8261-9102,1-282186,159.272,1
8261-3703,1-258477,269.202,0
8601-12702,1-135548,,0
8601-1901,1-211100,131.826,0
8451-1901,1-256125,161.562,1
8451-6103,1-558910,242.091,0
8451-3702,1-255691,161.263,1
8451-1902,1-256457,156.049,1
8451-9101,1-256104,206.131,0
8451-12702,1-587938,131.251,0
8451-12704,1-256456,241.499,1
8451-6102,1-256048,305.916,0
8451-3701,1-255676,159.553,1
8451-12701,1-558912,480.817,0
8451-12703,1-255897,160.181,1
8451-6101,1-277103,105.763,0
8451-3704,1-278485,389.547,1
8451-6104,1-256465,237.395,1
8451-12705,1-278490,197.462,1
8451-9102,1-255695,153.395,1
8451-3703,1-277858,153.366,0
8082-1901,1-38103,122.064,2
8082-6103,1-38155,102.658,0
8082-3702,1-37973,92.08,0
8082-1902,1-604037,90.604,0
8082-9101,1-37965,90.55,0
8082-12702,1-38101,111.39,2
8082-12704,1-109308,498.895,1
8082-6102,1-38167,103.84,2
8082-3701,1-37996,91.69,0
8082-12701,1-604017,114.792,0
8082-12703,1-38042,90.775,2
8082-6101,1-38012,92.076,0
8082-3704,1-38374,102.431,0
8082-6104,1-38217,217.297,0
8082-12705,1-38008,227.003,0
8082-9102,1-109394,152.929,2
8082-3703,1-37998,89.696,0
8143-1901,1-43629,135.41,2
8143-6103,1-44436,182.896,0
8143-3702,1-44483,105.266,0
8143-1902,1-44047,174.15,1
8143-9101,1-44013,174.594,1
8143-12702,1-43823,188.243,1
8143-12704,1-44487,134.511,0
8143-6102,1-44009,172.875,1
8143-3701,1-44044,173.872,1
8143-12701,1-44015,302.909,0
8143-12703,1-44565,66.356,0
8143-6101,1-72322,481.007,0
8143-3704,1-44418,134.474,0
8143-6104,1-44479,183.189,2
8143-12705,1-72339,171.636,1
8143-9102,1-44463,185.115,1
8143-3703,1-44447,173.593,1
8256-1901,1-277154,105.78,2
8256-6103,1-256048,305.916,0
8256-3702,1-277159,107.754,2
8256-1902,1-256457,156.049,1
8256-9101,1-256104,206.131,0
8256-12702,1-277162,,2
8256-12704,1-558912,480.817,0
8256-6102,1-255691,161.263,1
8256-3701,1-277161,103.189,0
8256-12701,1-277691,109.787,2
8256-12703,1-256456,241.499,1
8256-6101,1-277103,105.763,0
8256-3704,1-278485,389.547,1
8256-6104,1-558910,242.091,0
8256-12705,1-587938,131.251,0
8256-9102,1-255959,158.378,0
8256-3703,1-277858,153.366,0
8249-1901,1-137890,113.83,2
8249-6103,1-155456,169.966,0
8249-3702,1-155558,114.78,2
8249-1902,1-137915,134.334,2
8249-9101,1-155440,215.571,1
8249-12702,1-137898,147.007,1
8249-12704,1-567155,115.286,2
8249-6102,1-137875,212.241,1
8249-3701,1-137801,204.454,0
8249-12701,1-155337,146.562,1
8249-12703,1-137908,115.221,2
8249-6101,1-155463,114.517,0
8249-3704,1-137883,114.895,0
8249-6104,1-137845,136.316,0
8249-12705,1-137853,136.763,0
8249-9102,1-155541,322.564,1
8249-3703,1-137961,113.289,2
8274-1901,1-277154,105.78,2
8274-6103,1-256048,305.916,0
8274-3702,1-277159,107.754,2
8274-1902,1-256457,156.049,1
8274-9101,1-256104,206.131,0
8274-12702,1-277162,109.247,2
8274-12704,1-558912,480.817,0
8274-6102,1-255691,161.263,1
8274-3701,1-277161,103.189,0
8274-12701,1-277691,109.787,2
8274-12703,1-256456,241.499,1
8274-6101,1-277103,105.763,0
8274-3704,1-278485,389.547,1
8274-6104,1-558910,242.091,0
8274-12705,1-587938,131.251,0
8274-9102,1-255959,158.378,0
8274-3703,1-277858,153.366,0
8258-1901,1-277213,90.716,0
8258-6103,1-256287,304.107,0
8258-3702,1-277253,107.025,2
8258-1902,1-256381,106.579,0
8258-9101,1-587908,155.553,0
8258-12702,1-256546,91.623,0
8258-12704,1-256293,107.433,2
8258-6102,1-256009,205.731,0
8258-3701,1-256182,105.676,0
8258-12701,1-256190,109.215,0
8258-12703,1-256574,270.069,1
8258-6101,1-278537,91.989,0
8258-3704,1-256496,241.129,2
8258-6104,1-256283,252.608,1
8258-12705,1-256002,207.861,1
8258-9102,1-256301,379.368,1
8258-3703,1-256506,242.149,0
8252-1901,1-567184,108.886,0
8252-6103,1-585641,111.228,0
8252-3702,1-156011,359.639,1
8252-1902,1-138164,111.052,2
8252-9101,1-605973,106.399,0
8252-12702,1-567187,143.019,0
8252-12704,1-185287,107.428,0
8252-6102,1-138102,110.592,0
8252-3701,1-138034,116.724,0
8252-12701,1-138087,107.232,2
8252-12703,1-185298,190.815,1
8252-6101,1-138105,106.787,0
8252-3704,1-138140,195.691,1
8252-6104,1-567185,185.218,1
8252-12705,1-138021,109.799,0
8252-9102,1-138157,232.223,1
8252-3703,1-138106,104.602,0
8259-1901,1-280965,151.795,1
8259-6103,1-281037,294.827,2
8259-3702,1-257813,151.845,2
8259-1902,1-257652,104.027,0
8259-9101,1-257822,84.009,0
8259-12702,1-257825,103.424,0
8259-12704,1-257957,101.341,0
8259-6102,1-257627,179.236,1
8259-3701,1-257999,225.374,1
8259-12701,1-257984,84.757,0
8259-12703,1-257940,98.125,0
8259-6101,1-281050,131.698,2
8259-3704,1-258007,284.692,1
8259-6104,1-257953,182.631,1
8259-12705,1-281234,436.35,0
8259-9102,1-257623,253.441,2
8259-3703,1-257854,290.398,0
8244-1901,1-47618,353.39,0
8244-6103,1-47705,481.581,0
8244-3702,1-47608,117.861,0
8244-1902,1-46864,165.363,1
8244-9101,1-47890,240.717,2
8244-12702,1-47170,190.236,1
8244-12704,1-73638,444.506,1
8244-6102,1-47136,129.977,2
8244-3701,1-73651,116.815,0
8244-12701,1-73667,435.173,1
8244-12703,1-73670,74.668,0
8244-6101,1-47120,225.399,2
8244-3704,1-73584,467.822,2
8244-6104,1-47862,135.213,0
8244-12705,1-605549,,2
8244-9102,1-48410,442.598,0
8244-3703,1-47627,201.521,1
8257-1901,1-277462,94.43,0
8257-6103,1-277453,255.97,0
8257-3702,1-277516,319.895,0
8257-1902,1-278081,155.852,2
8257-9101,1-277271,108.507,0
8257-12702,1-277521,107.998,0
8257-12704,1-277539,105.558,2
8257-6102,1-277254,93.79,0
8257-3701,1-256185,156.592,0
8257-12701,1-277290,86.358,2
8257-12703,1-278153,107.033,0
8257-6101,1-277272,125.676,0
8257-3704,1-277293,87.301,0
8257-6104,1-278075,534.452,0
8257-12705,1-277552,153.195,0
8257-9102,1-278057,108.176,0
8257-3703,1-278062,107.337,0
8440-1901,1-217015,105.084,2
8440-6103,1-137528,348.731,0
8440-3702,1-216805,281.665,1
8440-1902,1-216951,108.087,0
8440-9101,1-216779,380.438,0
8440-12702,1-216984,548.721,1
8440-12704,1-217018,115.681,0
8440-6102,1-216980,174.399,1
8440-3701,1-216520,103.141,0
8440-12701,1-216540,123.496,0
8440-12703,1-605638,111.994,2
8440-6101,1-137548,548.498,1
8440-3704,1-605571,103.212,0
8440-6104,1-216976,122.906,0
8440-12705,1-216973,173.623,2
8440-9102,1-217017,106.973,2
8440-3703,1-216958,115.657,0
8453-1901,1-147815,108.727,0
8453-6103,1-147602,276.741,1
8453-3702,1-147521,108.572,0
8453-1902,1-147488,103.783,0
8453-9101,1-147649,162.387,1
8453-12702,1-147537,161.011,1
8453-12704,1-147475,161.194,1
8453-6102,1-147496,166.764,1
8453-3701,1-167380,161.439,0
8453-12701,1-147514,107.731,0
8453-12703,1-147863,259.185,1
8453-6101,1-147507,107.644,2
8453-3704,1-167582,127.88,2
8453-6104,1-147787,170.134,1
8453-12705,1-167564,104.176,0
8453-9102,1-147522,267.361,1
8453-3703,1-167555,105.831,0
8131-1901,1-338389,293.599,0
8131-6103,1-338283,460.894,0
8131-3702,1-377176,209.184,1
8131-1902,1-338279,453.569,1
8131-9101,1-604748,208.376,2
8131-12702,1-338305,297.744,0
8131-12704,1-338113,207.321,0
8131-6102,1-338060,206.43,0
8131-3701,1-338090,324.107,2
8131-12701,1-584473,74.231,0
8131-12703,1-377167,180.909,1
8131-6101,1-338034,215.595,1
8131-3704,1-338044,463.559,0
8131-6104,1-338359,396.398,2
8131-12705,1-338117,530.323,1
8131-9102,1-377125,241.057,1
8131-3703,1-377439,457.676,0
8083-1901,1-38157,158.867,1
8083-6103,1-38428,152.812,2
8083-3702,1-38173,102.495,0
8083-1902,1-38347,154.88,2
8083-9101,1-38017,161.711,0
8083-12702,1-583411,90.489,2
8083-12704,1-604053,98.26,2
8083-6102,1-37995,154.427,0
8083-3701,1-38189,158.798,1
8083-12703,1-38168,104.563,0
8083-12701,1-38380,152.174,1
8083-6104,1-38319,159.042,1
8083-6101,1-37980,113.71,0
8083-3704,1-38352,158.771,1
8083-12705,1-604039,90.209,2
8083-3703,1-38214,154.367,1
8138-1901,1-339233,117.813,2
8138-6103,1-339138,161.239,1
8138-3702,1-339028,206.935,2
8138-12704,1-339041,131.308,2
8138-9101,1-548136,220.776,2
8138-12702,1-338963,208.511,1
8138-9102,1-44219,259.584,1
8138-6102,1-339061,87.865,2
8138-3701,1-44216,206.439,1
8138-12701,1-338829,187.672,1
8138-6104,1-339258,161.507,1
8138-6101,1-339010,133.419,2
8138-3704,1-44183,112.648,2
8138-12705,1-339042,220.491,1
8138-3703,1-339132,222.47,0
8132-1901,1-377617,417.818,1
8132-6103,1-548001,468.86,0
8132-3702,1-377321,186.134,1
8132-1902,1-377626,284.623,1
8132-9101,1-377560,99.197,0
8132-12702,1-377221,118.195,2
8132-12704,1-548004,248.595,1
8132-6102,1-377378,113.762,0
8132-3701,1-377471,459.647,0
8132-12701,1-547999,512.249,1
8132-12703,1-338629,447.584,1
8132-6101,1-548024,491.532,2
8132-3704,1-338633,116.031,0
8132-6104,1-377508,347.415,1
8132-12705,1-548025,234.404,1
8132-9102,1-548033,240.81,0
8132-3703,1-377576,108.547,2
8133-3703,1-548036,234.999,1
8133-1901,1-377986,318.631,0
8133-6104,1-377787,275.758,1
8133-6103,1-567948,497.063,1
8133-3702,1-377990,280.294,0
8133-9101,1-377679,233.355,1
8133-6102,1-377780,246.731,0
8133-3701,1-377686,183.428,1
8133-6101,1-377781,230.118,1
8133-3704,1-377702,112.971,0
8133-12705,1-377841,496.514,1
8133-1902,1-338937,180.12,1
8133-12704,1-338922,507.859,1
8133-9102,1-377720,536.513,0
8133-12703,1-338934,178.284,0
8134-1901,1-378039,309.403,1
8134-6103,1-548075,153.901,2
8134-3702,1-378168,549.774,1
8134-1902,1-378276,255.406,1
8134-9101,1-548074,485.646,1
8134-12702,1-378164,136.722,0
8134-12704,1-548076,325.457,1
8134-6102,1-378148,136.137,0
8134-3701,1-378237,485.142,2
8134-12701,1-377978,91.422,0
8134-12703,1-378271,90.459,0
8134-6101,1-339218,305.528,1
8134-3704,1-338911,182.699,1
8134-6104,1-378373,91.769,0
8134-12705,1-378182,77.357,0
8134-9102,1-339163,133.082,0
8134-3703,1-378123,221.777,1
8137-1901,1-338677,100.039,0
8137-6103,1-43718,175.271,0
8137-3702,1-574402,499.913,1
8137-1902,1-43717,133.948,2
8137-9101,1-338822,456.949,0
8137-12702,1-338697,207.899,1
8137-12704,1-338770,192.385,1
8137-6102,1-338721,151.566,0
8137-3701,1-43723,174.891,0
8137-9102,1-43724,132.673,0
8137-3703,1-338746,135.178,2
8137-12701,1-338709,161.385,1
8137-12703,1-338796,161.737,0
8137-6101,1-338851,337.264,0
8137-3704,1-338828,175.937,1
8137-6104,1-43721,431.903,0
8137-12705,1-338737,172.401,1
8247-12704,1-137870,206.097,1
8247-1901,1-558242,105.933,0
8247-6103,1-217050,117.1,0
8247-3702,1-137801,204.454,0
8247-9102,1-217041,525.562,2
8247-3703,1-137799,174.647,2
8247-9101,1-137730,174.899,2
8247-12702,1-137795,183.09,1
8247-12703,1-137797,221.29,1
8247-6102,1-217060,115.946,2
8247-3701,1-585433,107.108,0
8247-6104,1-558247,204.859,1
8247-12701,1-217256,61.425,0
8247-6101,1-217022,105.094,2
8247-3704,1-137714,113.951,2
8247-12705,1-217069,173.983,1
8247-1902,1-217044,116.959,2
8140-1901,1-43679,122.556,2
8140-6103,1-43672,120.904,0
8140-3702,1-43773,130.964,0
8140-1902,1-43663,171.564,1
8140-9101,1-43381,161.163,1
8140-12702,1-43632,175.461,1
8140-12704,1-43651,103.374,0
8140-6102,1-43957,170.207,1
8140-3701,1-43702,164.265,2
8140-12701,1-43654,122.164,0
8140-12703,1-43783,136.337,0
8140-6101,1-548082,119.557,0
8140-3704,1-43933,308.715,1
8140-6104,1-43956,174.371,1
8140-12705,1-43849,182.294,1
8140-9102,1-43687,318.378,1
8140-3703,1-43680,120.36,2
8135-1901,1-337898,158.719,1
8135-6103,1-338220,203.596,2
8135-3702,1-43229,174.584,1
8135-1902,1-43214,454.061,2
8135-9101,1-338152,347.029,2
8135-12702,1-43012,218.71,1
8135-12704,1-43506,373.56,1
8135-6102,1-43099,346.433,0
8135-3701,1-43241,377.445,1
8135-12701,1-604761,253.771,0
8135-12703,1-43009,212.136,1
8135-6101,1-43148,47.383,2
8135-3704,1-43505,130.163,2
8135-6104,1-338237,211.434,1
8135-12705,1-43497,113.565,2
8135-9102,1-43022,192.174,1
8135-3703,1-43512,289.71,1
8250-1901,1-558471,125.187,0
8250-6103,1-217326,108.434,2
8250-3702,1-137853,136.763,0
8250-1902,1-217324,105.818,0
8250-9101,1-137845,136.316,0
8250-12702,1-217331,189.183,1
8250-12704,1-585513,167.767,0
8250-6102,1-217210,106.168,0
8250-3701,1-217304,202.981,1
8250-12701,1-558248,345.494,0
8250-12703,1-137912,61.815,0
8250-6101,1-217221,119.332,0
8250-3704,1-217171,171.712,1
8250-6104,1-558926,168.113,2
8250-12705,1-147394,69.646,0
8250-9102,1-137844,137.585,0
8250-3703,1-217300,168.835,1
8141-1901,1-339094,133.17,2
8141-6103,1-43741,129.827,0
8141-3702,1-339116,102.921,0
8141-1902,1-44526,140.682,0
8141-9101,1-339092,208.478,0
8141-12702,1-43733,133.926,0
8141-12704,1-44172,201.284,1
8141-6102,1-44163,133.517,0
8141-3701,1-44180,134.401,2
8141-12701,1-338771,133.057,0
8141-12703,1-604937,133.635,0
8141-6101,1-44100,191.909,0
8141-3704,1-44141,198.061,1
8141-6104,1-44549,498.943,1
8141-12705,1-44117,199.332,1
8141-9102,1-44083,209.974,1
8141-3703,1-339057,204.28,2
8253-1901,1-274646,121.309,0
8253-6103,1-254642,412.747,0
8253-3702,1-274658,123.197,0
8253-1902,1-255220,96.404,0
8253-9101,1-274663,119.884,0
8253-12702,1-558442,388.46,0
8253-12704,1-274583,105.802,0
8253-6102,1-274570,349.642,1
8253-3701,1-254394,215.066,1
8253-12701,1-274706,188.539,1
8253-12703,1-275456,104.482,0
8253-6101,1-254940,181.238,1
8253-3704,1-274637,187.971,1
8253-6104,1-255248,187.29,0
8253-12705,1-255308,349.519,1
8253-9102,1-274593,124.405,2
8253-3703,1-274689,116.684,0
8332-1902,1-575771,35.675,0
8320-3702,1-523108,117.015,2
8325-3702,1-235136,66.599,0
8330-12703,1-285737,115.394,0
8552-12701,1-321739,121.161,0
8330-3702,1-285729,224.56,0
8332-3702,1-251129,141.537,2
8335-3702,1-252073,79.094,0
8448-12701,1-487185,360.669,1
8318-12702,1-284329,106.639,0
8313-1901,1-248352,104.192,0
8447-3702,1-405213,422.394,0
8448-3702,1-487488,93.125,0
8601-1902,1-94470,119.694,0
8452-3702,1-148127,255.023,2
8325-1902,1-235257,168.632,1
8325-12703,1-235398,120.105,0
8464-3702,1-590159,98.519,0
8465-3702,1-284552,154.57,1
8466-3702,1-277965,100.473,0
8481-3702,1-91582,196.242,0
8482-3702,1-542358,169.973,0
8483-3702,1-93706,140.617,0
8484-3702,1-94027,139.009,0
8485-3702,1-209198,98.834,0
8486-3702,1-209078,160.996,1
8548-3702,1-92526,85.953,0
8549-3702,1-134248,91.508,0
8550-3702,1-210961,123.654,2
8551-3702,1-576431,304.958,0
8552-3702,1-321979,163.862,1
8554-3702,1-419533,332.705,0
8555-3702,1-134978,503.587,1
8588-3702,1-95092,128.726,0
8601-3702,1-594520,124.09,0
8603-3702,1-135157,137.724,0
8604-3702,1-211002,156.467,1
8606-3702,1-136248,101.319,2
8612-3702,1-94958,143.898,1
8618-3702,1-113675,493.08,1
8483-3701,1-93375,125.968,0
7957-12704,1-546807,118.402,0
8332-12702,1-251115,368.068,1
7957-3703,1-546813,152.469,1
7962-3703,1-178541,330.769,1
8603-12705,1-135129,139.463,0
8552-12704,1-322035,276.457,1
7990-3703,1-24357,122.02,0
7990-12703,1-25517,49.745,0
7992-3703,1-22970,233.26,1
8549-12701,1-209980,176.821,0
8335-12702,1-251764,81.474,0
7962-1902,1-178270,170.958,1
8448-1902,1-488464,178.183,1
8481-3701,1-91417,183.305,1
7962-3701,1-178473,197.054,1
8552-3701,1-321963,79.135,0
8604-1902,1-211019,129.435,2
8312-1902,1-211084,125.372,0
8447-12704,1-260809,235.132,0
7990-12705,1-24476,126.008,0
8482-12704,1-92866,247.973,0
8313-12702,1-248388,141.693,0
7962-12705,1-178276,199.624,1
8452-12703,1-148068,250.664,0
8320-12701,1-519706,176.495,1
7990-3702,1-24390,126.744,2
8485-12705,1-209111,160.429,1
8318-3702,1-284284,115.619,2
8254-3703,1-276550,158.508,1
8612-12704,1-96151,145.638,0
8263-1901,1-620115,105.488,0
8335-12705,1-251686,108.563,2
8604-12704,1-564490,110.991,0
8466-12704,1-277997,224.165,1
8263-3703,1-258748,165.004,1
8330-12705,1-402409,452.922,1
8312-3703,1-211044,118.201,2
8313-3703,1-248415,78.248,0
8315-3703,1-560826,306.772,0
8588-12703,1-95112,139.326,0
8318-3703,1-260010,108.253,0
7962-12702,1-178265,201.375,1
8320-3703,1-592049,119.395,0
8325-3703,1-235270,112.676,0
8552-12702,1-322045,118.01,2
8555-12701,1-134760,511.39,0
8330-3703,1-402609,252.2,1
8332-3703,1-251067,188.298,1
8335-3703,1-252126,78.584,0
8548-12701,1-569034,239.269,1
8335-12701,1-251762,259.634,1
8550-3701,1-210989,133.574,2
8447-3703,1-260823,212.112,1
8448-3703,1-487379,521.481,2
8254-12704,1-276547,203.054,1
8452-3703,1-148086,503.767,0
8549-1901,1-209729,84.502,0
8550-12701,1-210962,124.002,2
8464-3703,1-258536,167.786,1
8465-3703,1-285031,129.4,2
8466-3703,1-279120,431.02,2
8481-3703,1-91747,176.674,1
8482-3703,1-542327,233.874,0
8483-3703,1-542312,200.024,0
8484-3703,1-94009,134.6,0
8485-3703,1-209109,146.458,0
8486-3703,1-133945,79.3,0
8548-3703,1-92537,370.688,0
8549-3703,1-134239,235.889,1
8550-3703,1-210802,126.824,0
8551-3703,1-247628,154.755,0
8552-3703,1-322087,165.987,1
8554-3703,1-419345,142.587,2
8555-3703,1-93858,196.72,1
8588-3703,1-95159,162.404,1
8601-3703,1-95107,138.904,0
8603-3703,1-211059,143.058,0
8604-3703,1-135503,126.543,0
8606-3703,1-546873,136.156,2
8612-3703,1-94934,283.759,1
8618-3703,1-113663,134.702,1
8606-1901,1-634350,158.35,1
8554-12704,1-619066,2.432,0
8330-12701,1-418626,219.615,1
7957-3704,1-547107,155.514,1
7962-3704,1-178204,174.848,1
8315-12703,1-322802,314.397,1
8313-3701,1-633587,295.441,1
7990-3704,1-24394,124.149,0
7957-12703,1-547210,451.005,1
7992-3704,1-22333,155.026,1
8263-12704,1-258737,161.6,1
8588-1901,1-135657,154.365,1
7957-12701,1-546816,154.609,1
8485-12704,1-209287,172.925,1
8483-1902,1-94228,206.065,1
8315-12704,1-322806,200.165,1
8548-3701,1-92635,372.184,1
8330-3701,1-402454,264.736,1
8263-1902,1-258747,105.453,0
8330-12702,1-402422,265.67,1
8315-12705,1-322787,260.203,1
8464-12704,1-282712,204.724,1
8618-12703,1-113700,159.923,1
8452-1902,1-148046,242.017,1
8312-3701,1-211006,112.042,0
7990-1902,1-634828,128.207,0
7957-3702,1-547180,113.679,0
8481-12705,1-91762,180.406,1
8312-3702,1-135095,141.241,2
8254-3704,1-611836,152.427,0
8601-12704,1-569114,402.172,0
8315-3701,1-322679,170.655,1
8550-12702,1-211082,129.482,0
8606-12705,1-176546,234.169,1
8549-1902,1-134562,150.522,1
8263-3704,1-258782,103.749,0
8315-3702,1-322671,261.251,1
8312-3704,1-210754,108.051,0
8313-3704,1-633591,292.024,1
8315-3704,1-323055,139.763,2
8551-12703,1-247858,157.509,1
8318-3704,1-575704,106.328,0
8313-12704,1-569216,144.515,0
8320-3704,1-519742,117.967,2
8325-3704,1-235307,169.741,1
8548-12702,1-93260,194.77,1
8318-12703,1-284485,165.655,0
8330-3704,1-402436,86.937,0
8332-3704,1-251198,179.695,1
8335-3704,1-252046,110.233,2
8483-12701,1-92487,193.723,1
8325-12702,1-234997,176.806,1
8332-1901,1-251303,,0
8447-3704,1-260715,217.37,1
8448-3704,1-487272,95.249,0
8549-12703,1-93310,195.515,1
8452-3704,1-173030,107.563,0
8484-1901,1-94029,135.081,2
8448-12703,1-487432,299.035,1
8464-3704,1-258947,131.193,0
8465-3704,1-284523,121.016,0
8466-3704,1-256832,417.777,0
8481-3704,1-91550,427.628,1
8482-3704,1-93612,137.82,0
8483-3704,1-93503,139.731,2
8484-3704,1-94063,129.621,0
8485-3704,1-209108,157.309,1
8486-3704,1-209607,446.171,1
8548-3704,1-93257,84.539,0
8549-3704,1-134634,217.362,1
8550-3704,1-211311,127.348,0
8551-3704,1-247845,295.884,1
8552-3704,1-322259,79.017,0
8554-3704,1-401052,148.016,0
8555-3704,1-93876,523.566,1
8588-3704,1-95093,127.998,0
8601-3704,1-135506,126.14,2
8603-3704,1-210701,125.878,0
8604-3704,1-210710,118.37,2
8606-3704,1-136305,105.929,2
8612-3704,1-95658,265.382,1
8618-3704,1-113672,285.62,1
8554-1902,1-419351,98.397,0
8254-12701,1-275354,110.553,0
8618-12701,1-113539,76.655,0
7957-6101,1-561020,132.53,0
7962-6101,1-178442,408.48,1
8313-12703,1-248348,150.642,2
8335-3701,1-252049,106.402,0
7990-6101,1-23866,116.329,0
8484-12702,1-93215,234.852,1
7992-6101,1-22301,410.638,1
8318-12704,1-284317,105.465,0
8618-12702,1-635474,76.579,0
8618-1901,1-113698,72.601,0
8335-1902,1-252147,78.298,0
8482-1902,1-92547,238.593,1
8618-1902,1-113567,72.595,0
8486-3701,1-209049,490.218,1
8486-12704,1-209407,84.288,0
8606-12703,1-564477,447.942,2
8465-12701,1-284428,101.776,0
8318-3701,1-259893,141.641,0
8332-12703,1-286307,358.921,1
8552-12705,1-322048,74.661,0
8313-1902,1-248419,145.948,1
8263-3701,1-282106,162.863,1
8325-12704,1-320324,538.935,1
8312-12701,1-210866,125.461,0
8466-12705,1-257100,189.596,1
8447-3701,1-405229,204.8,1
8254-6101,1-255890,550.252,1
8588-12704,1-135641,129.493,0
8483-12704,1-574361,90.747,0
8325-12705,1-235385,166.018,1
8604-12705,1-569166,116.347,0
7992-12705,1-22942,409.968,1
8263-6101,1-258823,104.936,0
8483-12705,1-93466,148.01,1
8312-6101,1-210966,,0
8313-6101,1-248389,147.821,2
8315-6101,1-322974,170.843,1
8550-12703,1-135054,127.228,0
8318-6101,1-284291,217.38,2
8466-3701,1-575898,277.779,1
8320-6101,1-523004,113.827,0
8325-6101,1-234980,220.632,1
8486-12702,1-209533,160.118,1
8312-12703,1-211017,151.887,0
8330-6101,1-402487,221.244,1
8332-6101,1-250940,374.373,1
8335-6101,1-251788,75.985,2
8482-12701,1-542375,237.063,0
8481-1901,1-91577,191.551,1
8330-1901,1-402576,191.517,1
8447-6101,1-260446,304.379,2
8448-6101,1-486227,150.565,1
8549-12704,1-134599,84.932,0
8452-6101,1-167610,104.656,0
8483-1901,1-93551,89.49,0
8447-12703,1-260783,,1
8464-6101,1-258599,479.091,1
8465-6101,1-284031,536.423,0
8466-6101,1-277992,468.425,1
8481-6101,1-91652,264.897,1
8482-6101,1-92771,340.776,1
8483-6101,1-93557,85.511,2
8484-6101,1-93835,132.306,2
8485-6101,1-247331,153.959,1
8486-6101,1-209428,242.659,1
8548-6101,1-93233,239.079,1
8549-6101,1-209712,246.095,0
8550-6101,1-594483,132.032,0
8551-6101,1-198869,81.304,0
8552-6101,1-321962,77.974,0
8554-6101,1-419369,147.436,2
8555-6101,1-210323,266.417,0
8588-6101,1-135517,135.227,0
8601-6101,1-594528,120.374,0
8603-6101,1-594493,129.439,0
8604-6101,1-210895,135.937,2
8606-6101,1-136268,175.414,1
8612-6101,1-95982,142.743,0
8618-6101,1-635503,125.124,0
7990-12701,1-24414,127.031,0
8263-12703,1-590053,100.736,0
8320-1902,1-519705,119.644,2
7957-6102,1-561039,110.045,0
7962-6102,1-178233,182.512,1
8320-12705,1-519746,116.976,0
8612-1902,1-95825,141.023,2
7990-6102,1-24379,114.749,2
8612-12702,1-96075,258.853,0
7992-6102,1-634299,97.076,0
8312-12704,1-633990,126.325,0
8554-1901,1-419555,183.557,1
8603-1901,1-211007,120.93,2
8464-12702,1-258988,222.266,1
8466-1902,1-256819,270.722,1
8603-1902,1-210773,135.974,0
8482-3701,1-92774,228.409,1
8604-1901,1-211079,129.755,0
8254-1902,1-255878,104.135,0
8606-12701,1-95585,259.685,0
8552-1902,1-321967,165.798,1
8448-12704,1-487449,97.327,0
8254-12702,1-255903,155.998,1
7992-1901,1-22438,71.065,0
8485-12701,1-209191,100.746,0
8313-12705,1-248233,134.31,0
8612-3701,1-94977,124.022,0
8486-1901,1-134004,80.295,0
8263-12705,1-258607,200.393,2
8254-6102,1-276679,108.388,0
8551-12704,1-247417,125.416,0
8554-3701,1-419380,101.111,0
8554-12703,1-419504,353.773,1
8555-12705,1-134954,134.253,0
8318-12701,1-259650,211.801,0
8263-6102,1-258804,94.282,0
8452-3701,1-608874,178.357,2
8312-6102,1-210972,138.451,2
8313-6102,1-248289,144.936,0
8315-6102,1-560832,262.544,1
8485-12703,1-633196,160.928,0
8318-6102,1-284293,490.484,2
8554-12705,1-401919,142.455,0
8320-6102,1-519707,118.872,0
8325-6102,1-235301,271.843,1
8482-12702,1-542351,234.242,0
8604-12701,1-210881,148.593,0
8330-6102,1-285748,204.027,1
8332-6102,1-251278,555.182,1
8335-6102,1-252094,83.134,0
8464-12701,1-258820,101.259,0
8601-12701,1-135568,371.335,1
8320-1901,1-523238,118.68,0
8447-6102,1-260377,468.672,0
8448-6102,1-487164,98.561,0
8464-1902,1-258774,162.117,2
8452-6102,1-172948,178.523,0
8465-1901,1-234115,123.423,0
8335-12703,1-252072,79.202,0
8464-6102,1-258752,97.154,0
8465-6102,1-234092,120.9,2
8466-6102,1-256647,203.424,1
8481-6102,1-91580,196.039,1
8482-6102,1-92832,238.659,0
8483-6102,1-633943,237.1,0
8484-6102,1-94168,139.132,0
8485-6102,1-209175,158.847,1
8486-6102,1-134020,83.534,0
8548-6102,1-93236,199.512,1
8549-6102,1-134614,219.319,1
8550-6102,1-211239,113.751,2
8551-6102,1-198859,286.603,1
8552-6102,1-321961,169.849,1
8554-6102,1-414400,513.95,0
8555-6102,1-134994,492.449,1
8588-6102,1-135372,128.327,2
8601-6102,1-135512,119.603,2
8603-6102,1-210752,111.628,0
8604-6102,1-210863,128.075,0
8606-6102,1-136292,466.44,0
8612-6102,1-564483,253.696,1
8618-6102,1-635506,74.802,2
8464-12705,1-259001,99.801,0
8332-3701,1-575778,261.163,1
8315-1901,1-322680,158.006,1
7957-6103,1-546834,118.933,2
7962-6103,1-178533,377.302,0
8465-12705,1-285004,120.325,0
7992-12703,1-594809,69.476,0
7990-6103,1-25688,124.855,2
8555-12702,1-633832,227.113,1
7992-6103,1-22414,365.738,1
8618-12704,1-113587,286.607,1
8485-1902,1-209113,160.127,1
8551-1901,1-247449,125.769,0
8315-1902,1-323026,130.338,2
8485-12702,1-209151,80.145,0
8551-1902,1-247373,92.058,0
8466-1901,1-277944,125.128,2
8485-3701,1-247348,157.75,1
7990-3701,1-23894,129.706,0
8486-12703,1-633225,,0
7992-3702,1-22383,224.708,1
8332-12704,1-251269,403.542,1
7990-1901,1-634825,128.072,0
7957-1901,1-634477,99.841,0
8318-12705,1-259908,124.396,0
8606-1902,1-136304,,2
8555-3701,1-134964,193.462,2
8447-12702,1-627377,252.486,1
8588-3701,1-210700,494.345,1
8254-6103,1-276590,527.025,2
8484-12704,1-94139,240.568,1
8588-12702,1-634138,130.229,2
8606-12702,1-136306,99.675,0
8548-12705,1-93288,221.448,1
8603-12703,1-135133,127.87,0
8263-6103,1-258750,106.045,0
8483-12702,1-93520,139.121,1
8312-6103,1-135152,128.745,2
8313-6103,1-247976,102.357,0
8315-6103,1-322768,329.746,0
8465-12703,1-234270,227.967,1
8318-6103,1-284335,147.894,1
8254-1901,1-277339,83.088,0
8320-6103,1-519720,219.91,1
8325-6103,1-320328,218.215,1
8588-1902,1-135794,129.785,0
8551-12701,1-569130,263.161,1
8330-6103,1-559041,115.519,0
8332-6103,1-251119,202.648,1
8335-6103,1-251739,329.642,0
8447-12701,1-260733,211.116,1
8483-12703,1-542318,240.141,1
8312-1901,1-210846,126.42,2
8447-6103,1-260541,304.755,0
8448-6103,1-487452,96.679,0
8486-1902,1-133987,84.449,0
8452-6103,1-172962,250.143,0
8448-1901,1-487267,92.517,0
8320-12703,1-523033,129.058,2
8464-6103,1-258795,161.432,1
8465-6103,1-233721,140.981,0
8466-6103,1-278015,259.822,1
8481-6103,1-633356,195.492,0
8482-6103,1-542414,247.193,0
8483-6103,1-93705,149.856,1
8484-6103,1-93252,105.413,0
8485-6103,1-209221,107.289,0
8486-6103,1-133948,84.347,0
8548-6103,1-92502,87.462,0
8549-6103,1-134293,175.349,1
8550-6103,1-211103,105.464,0
8551-6103,1-247395,292.517,1
8552-6103,1-322096,448.45,1
8554-6103,1-419288,504.249,0
8555-6103,1-93872,524.639,0
8588-6103,1-135679,140.724,1
8601-6103,1-135545,128.549,2
8603-6103,1-135058,115.655,2
8604-6103,1-248869,134.732,0
8606-6103,1-95657,257.653,1
8612-6103,1-94971,252.724,0
8618-6103,1-113525,73.455,0
8330-1902,1-402656,86.439,0
8325-3701,1-235018,171.648,1
8332-12701,1-250959,121.023,0
7957-6104,1-595044,109.36,0
7962-6104,1-178443,199.208,1
8263-3702,1-282114,436.249,1
8464-1901,1-258746,103.419,2
7990-6104,1-25593,112.297,0
7962-12703,1-178586,199.402,0
7992-6104,1-22662,116.162,0
8320-12704,1-523027,114.593,2
8464-3701,1-258617,199.824,1
8452-12704,1-172986,215.368,1
7992-12702,1-22298,252.625,1
8452-1901,1-167688,110.526,0
8325-12701,1-286558,180.292,1
8549-3701,1-210231,176.875,1
8481-12701,1-90807,273.124,1
8550-12705,1-135468,127.943,2
8325-1901,1-235239,171.664,1
8335-12704,1-592984,,0
8465-12704,1-576537,230.873,1
8263-12702,1-258760,102.281,0
8550-1902,1-210748,131.689,2
8588-12705,1-135383,128.575,0
8313-12701,1-247977,150.338,0
7962-3702,1-177796,417.644,1
8482-12705,1-542392,175.361,0
8313-3702,1-248328,249.228,0
8254-6104,1-255928,157.839,1
8603-12704,1-135030,116.981,0
8618-12705,1-113476,454.597,1
8548-12703,1-93598,92.674,0
8612-12705,1-95842,151.655,2
7990-12704,1-25554,114.87,0
8263-6104,1-282762,166.775,2
8254-12705,1-256131,238.881,1
8312-6104,1-135077,124.157,2
8313-6104,1-210112,162.798,1
8315-6104,1-633211,261.571,2
8552-12703,1-322028,317.065,1
8318-6104,1-284525,114.255,2
8447-12705,1-405261,103.756,0
8320-6104,1-627332,128.075,2
8325-6104,1-320337,218.727,0
8549-12702,1-210017,181.986,0
8612-12701,1-95990,150.055,1
8330-6104,1-418197,268.433,1
8332-6104,1-286274,292.615,1
8335-6104,1-252070,330.277,1
8484-12701,1-569042,438.207,0
8318-1901,1-284321,105.051,0
8335-1901,1-251783,109.617,0
8447-6104,1-260743,547.391,1
8448-6104,1-487383,93.09,0
8606-3701,1-136120,236.761,2
8452-6104,1-172987,179.62,1
8485-1901,1-209232,171.613,1
8554-12702,1-419536,95.75,0
8464-6104,1-258778,103.766,0
8465-6104,1-234272,229.538,1
8466-6104,1-279123,435.989,0
8481-6104,1-576269,415.62,0
8482-6104,1-542370,231.576,1
8483-6104,1-93471,486.844,0
8484-6104,1-94136,78.247,0
8485-6104,1-209296,268.896,1
8486-6104,1-133922,75.687,0
8548-6104,1-93231,200.432,1
8549-6104,1-93305,84.653,0
8550-6104,1-135516,134.054,2
8551-6104,1-247817,154.551,1
8552-6104,1-198600,260.584,0
8554-6104,1-419301,252.094,2
8555-6104,1-93908,197.178,0
8588-6104,1-95111,138.062,2
8601-6104,1-135055,128.239,0
8603-6104,1-633994,130.13,2
8604-6104,1-210784,124.505,0
8606-6104,1-546912,348.908,1
8612-6104,1-95843,150.781,0
8618-6104,1-113647,299.1,1
7962-12701,1-177822,97.52,0
8550-12704,1-211063,140.723,0
8315-12701,1-560834,262.324,1
7957-9101,1-177296,155.317,1
7962-9101,1-178482,411.725,0
8254-12703,1-276761,208.642,1
8612-1901,1-594755,148.156,2
7990-9101,1-23914,119.791,2
8603-12702,1-211227,118.378,0
7992-9101,1-22412,82.576,0
7957-12702,1-547131,100.757,0
7992-1902,1-23023,115.897,0
8555-1901,1-134503,157.137,1
7990-12702,1-23877,121.261,0
8465-1902,1-285020,124.073,2
8555-1902,1-135207,134.096,2
8465-3701,1-284048,127.924,0
7992-3701,1-22347,183.782,1
8601-3701,1-211098,121.284,2
8320-3701,1-519738,118.38,0
8552-1901,1-322074,117.166,2
8466-12702,1-278011,121.642,0
8604-3701,1-210728,123.49,0
8604-12703,1-135502,130.213,0
8549-12705,1-134597,185.373,0
7957-12705,1-547159,298.221,1
8603-3701,1-210731,120.266,0
8448-12705,1-487293,96.41,0
8254-3702,1-276563,217.994,1
8254-9101,1-275340,108.671,2
8548-12704,1-633839,89.08,2
8263-12701,1-258777,103.613,0
8312-12705,1-211023,132.973,2
8551-12705,1-247382,126.499,0
8612-12703,1-96077,67.979,2
8263-9101,1-282150,161.068,1
8254-3701,1-276544,202.465,1
8312-9101,1-210785,143.403,0
8313-9101,1-247980,163.46,0
8315-9101,1-322784,256.727,1
8482-12703,1-93640,206.817,2
8318-9101,1-259618,120.849,0
8604-12702,1-210736,149.731,2
8320-9101,1-523050,126.74,0
8325-9101,1-235186,270.818,1
8465-12702,1-284515,103.28,2
8588-12701,1-594602,131.712,0
8330-9101,1-285728,147.938,2
8332-9101,1-250922,121.584,0
8335-9101,1-251775,327.451,0
8452-12701,1-167678,168.687,1
8320-12702,1-523065,119.51,0
8464-12703,1-282708,105.792,0
8447-9101,1-260458,254.22,1
8448-9101,1-487130,241.945,1
8318-1902,1-284349,213.871,1
8452-9101,1-172936,255.113,0
8447-1901,1-402649,87.309,0
8603-12701,1-210700,494.345,1
8464-9101,1-282600,432.397,0
8465-9101,1-591474,104.745,0
8466-9101,1-256860,105.588,0
8481-9101,1-90779,271.523,1
8482-9101,1-92626,182.292,0
8483-9101,1-93378,203.837,1
8484-9101,1-93876,523.566,1
8485-9101,1-209266,300.77,0
8486-9101,1-133976,79.169,0
8548-9101,1-92615,384.315,1
8549-9101,1-134209,225.829,0
8550-9101,1-135530,121.117,2
8551-9101,1-247430,170.634,1
8552-9101,1-322020,270.119,1
8554-9101,1-419450,94.17,0
8555-9101,1-134924,136.204,0
8588-9101,1-135371,149.395,2
8601-9101,1-569116,110.999,0
8603-9101,1-135134,129.41,0
8604-9101,1-594505,118.735,0
8606-9101,1-634274,256.846,0
8612-9101,1-95770,215.728,1
8618-9101,1-596095,75.947,2
8484-3701,1-93861,140.357,2
8601-12705,1-135810,126.866,0
8466-12701,1-277987,100.626,0
7957-9102,1-547185,110.034,0
7962-9102,1-178550,196.976,0
8555-12704,1-134884,506.575,0
8550-1901,1-594446,128.292,2
7990-9102,1-25609,124.644,2
8452-12705,1-609412,107.081,0
7992-9102,1-22948,458.722,1
8481-12702,1-91678,194.731,1
7957-1902,1-547135,133.082,0
8447-1902,1-260744,252.926,1
8548-1902,1-92519,86.657,0
7957-3701,1-634538,153.659,0
8551-3701,1-247424,160.396,1
8481-1902,1-91339,266.241,1
8452-12702,1-147685,178.923,1
8448-3701,1-487046,90.785,0
7962-1901,1-178405,119.489,0
8481-12704,1-91760,269.804,1
8312-12702,1-210923,136.308,0
7962-12704,1-178414,96.074,0
8618-3701,1-113208,284.413,1
8484-1902,1-94066,106.195,0
8484-12703,1-574355,131.211,2
8484-12705,1-94169,79.388,0
8466-12703,1-279002,145.665,1
8254-9102,1-276562,158.491,1
8606-12704,1-546894,469.696,1
8601-12703,1-135057,123.272,0
8332-12705,1-251279,140.019,0
7992-12701,1-634238,247.833,0
7992-12704,1-22286,392.681,0
8263-9102,1-575826,201.274,0
8486-12705,1-569072,249.33,1
8312-9102,1-210774,123.912,0
8313-9102,1-248357,141.316,0
8315-9102,1-236776,183.598,1
8555-12703,1-134848,241.045,1
8318-9102,1-284522,113.328,0
8481-12703,1-90849,270.32,1
8320-9102,1-532459,217.552,0
8325-9102,1-235306,275.053,1
8551-12702,1-247456,286.655,1
8554-12701,1-419427,380.722,1
8330-9102,1-260481,103.607,0
8332-9102,1-251307,137.562,2
8335-9102,1-252151,75.749,0
8486-12701,1-209537,161.287,0
8448-12702,1-486243,114.543,0
8315-12702,1-236745,265.533,0
8447-9102,1-559049,379.254,0
8448-9102,1-487099,311.833,1
8330-12704,1-402467,110.431,0
8452-9102,1-586863,168.122,2
8548-1901,1-92638,160.922,1
8482-1901,1-594386,174.804,0
8464-9102,1-258758,102.513,0
8465-9102,1-284526,118.435,0
8466-9102,1-279083,75.704,0
8481-9102,1-90785,171.737,1
8482-9102,1-92744,239.482,1
8483-9102,1-93455,165.027,1
8484-9102,1-634055,235.649,2
8485-9102,1-209199,112.283,0
8486-9102,1-133941,81.751,0
8548-9102,1-93352,90.315,0
8549-9102,1-210019,180.08,1
8550-9102,1-211017,151.887,0
8551-9102,1-247882,159.021,1
8552-9102,1-322113,468.184,1
8554-9102,1-419607,551.065,1
8555-9102,1-93903,192.404,1
8588-9102,1-594641,128.107,2
8601-9102,1-95120,142.888,0
8603-9102,1-210844,152.481,2
8604-9102,1-210971,124.042,0
8606-9102,1-136286,139.442,2
8612-9102,1-96154,141.708,1
8618-9102,1-113654,180.9,1
8721-3701,1-47511,454.408,1
8980-12704,1-236133,70.852,0
8084-1902,1-38618,93.664,0
8449-12703,1-613340,91.491,0
8715-12705,1-378795,381.404,1
7960-3702,1-177528,126.272,2
8655-3702,1-29726,331.285,0
8623-3702,1-178790,115.354,2
8156-3702,1-38887,103.802,0
8567-3702,1-378394,324.672,1
8077-3702,1-37062,106.405,0
8078-3702,1-37079,117.25,2
8086-3702,1-229070,109.289,0
8566-3702,1-338600,84.859,0
8155-3702,1-38543,,0
8147-3702,1-201183,69.466,0
8146-3702,1-604816,166.838,0
8728-3702,1-51970,139.35,0
8145-3702,1-201314,68.434,0
8149-3702,1-145995,172.166,1
8713-3702,1-43137,341.086,0
8084-3702,1-604052,93.705,0
8726-3702,1-217695,186.944,1
8719-3702,1-44865,95.336,0
8461-3702,1-166670,373.794,0
8718-3702,1-44726,251.33,1
8721-3702,1-47948,189.652,1
8725-3702,1-45527,225.195,0
8458-3702,1-585744,106.773,0
10001-3702,1-48136,109.836,0
8456-3702,1-545611,275.747,1
8715-3702,1-604907,225.286,1
8455-3702,1-254694,260.754,0
8568-3702,1-392862,220.551,1
8462-3702,1-232720,470.598,2
8255-3702,1-277277,91.478,0
8449-3702,1-489766,111.279,0
8338-3702,1-491140,83.382,0
8262-3702,1-258249,104.109,0
8450-3702,1-490074,250.384,1
8454-3702,1-167392,160.146,1
8716-3702,46-183,403.918,0
8717-3702,1-71488,260.209,0
8239-3702,1-378412,93.432,0
8724-3702,1-48084,132.417,0
8714-3702,1-339111,215.13,0
8711-3702,1-378910,270.607,0
8241-3702,1-460404,353.57,1
8712-3702,1-379430,103.154,0
8720-3702,1-45399,289.635,1
8591-3702,1-245088,169.956,1
8592-3702,1-207984,159.19,1
8949-3702,1-457153,86.782,0
8952-3702,1-458359,125.497,2
8600-3702,1-210604,112.532,0
8934-3702,1-456508,89.711,0
8333-3702,1-592881,123.059,2
8547-3702,1-245896,180.156,1
8978-3702,1-569098,290.06,1
8979-3702,1-210135,166.185,0
8595-3702,1-197702,282.443,1
8987-3702,1-386430,203.085,1
8942-3702,1-218427,555.368,1
8943-3702,1-558139,112.087,2
8948-3702,1-148601,100.265,0
8939-3702,1-298668,106.841,0
8946-3702,1-279188,106.426,2
8947-3702,1-149593,111.945,0
8945-3702,1-279617,190.768,1
8980-3702,1-236045,172.065,2
8597-3702,1-198387,158.761,1
8950-3702,1-456505,115.652,2
8931-3702,1-456381,106.415,0
9029-3702,1-135091,135.283,0
9042-3702,1-316385,336.862,0
9026-3702,1-94786,132.818,0
9049-3702,1-269634,204.357,0
9002-3702,1-373057,137.117,1
8613-3702,1-136111,390.903,1
9041-3702,1-633256,134.23,2
8553-3702,1-542308,207.566,0
8626-1902,1-24246,328.305,0
8714-12703,1-339295,183.202,1
8616-12701,1-180298,504.544,1
8616-3702,1-180299,519.86,0
8721-1901,1-48772,191.151,1
8713-12701,1-43528,245.57,1
8338-12701,1-614850,90.802,2
8600-12701,1-210667,119.745,0
8950-12701,1-455684,189.629,1
8602-3703,1-211051,121.887,2
9042-12705,1-316865,510.969,1
8615-3703,1-180028,78.811,2
8239-12701,1-378360,485.311,1
8949-12702,1-456959,100.013,0
8716-12703,1-379571,177.04,1
8655-12705,1-29799,189.46,1
8711-3701,1-379261,100.196,0
8943-12705,1-609414,459.044,0
8553-12705,1-90901,201.267,0
8077-12705,1-109081,184.043,2
8077-12702,1-36849,116.905,2
10001-12702,1-48188,171.877,1
8942-12705,1-230171,87.225,0
8711-12702,1-378903,,0
8943-12702,1-392691,182.539,1
8553-12702,1-90190,52.496,0
8979-3701,1-248410,107.459,2
8711-12703,1-379241,170.521,1
8255-3701,1-277328,157.987,1
8978-1901,1-94554,135.326,2
8084-1901,1-38373,152.732,1
8145-12703,1-201318,98.428,0
8255-12703,1-255916,211.606,1
8949-12703,1-404152,68.98,0
8980-12703,1-236144,120.64,0
8611-3703,1-23712,114.936,0
8077-12701,1-36645,,1
8149-12702,1-164109,196.467,1
8613-12701,1-560933,135.884,2
8081-3703,1-109356,103.89,0
8934-12705,1-403685,106.495,0
8615-1901,1-180047,85.291,0
8600-12705,1-134716,187.198,1
8725-12703,1-73241,189.592,1
8155-12704,1-38713,103.218,0
8721-12704,1-48773,328.556,0
8600-12704,1-210631,117.201,0
8626-3703,1-24440,125.611,2
8950-12704,1-456288,94.706,2
8949-12701,1-456405,111.804,2
9041-12705,1-633308,326.143,2
8616-3703,1-180308,509.754,1
8987-12702,1-386453,112.807,0
9042-12701,1-375129,189.761,1
8462-12705,1-606005,94.64,2
8458-12705,1-166892,69.053,0
8952-12705,1-458504,266.256,1
8947-12705,1-174475,192.81,1
8945-12705,1-257412,105.673,0
8979-12705,1-569155,254.511,1
8950-12705,1-456915,107.742,2
8239-12705,1-548080,213.625,1
8987-12705,1-605640,93.79,0
9029-12705,1-135078,126.007,0
8939-12705,1-384548,226.175,1
8597-12705,1-246944,106.539,0
8948-12705,1-173872,102.372,2
8949-12705,1-456637,104.138,2
8946-12705,1-576146,490.111,2
8454-12705,1-586585,100.792,2
8595-12705,1-246331,306.863,1
8931-12705,1-456935,115.267,2
8978-12705,1-569095,122.248,0
8717-12705,1-584687,,0
8449-12705,1-613769,137.746,0
8980-12705,1-235988,116.469,2
8712-12705,1-379741,139.755,0
8613-12705,1-176803,389.048,0
8462-1901,1-301331,100.745,0
8338-12705,1-491045,503.982,1
8455-3701,1-274519,125.077,2
8711-12705,1-378863,91.8,0
8262-12705,1-258631,302.314,1
9002-12705,1-373102,212.848,1
8241-12705,1-605282,115.165,0
8156-12705,1-38822,108.719,0
9049-12705,1-269630,202.849,0
9026-12705,1-94696,143.695,0
7960-3703,1-547295,170.945,1
8655-3703,1-29878,160.386,1
8623-3703,1-205522,471.753,1
8156-3703,1-38787,159.008,1
8567-3703,1-351478,241.271,1
8077-3703,1-36942,188.041,1
8078-3703,1-36880,101.888,0
8086-3703,1-229064,108.775,2
8566-3703,1-43272,175.888,1
8155-3703,1-38541,101.384,0
8147-3703,1-556577,95.168,0
8146-3703,1-201449,258.994,1
8728-3703,1-52494,496.236,0
8145-3703,1-556499,69.818,2
8149-3703,1-145920,114.328,2
8713-3703,1-43856,179.187,1
8084-3703,1-38463,97.684,0
8726-3703,1-217650,119.318,0
8719-3703,1-44915,170.029,1
8461-3703,1-166959,292.778,0
8718-3703,1-45112,170.278,1
8721-3703,1-48558,108.795,0
8725-3703,1-73009,222.813,1
8458-3703,1-545674,68.226,0
10001-3703,1-55612,170.844,1
8456-3703,1-147548,100.15,0
8715-3703,1-379124,225.968,1
8455-3703,1-254708,180.669,1
8568-3703,1-274368,97.363,0
8462-3703,1-232643,96.207,0
8255-3703,1-277246,94.745,0
8449-3703,1-488712,176.872,1
8338-3703,1-492536,132.284,0
8262-3703,1-258667,275.18,1
8450-3703,1-489814,148.798,2
8454-3703,1-167423,357.031,1
8716-3703,1-548341,287.489,1
8717-3703,1-121735,191.668,1
8239-3703,1-378428,139.33,0
8724-3703,1-48067,109.529,2
8714-3703,1-44818,95.034,0
8711-3703,1-379348,77.254,0
8241-3703,1-460882,123.291,2
8712-3703,1-379536,139.392,2
8720-3703,1-351746,292.674,0
8591-3703,1-245555,71.347,0
8592-3703,1-631680,124.053,2
8949-3703,1-624035,92.202,0
8952-3703,1-458395,122.978,0
8600-3703,1-135202,118.561,0
8934-3703,1-457122,102.96,0
8333-3703,1-266288,511.029,1
8547-3703,1-245869,181.978,2
8978-3703,1-135664,134.761,0
8979-3703,1-210611,115.434,0
8595-3703,1-631278,126.465,0
8987-3703,1-386452,115.082,0
8942-3703,1-218435,85.792,0
8943-3703,1-394326,482.211,1
8948-3703,1-149067,90.161,0
8939-3703,1-584936,85.659,0
8946-3703,1-279073,137.311,0
8947-3703,1-174629,196.9,1
8945-3703,1-279666,190.566,1
8980-3703,1-236150,72.693,0
8597-3703,1-198182,151.938,0
8950-3703,1-456634,80.7,0
8931-3703,1-404231,100.416,0
9029-3703,1-135244,132.297,0
9042-3703,1-593972,139.31,0
9026-3703,1-94783,130.822,0
9049-3703,1-270160,269.834,2
9002-3703,1-314484,351.613,1
8613-3703,1-177221,249.367,1
9041-3703,1-264054,134.618,0
8553-3703,1-91010,299.089,1
8566-12701,1-43188,384.681,1
8333-12703,1-266112,148.496,2
8626-12701,1-24425,124.945,0
8947-12702,1-149532,100.289,0
8978-12704,1-94403,121.209,0
8146-12701,1-604839,119.128,0
8568-12701,1-392976,181.271,1
8591-12701,1-245082,174.612,1
8947-12701,1-614456,237.787,0
8602-3704,1-211241,127.275,2
8547-12701,1-593159,188.101,0
8615-3704,1-180012,132.087,0
8720-12705,1-351716,508.279,1
8086-12703,1-202097,170.452,1
8081-12702,1-37730,,1
8262-12701,1-282509,102.26,0
8568-12702,1-274366,91.868,0
8728-3701,1-51938,119.667,0
8949-1901,1-623581,110.493,2
8155-12701,1-38550,129.854,0
8655-12702,1-29843,98.644,0
8718-12702,1-44379,164.318,0
8566-3701,1-43268,137.409,1
8717-12702,1-121747,494.837,2
8979-12702,1-210578,517.538,1
9049-12702,1-295476,359.775,1
8591-1901,1-245405,185.067,1
8718-3701,1-44113,400.853,2
8712-12704,1-379708,137.9,0
8978-12703,1-634119,68.958,2
10001-1902,1-48201,108.94,0
8155-12703,1-38523,,1
8715-12703,1-378826,387.399,0
8712-12703,1-379653,143.664,0
8939-12703,1-298868,118.92,2
8611-3704,1-25725,124.376,2
8450-12702,1-491193,170.632,1
8623-1901,1-178794,211.759,1
8611-12704,1-23745,87.711,2
8081-3704,1-38014,223.135,1
8978-1902,1-94451,117.293,0
10001-12705,1-55784,193.462,1
8595-12701,1-197805,306.143,1
8719-1902,1-44690,124.253,0
8145-12704,1-152587,100.94,0
8255-12704,1-256150,108.102,0
8591-12704,1-245456,172.024,1
8626-3704,1-24418,128.066,0
8947-12704,1-149147,116.176,2
8726-12704,1-217649,194.221,1
8147-12702,1-145842,375.159,1
8616-3704,1-180193,129.215,2
8156-12702,1-38856,110.872,0
8239-3701,1-378526,,0
8611-1901,1-23731,88.561,0
8616-12703,1-180153,517.525,0
8456-12705,1-167169,112.809,0
8613-12703,1-177270,155.271,0
8591-12703,1-245089,177.597,1
8084-3701,1-202131,90.808,0
8943-12701,1-392720,243.334,1
8713-1902,1-43829,85.731,0
8592-1901,1-207925,115.633,2
8952-1902,1-458272,123.808,2
8718-1902,1-44312,94.327,0
9026-12701,1-93793,133.502,0
8566-1902,1-338593,171.733,1
8613-12702,1-136125,134.708,0
8978-3701,1-135625,121.46,0
8597-12702,1-198153,149.972,0
8084-12702,1-604048,154.355,0
8078-1901,1-109112,107.19,0
8147-3701,1-145828,98.975,0
8568-12705,1-392972,94.368,0
8725-12701,1-73005,213.668,1
8728-1902,1-639152,463.641,0
8931-12704,1-456341,109.105,0
8716-1902,1-351869,227.156,1
8449-1901,1-488532,137.106,0
8713-12705,1-71939,85.72,0
8615-12705,1-179795,177.083,1
8626-1901,1-24380,121.529,2
8081-1901,1-37931,115.804,2
8461-1902,1-166646,116.227,2
8934-12704,1-404168,97.99,0
8602-1901,1-211055,111.85,0
8602-12701,1-569169,114.741,2
8461-1901,1-217412,64.653,0
7960-3704,1-177533,102.967,0
8655-3704,1-204551,97.527,0
8623-3704,1-205502,221.741,1
8156-3704,1-38777,427.028,0
8567-3704,1-378401,251.47,1
8077-3704,1-37068,105.949,0
8078-3704,1-36892,99.274,0
8086-3704,1-229021,169.393,1
8566-3704,1-584598,175.031,2
8155-3704,1-109428,199.084,1
8147-3704,1-146046,114.794,0
8146-3704,1-556514,250.083,1
8728-3704,1-604210,262.313,0
8145-3704,1-556498,117.871,0
8149-3704,1-164153,75.148,2
8713-3704,1-71956,167.63,1
8084-3704,1-38334,157.401,1
8726-3704,1-217557,195.325,1
8719-3704,1-44700,99.358,0
8461-3704,1-166919,293.0,2
8718-3704,1-44091,393.924,0
8721-3704,1-564239,549.37,1
8725-3704,1-73029,209.059,1
8458-3704,1-545621,66.126,0
10001-3704,1-48223,131.21,0
8456-3704,1-167141,119.186,2
8715-3704,1-351815,376.803,1
8455-3704,1-274545,99.42,0
8568-3704,1-392956,210.396,1
8462-3704,1-232512,167.999,1
8255-3704,1-277289,157.428,1
8449-3704,1-574775,112.21,0
8338-3704,1-491233,140.939,2
8262-3704,1-282021,103.667,2
8450-3704,1-491063,205.83,1
8454-3704,1-254560,165.422,1
8716-3704,1-352081,167.425,1
8717-3704,1-121486,123.915,0
8239-3704,1-378486,92.472,0
8724-3704,1-48450,129.463,2
8714-3704,1-604860,214.904,0
8711-3704,1-379209,171.261,1
8241-3704,1-460912,269.251,2
8712-3704,1-379545,394.986,1
8720-3704,1-351692,228.124,1
8591-3704,1-197218,301.525,0
8592-3704,1-246212,159.441,1
8949-3704,1-457146,115.885,2
8952-3704,1-458209,120.866,0
8600-3704,1-594438,117.007,0
8934-3704,1-456380,111.13,2
8333-3704,1-569263,390.251,0
8547-3704,1-246191,155.191,1
8978-3704,1-135003,197.912,1
8979-3704,1-210461,254.975,1
8595-3704,1-245975,181.408,1
8987-3704,1-386264,116.011,2
8942-3704,1-218417,161.248,1
8943-3704,1-394382,472.335,0
8948-3704,1-148893,282.495,1
8939-3704,1-298727,67.558,0
8946-3704,1-279086,104.93,0
8947-3704,1-576188,487.178,1
8945-3704,1-280053,222.275,0
8980-3704,1-235976,70.343,0
8597-3704,1-198180,158.985,0
8950-3704,1-456744,111.04,2
8931-3704,1-456631,84.199,0
9029-3704,1-135086,141.35,0
9042-3704,1-593971,139.092,0
9026-3704,1-94690,133.991,2
9049-3704,1-295155,64.565,0
9002-3704,1-373354,223.361,1
8613-3704,1-176829,158.255,0
9041-3704,1-559120,340.192,1
8553-3704,1-91019,192.292,1
8615-12701,1-179900,237.288,1
8720-12702,1-351719,509.402,1
8241-12704,1-460461,83.389,2
8714-12705,1-44763,256.053,1
8725-3701,1-45520,159.845,1
8147-12701,1-145783,101.444,0
8455-12701,1-254342,124.832,0
8720-12701,1-45291,449.746,1
8946-12701,1-613799,220.625,2
8602-6101,1-211105,137.908,1
9026-1901,1-594582,132.073,0
8615-6101,1-179929,175.393,1
8081-12701,1-37671,327.214,0
8454-12704,1-167519,435.291,1
8454-12702,1-167242,308.597,1
8655-1901,1-29748,95.233,0
8934-12702,1-456984,78.992,0
8948-1901,1-587930,96.382,0
8568-1902,1-273861,198.761,1
8147-12705,1-604856,113.053,0
7960-12702,1-561017,126.559,0
8461-12702,1-166672,74.864,0
8943-1901,1-392007,111.96,0
8716-12702,1-352130,81.879,0
8978-12702,1-634093,503.192,1
9026-12702,1-94748,129.134,2
8615-12703,1-289865,218.025,0
8146-12704,1-556516,257.547,0
10001-12704,1-55616,61.424,2
8566-12702,1-43285,177.735,1
8086-12702,1-289817,110.318,0
8566-12703,1-43361,168.696,1
8456-12703,1-147485,102.885,0
8241-12703,1-460862,123.635,0
8948-12703,1-148855,102.996,0
8611-6101,1-25680,119.073,0
8456-12701,1-167167,99.445,0
8078-1902,1-109167,105.791,0
8979-12703,1-210098,164.224,1
8081-6101,1-38011,170.09,1
8333-1901,1-266298,109.676,2
8613-12704,1-176538,415.36,1
8454-12701,1-254520,186.974,1
9002-12704,1-314817,239.36,1
8728-12704,1-52284,155.167,1
8462-12704,1-232722,87.132,0
8720-12704,1-351743,71.039,0
8626-6101,1-634789,254.132,0
8946-12704,1-279320,141.91,1
8615-12704,1-550913,509.581,0
8553-1901,1-90242,,2
8616-6101,1-180168,128.052,2
8455-12702,1-254146,275.509,1
8567-12705,1-548200,241.492,0
8255-1901,1-256155,154.468,2
10001-1901,1-55567,110.432,2
8600-1901,1-633729,108.199,0
8945-1901,1-279544,140.776,2
8980-1901,1-236032,133.236,0
8595-1901,1-246064,111.072,2
8931-1901,1-456371,105.238,2
8724-1901,1-47463,103.45,0
8942-1901,1-218293,193.054,1
9042-1901,1-375364,295.89,0
8946-1901,1-174119,108.284,0
8950-1901,1-456687,119.563,2
8939-1901,1-298546,56.062,2
8952-1901,1-395508,112.489,0
8947-1901,1-149572,116.144,0
8716-1901,1-379199,82.921,0
8987-1901,1-386263,92.4,0
9029-1901,1-135235,131.837,2
8979-1901,1-248443,109.886,0
8239-1901,1-378549,92.082,0
8338-1901,1-491441,92.613,0
8597-1901,1-246517,83.134,0
8720-1901,1-351790,97.802,0
9041-1901,1-264158,134.643,0
8591-12702,1-245054,179.935,1
8262-1901,1-258311,99.558,0
8615-12702,1-596218,89.507,2
8241-1901,1-412631,181.903,0
8450-1901,1-489877,102.178,2
8613-1901,1-176448,124.344,2
8712-1901,1-379660,151.405,2
8156-1901,1-38764,175.279,1
9002-1901,1-373100,130.321,2
9049-1901,1-269632,498.173,2
7960-6101,1-177529,96.741,0
8655-6101,1-29792,97.433,0
8623-6101,1-178601,339.526,1
8156-6101,1-109521,204.547,2
8077-6101,1-37036,120.887,0
8078-6101,1-36877,517.767,1
8086-6101,1-229078,498.518,1
8566-6101,1-338250,490.598,1
8155-6101,1-38521,156.825,0
8147-6101,1-201182,66.298,0
8146-6101,1-201175,118.113,0
8728-6101,1-52367,268.705,1
8145-6101,1-584619,102.826,0
8149-6101,1-163894,168.139,1
8713-6101,43-22,48.763,0
8084-6101,1-38299,88.452,0
8726-6101,1-217674,189.987,1
8719-6101,1-44667,123.469,2
8461-6101,1-166600,372.981,0
8718-6101,1-44063,261.85,1
8721-6101,1-48586,161.297,1
8725-6101,1-72928,483.855,1
8458-6101,1-217479,176.73,1
10001-6101,1-55683,457.4,1
8456-6101,1-167166,99.813,2
8715-6101,1-379030,225.26,1
8455-6101,1-274506,100.053,0
8568-6101,1-547744,223.273,1
8462-6101,1-301537,93.888,0
8255-6101,1-256446,240.954,1
8449-6101,1-488700,91.337,0
8338-6101,1-574691,131.568,2
8262-6101,1-282020,102.807,0
8450-6101,1-491047,89.604,2
8454-6101,1-221753,284.319,1
8716-6101,1-351911,176.575,1
8717-6101,1-121697,191.082,1
8239-6101,1-378327,90.772,0
8724-6101,1-47244,253.119,0
8714-6101,1-44210,93.204,0
8711-6101,1-378957,397.628,1
8241-6101,1-461292,90.048,0
8712-6101,1-379291,147.938,0
8720-6101,1-351694,230.25,1
8591-6101,1-245451,314.591,1
8592-6101,1-246437,111.449,0
8949-6101,1-591248,94.426,0
8952-6101,1-627041,282.603,0
8600-6101,1-210128,292.22,1
8934-6101,1-404155,85.879,0
8333-6101,1-251657,336.551,0
8547-6101,1-245908,180.687,1
8978-6101,1-135608,292.266,1
8979-6101,1-633608,99.709,0
8595-6101,1-197718,478.336,0
8987-6101,1-386657,94.43,0
8942-6101,1-230177,86.332,0
8943-6101,1-558143,353.736,2
8948-6101,1-149277,100.725,0
8939-6101,1-384547,84.461,0
8946-6101,1-278221,224.592,1
8947-6101,1-174036,427.408,2
8945-6101,1-279381,141.692,2
8980-6101,1-236081,409.343,1
8597-6101,1-246946,110.194,0
8950-6101,1-456309,115.622,2
8931-6101,1-455681,89.933,0
9029-6101,1-135117,141.609,0
9042-6101,1-375134,138.669,0
9026-6101,1-94794,128.361,2
9049-6101,1-295506,60.551,0
9002-6101,1-373191,262.383,1
8613-6101,1-176879,256.16,1
9041-6101,1-264108,330.835,2
8553-6101,1-90176,51.401,2
8241-12701,1-460305,91.904,0
8333-12702,1-265907,516.437,1
8626-12704,1-24423,197.4,0
8149-1901,1-145913,73.952,0
8931-12701,1-455661,191.123,1
8078-12701,1-36832,114.249,2
8458-12701,1-217480,179.574,1
8714-12701,1-548135,494.116,0
8942-12701,1-218322,310.919,1
8602-6102,1-211027,148.919,1
8721-1902,1-48531,164.547,1
8615-6102,1-179844,256.977,1
9041-12701,1-264513,141.361,2
8155-3701,1-38612,94.975,0
8461-12703,1-166754,71.208,0
8978-12701,1-634056,128.198,0
8602-1902,1-211049,131.674,2
8568-12704,1-608586,219.939,2
8146-12705,1-201561,260.898,1
8458-1902,1-217358,179.267,1
8262-12703,1-258589,170.788,1
8713-12702,1-43139,174.718,1
8146-1902,1-201364,118.609,2
8338-12702,1-492564,160.997,1
8600-12702,1-210646,249.096,1
8950-12702,1-456286,99.846,2
8712-12701,1-379454,209.999,1
8547-12702,1-245695,191.172,1
8987-12704,1-386836,96.259,0
8239-1902,1-378375,91.958,0
8454-1901,1-254552,100.8,2
8567-12703,1-378715,79.066,0
8721-12703,1-48805,528.561,2
8239-12703,1-378400,,0
8595-12703,1-246362,107.469,0
8611-6102,1-23811,116.274,2
9002-12703,1-314374,336.778,0
8623-12703,1-178686,216.789,1
8987-12703,1-386847,199.639,1
8081-6102,1-38033,156.224,2
8952-12703,1-458515,127.49,0
8084-12704,1-38392,159.848,1
8718-1901,1-45108,136.188,0
8084-12703,1-109378,165.052,0
8078-12704,1-109073,182.965,1
8456-12704,1-167337,109.429,0
8714-12704,1-339291,97.231,0
8626-6102,1-24279,256.93,0
8942-12704,1-218295,159.256,1
9041-12704,1-264488,379.824,1
8155-1902,1-38528,100.693,0
8616-6102,1-289868,129.87,2
8149-12705,1-218116,196.604,0
8568-12703,1-274244,219.369,1
9029-12703,1-94514,252.509,0
8450-12703,1-492524,191.286,1
8086-12705,1-229010,174.256,0
8948-12702,1-148954,110.281,2
8239-12704,1-378403,78.269,0
8255-12705,1-255958,234.517,1
8728-12705,1-52259,276.56,1
8716-12704,1-352245,175.833,1
8086-1902,1-228987,65.218,0
8086-1901,1-229012,169.457,0
8333-1902,1-266244,73.843,0
8147-1901,1-201217,102.424,0
8081-12703,1-38398,,0
8567-1902,1-351596,229.403,1
8333-3701,1-251662,279.557,1
8553-12701,1-90986,165.146,1
8146-3701,1-201317,110.784,0
8931-12702,1-622911,118.635,0
8462-1902,1-301579,99.683,0
8338-12704,1-491218,94.841,0
8081-1902,1-37923,156.381,1
8718-12705,1-45036,,0
8616-1902,1-180208,128.736,0
8155-1901,1-38510,95.012,0
8934-12703,1-403684,165.75,1
8456-12702,1-167148,101.012,0
8655-12701,1-29749,95.419,0
9026-12704,1-94765,239.174,0
8077-12704,1-37018,105.26,0
8078-12705,1-36897,107.08,0
8716-12701,1-379196,82.141,0
8711-1902,1-379008,99.682,0
8719-1901,1-548191,97.366,0
8455-1902,1-274440,112.099,2
7960-6102,1-178157,98.734,0
8655-6102,1-29917,98.75,0
8623-6102,1-178824,55.056,2
8156-6102,1-604153,155.388,0
8077-6102,1-36833,94.894,0
8078-6102,1-36890,124.231,0
8086-6102,1-229015,170.479,1
8566-6102,1-338523,387.085,1
8155-6102,1-38506,130.369,0
8147-6102,1-163831,258.976,2
8146-6102,1-201493,304.667,0
8728-6102,1-52169,461.146,1
8145-6102,1-201180,68.293,0
8149-6102,1-145963,95.142,0
8713-6102,1-43589,291.391,1
8084-6102,1-38377,172.015,1
8726-6102,1-217686,197.456,1
8719-6102,1-44707,93.734,0
8461-6102,1-166862,79.54,0
8718-6102,1-44361,197.121,1
8721-6102,40-2,392.84,0
8725-6102,1-73001,224.528,1
8458-6102,1-606105,67.02,2
10001-6102,1-48116,111.906,0
8456-6102,1-167336,282.113,1
8715-6102,1-378753,97.254,0
8455-6102,1-254645,184.295,1
8568-6102,1-392988,233.551,1
8462-6102,1-232516,382.698,1
8255-6102,1-256203,109.71,0
8449-6102,1-487329,100.403,0
8338-6102,1-491225,96.278,0
8262-6102,1-282527,200.623,1
8450-6102,1-489648,175.72,2
8454-6102,1-221789,439.328,1
8716-6102,1-548180,101.643,0
8717-6102,1-121717,426.427,2
8239-6102,1-351563,176.62,1
8724-6102,1-564242,195.993,1
8714-6102,1-548194,232.167,0
8711-6102,1-378966,283.262,2
8241-6102,1-460288,157.56,2
8712-6102,1-567961,264.632,2
8720-6102,1-45299,163.522,1
8591-6102,1-197063,308.807,0
8592-6102,1-246470,156.098,0
8949-6102,1-623758,96.13,0
8952-6102,1-405986,148.673,0
8600-6102,1-210447,161.724,1
8934-6102,1-457009,76.952,0
8333-6102,1-251871,402.041,2
8547-6102,1-245670,129.916,0
8978-6102,1-135668,113.068,0
8979-6102,1-248420,146.97,0
8595-6102,1-197704,172.29,1
8987-6102,1-386601,112.802,2
8942-6102,1-218412,86.745,0
8943-6102,1-392649,222.614,1
8948-6102,1-173898,193.858,1
8939-6102,1-298533,66.567,0
8946-6102,1-279532,106.379,0
8947-6102,1-149148,187.352,1
8945-6102,1-280104,139.917,0
8980-6102,1-236106,372.634,1
8597-6102,1-246535,268.55,1
8950-6102,1-591006,119.354,0
8931-6102,1-455685,113.935,0
9029-6102,1-594453,119.472,0
9042-6102,1-375053,370.901,1
9026-6102,1-94746,96.947,0
9049-6102,1-295832,175.371,1
9002-6102,1-373351,352.216,1
8613-6102,1-177135,344.719,0
9041-6102,1-633214,243.434,1
8553-6102,1-90192,166.395,0
8602-12703,1-211067,137.803,2
8980-12701,1-236018,157.302,1
8611-12701,1-23687,88.519,0
8947-12703,1-174618,279.488,1
8626-3702,1-24371,118.834,0
8939-12704,1-298537,55.993,0
8726-12701,1-163516,122.428,0
8450-12701,1-489846,181.187,1
8333-12701,1-569225,355.31,0
8602-6103,1-135520,124.169,2
9049-1902,1-295359,176.074,1
8615-6103,1-179981,152.657,1
9029-12701,1-135072,138.099,0
8602-12702,1-211273,129.536,0
8716-3701,1-605012,262.9,2
8156-1902,1-202091,108.88,0
8567-12704,1-378681,93.349,0
8939-1902,1-384554,95.641,0
9029-12702,1-135093,135.743,0
8616-1901,1-180286,63.295,0
8078-3701,1-36899,104.899,0
8155-12702,1-38269,,1
8948-1902,1-173903,449.309,1
8715-12702,1-548172,491.888,0
8712-12702,1-379605,173.114,1
8939-12702,1-384038,368.637,2
8450-12705,1-489642,179.933,0
8726-1901,1-163594,181.172,0
8611-12703,1-634763,119.045,0
8724-12703,1-48053,131.103,2
8262-12704,1-258726,202.344,1
8255-1902,1-256210,106.352,2
8713-12703,1-43338,84.514,0
8338-12703,1-489927,103.235,0
8600-12703,1-210614,251.525,0
8611-6103,1-23786,117.885,2
8950-12703,1-456610,97.576,2
8724-12701,1-47305,134.592,0
8449-12702,1-488790,89.328,0
8081-6103,1-37936,160.766,1
8547-1902,1-246177,506.139,1
8081-12704,1-38138,103.455,0
8934-1901,1-456973,111.901,2
8623-3701,1-178782,115.366,0
7960-12704,1-177542,98.424,0
8719-12704,1-44880,97.227,2
8450-12704,1-491075,190.908,0
8626-6103,1-24293,129.336,0
8333-12704,1-266074,518.225,0
9029-12704,1-135285,134.47,0
8948-12701,1-149054,94.504,0
8616-6103,1-289864,206.746,0
8602-12705,1-211074,135.576,0
8611-12702,1-23746,118.227,0
8449-1902,1-488575,96.348,0
8456-1902,1-167334,104.4,0
8934-1902,1-457204,81.069,0
8980-1902,1-236099,88.307,0
8597-1902,1-198125,154.248,2
8987-1902,1-386670,110.685,0
9029-1902,1-135239,179.501,1
8714-1902,1-44767,249.905,1
8943-1902,1-394355,162.709,0
9026-1902,1-94773,138.872,2
8947-1902,1-174225,111.502,0
8931-1902,1-591068,80.958,0
8946-1902,1-613755,249.986,0
8600-1902,1-210611,115.434,0
8945-1902,1-279690,144.61,0
8717-1902,1-121532,525.341,1
8942-1902,1-218266,161.182,1
9042-1902,34-28,80.892,0
8595-1902,1-197717,163.964,1
8724-1902,1-47221,105.36,0
8262-1902,1-282035,160.282,1
8950-1902,1-456308,81.574,2
8591-1902,1-197287,183.63,1
8553-1902,1-90685,215.259,1
8711-1901,1-379255,79.88,0
8450-1902,1-491220,142.342,2
7960-1902,1-177617,153.946,0
8712-1902,1-379387,102.383,0
8454-1902,1-254532,541.101,0
9041-1902,1-264510,140.595,2
8720-1902,1-351702,72.734,0
8077-1902,1-37039,184.175,1
8613-1902,1-177127,156.802,1
9002-1902,1-373136,206.321,2
7960-6103,1-177763,160.422,1
8655-6103,1-29728,157.272,1
8623-6103,1-178695,288.452,1
8156-6103,1-133652,522.318,1
8567-6103,1-548199,94.651,0
8077-6103,1-109056,197.675,1
8078-6103,1-37213,120.72,0
8086-6103,1-290015,164.003,1
8155-6103,1-38663,523.895,1
8147-6103,1-164053,253.146,2
8146-6103,1-152566,98.601,0
8728-6103,1-52368,156.221,1
8145-6103,1-201291,101.632,0
8149-6103,1-146106,95.364,0
8713-6103,1-43896,382.822,1
8084-6103,1-38007,151.428,2
8726-6103,1-163531,377.874,1
8719-6103,1-351474,246.853,0
8461-6103,1-217400,105.964,0
8718-6103,1-45016,227.977,0
8721-6103,1-55572,190.265,0
8725-6103,1-73028,196.178,0
8458-6103,1-217499,534.056,1
10001-6103,1-48208,171.139,2
8456-6103,1-167342,397.742,0
8715-6103,1-379045,96.516,0
8455-6103,1-254717,447.898,1
8462-6103,1-232536,85.009,2
8255-6103,1-255963,357.212,1
8449-6103,1-613211,137.267,0
8338-6103,1-489932,141.474,2
8262-6103,1-282043,103.106,2
8450-6103,1-489649,171.123,0
8454-6103,1-167356,402.438,2
8716-6103,1-379380,289.139,2
8717-6103,1-121737,438.567,1
8239-6103,1-378500,382.998,2
8724-6103,1-47432,177.67,1
8714-6103,1-548196,317.402,0
8711-6103,1-379277,152.98,1
8241-6103,1-460963,394.143,0
8712-6103,1-379410,170.882,1
8720-6103,1-351818,70.918,0
8591-6103,1-245101,172.67,1
8592-6103,1-246216,543.786,1
8949-6103,1-623593,82.509,0
8952-6103,1-626829,153.343,2
8600-6103,1-210593,248.89,1
8934-6103,1-404200,102.229,0
8333-6103,1-265883,416.937,1
8547-6103,1-245811,178.208,1
8978-6103,1-94422,134.573,0
8979-6103,1-569077,519.908,0
8595-6103,1-246036,285.369,2
8987-6103,1-386800,93.335,0
8942-6103,1-218430,86.387,0
8943-6103,1-392978,96.257,0
8948-6103,1-148949,110.688,2
8939-6103,1-298708,374.968,2
8946-6103,1-174124,68.351,0
8947-6103,1-149235,194.26,1
8945-6103,1-279329,222.762,2
8980-6103,1-236039,130.45,0
8597-6103,1-246947,104.962,0
8950-6103,1-456937,119.687,0
8931-6103,1-591183,97.993,0
9029-6103,1-135227,129.846,2
9042-6103,1-375009,296.719,1
9026-6103,1-94785,135.044,2
9049-6103,1-270005,166.431,1
9002-6103,1-373011,139.623,0
8613-6103,1-176444,129.038,0
9041-6103,1-264599,379.214,0
8553-6103,1-632698,214.606,1
8338-1902,1-588894,150.174,0
8145-1901,1-201356,100.977,0
8948-12704,1-173958,293.804,1
8241-1902,1-460436,161.704,1
8086-3701,1-229017,198.801,1
8728-12701,1-51939,121.43,0
8462-12701,1-301244,96.745,0
8592-12701,1-246442,149.719,1
8945-12701,1-588617,139.191,2
8602-6104,1-211077,126.581,0
8145-3701,1-556583,67.648,0
8615-6104,1-179947,147.151,0
8591-12705,1-245404,171.555,2
8145-12702,1-152618,414.679,0
9026-12703,1-568997,292.928,1
8602-3701,1-211264,130.186,2
8939-12701,1-383997,364.493,0
9041-12703,1-264254,232.556,1
8719-3701,1-548190,93.722,0
8949-3701,1-456635,112.5,2
8623-12702,1-635285,114.655,0
8721-12702,1-48545,184.315,1
8721-12705,1-48560,163.236,1
8239-12702,1-378479,327.943,1
8595-12702,1-245980,193.971,1
9002-12702,1-373161,226.664,2
8077-1901,1-37034,105.095,2
8934-12701,1-403703,234.608,1
8626-12703,1-24482,282.067,1
8715-1902,1-378844,94.973,0
8449-12704,1-574686,89.337,0
8147-12703,1-146028,114.037,0
8455-12703,1-255090,365.185,0
8720-12703,1-351751,376.174,1
8946-12703,1-279314,527.021,1
8611-6104,1-23818,71.457,0
8592-3701,1-246203,156.865,0
8715-1901,1-378728,101.329,0
8717-12703,1-121773,86.297,0
8081-6104,1-38136,155.288,0
8946-12702,1-613949,146.025,0
8616-12704,1-635647,208.384,0
8715-3701,1-378770,505.141,0
8455-12705,1-274526,185.661,1
8149-12704,1-145922,113.99,0
8455-12704,1-254691,359.345,1
8592-12704,1-207914,238.054,1
8626-6104,1-24416,120.201,0
8945-12704,1-279412,168.723,1
9042-12702,1-375213,298.233,1
8623-1902,1-178838,106.03,0
8616-6104,1-180334,223.827,1
8725-12702,1-73002,199.26,1
9049-12703,46-287,538.734,0
8980-12702,1-266817,490.698,0
8077-12703,1-36925,303.908,1
8084-12705,1-38381,108.049,0
8717-1901,1-71481,497.205,0
8726-12703,1-163511,78.782,0
8566-12705,1-604818,85.63,0
8241-12702,1-460434,183.664,1
8711-12704,1-379216,172.693,0
8145-1902,1-556501,116.275,0
7960-1901,1-561016,424.766,0
8146-1901,1-201355,115.851,0
8713-3701,1-43584,58.884,0
8458-1901,1-217367,148.151,1
8338-3701,1-491200,136.702,0
8713-1901,1-43541,109.705,0
8568-1901,1-273933,185.325,0
8725-1902,1-72913,179.16,2
8592-12705,1-576333,498.321,2
8949-12704,1-456881,97.312,0
8715-12704,1-351792,97.369,0
8081-3701,1-37679,444.925,0
8595-12704,1-246383,353.974,0
8616-3701,1-289841,128.739,0
8547-1901,1-246108,187.178,1
8086-12701,1-289993,169.804,1
8602-12704,1-211073,244.704,0
10001-12701,1-48157,165.442,1
8553-12704,1-90244,294.042,1
8724-12704,1-47474,130.865,2
8155-12705,1-202100,524.857,2
8078-12702,1-202377,150.673,1
8615-3701,1-550901,253.881,1
8084-12701,1-38030,159.577,1
8458-12704,1-166908,69.122,0
7960-6104,1-178169,100.424,0
8655-6104,1-638033,114.101,0
8623-6104,1-190574,380.566,1
8156-6104,1-38798,155.513,1
8567-6104,1-351628,243.628,1
8077-6104,1-36919,191.645,2
8078-6104,1-37084,185.438,1
8086-6104,1-228978,153.251,1
8566-6104,1-43374,168.851,0
8155-6104,1-38553,111.478,0
8147-6104,1-145856,92.59,0
8146-6104,1-201464,534.289,1
8728-6104,1-52462,76.493,0
8145-6104,1-152567,167.644,1
8149-6104,1-163925,88.126,0
8713-6104,1-43865,172.104,0
8084-6104,1-38354,221.949,1
8726-6104,1-217684,189.47,1
8719-6104,1-44905,170.956,1
8461-6104,1-166932,293.885,1
8718-6104,1-44633,170.211,1
8721-6104,1-48884,326.479,0
8725-6104,1-73184,551.26,0
8458-6104,1-545654,112.112,0
10001-6104,1-55529,274.592,0
8456-6104,1-167356,402.438,2
8715-6104,1-351919,75.948,0
8455-6104,1-275185,319.013,1
8568-6104,1-394404,190.686,2
8462-6104,1-232621,96.918,0
8255-6104,1-256234,305.51,0
8449-6104,1-488783,98.609,0
8338-6104,1-492617,96.647,0
8262-6104,1-258653,161.956,0
8450-6104,1-491229,165.778,0
8454-6104,1-167488,260.247,2
8716-6104,1-379490,173.763,0
8717-6104,1-548622,503.015,0
8239-6104,1-548221,322.131,1
8724-6104,1-47499,193.002,1
8714-6104,1-339300,74.372,0
8711-6104,1-379243,80.482,0
8241-6104,1-460463,382.577,2
8712-6104,1-567968,137.738,2
8720-6104,1-45268,163.152,1
8591-6104,1-245774,178.948,2
8592-6104,1-208313,112.674,2
8949-6104,1-456658,91.113,0
8952-6104,1-405999,120.627,0
8600-6104,1-134793,177.597,1
8934-6104,1-404135,113.305,0
8333-6104,1-265849,494.378,1
8547-6104,1-246175,161.047,1
8978-6104,1-94604,205.583,1
8979-6104,1-210116,163.199,0
8595-6104,1-246027,183.289,0
8987-6104,1-386822,92.179,2
8942-6104,1-218444,86.606,0
8943-6104,1-558115,458.234,0
8948-6104,1-149270,446.597,0
8939-6104,1-384621,351.967,1
8946-6104,1-174074,481.209,0
8947-6104,1-149580,203.076,0
8945-6104,1-279675,143.717,0
8980-6104,1-321982,209.339,0
8597-6104,1-198519,155.058,1
8950-6104,1-456936,88.933,0
8931-6104,1-456355,105.256,0
9029-6104,1-134695,129.824,2
9042-6104,1-316296,454.381,1
9026-6104,1-94717,132.389,0
9049-6104,1-269984,213.028,1
9002-6104,1-373407,337.641,1
8613-6104,1-177145,340.707,0
9041-6104,1-264543,239.184,1
8553-6104,1-90213,291.665,1
8942-12703,1-218519,67.072,0
8726-12702,1-217637,340.229,1
8718-12703,1-45126,152.621,1
8611-3701,1-25676,118.905,0
8547-12705,1-246196,157.226,1
8623-12701,1-178812,,0
8718-12701,1-44303,207.966,0
8717-12701,1-604835,121.867,2
8979-12701,1-210173,313.46,1
8602-9101,1-248973,74.917,0
9049-3701,1-295095,172.79,1
8615-9101,1-179556,141.206,2
9049-12701,1-295190,265.346,2
9002-12701,1-373219,249.806,1
8333-12705,1-265863,111.284,0
8156-3701,1-38819,217.618,2
8626-12702,1-634795,125.372,0
8939-3701,1-298715,85.452,2
8616-12705,1-180522,,0
8147-1902,1-145741,67.292,0
8724-12705,1-48460,106.434,0
8728-12702,1-51886,141.141,0
8948-3701,1-612565,93.991,0
8462-12702,1-232333,63.956,0
8592-12702,1-207982,159.988,1
8945-12702,1-615167,107.386,0
8716-12705,1-352114,169.717,1
8719-12702,1-44745,83.765,0
8156-12703,1-38894,175.457,1
8655-3701,1-29512,289.167,2
8952-3701,1-458459,101.265,0
8655-12703,1-29874,158.874,1
8719-12703,1-44789,241.672,1
8454-12703,1-608252,130.964,0
8547-12703,1-245654,191.673,0
8611-9101,1-25632,115.694,0
9042-12703,1-316872,139.286,0
8456-1901,1-147547,101.812,0
8715-12701,1-548157,103.976,2
8081-9101,1-37727,120.602,0
8547-3701,1-245684,180.803,1
8145-12705,1-201352,68.471,0
7960-12705,1-178130,126.33,0
8615-1902,1-179561,84.304,2
8156-12704,1-205845,155.036,1
8725-12704,1-45787,490.371,0
8717-12704,1-604883,87.359,0
8626-9101,1-24407,128.452,0
8979-12704,1-210604,112.532,0
9049-12704,1-270135,206.305,1
8147-12704,1-145669,68.254,0
8616-9101,1-180514,363.29,1
8156-12701,1-38770,200.729,1
8616-12702,1-289846,130.206,0
8449-3701,1-488526,134.642,0
8456-3701,1-585869,112.156,0
8934-3701,1-456772,71.491,0
8980-3701,1-235983,79.845,0
8597-3701,1-197867,475.722,1
8987-3701,1-386605,202.956,1
9029-3701,1-135115,128.364,2
8714-3701,1-339120,491.577,2
8943-3701,1-392636,349.626,0
9026-3701,1-94584,98.048,0
8947-3701,1-149211,197.694,0
8931-3701,1-456434,98.19,0
8946-3701,1-279147,221.083,1
8600-3701,1-134737,116.5,2
8945-3701,1-279554,109.215,0
8717-3701,1-584637,121.489,0
8942-3701,1-218324,158.498,2
9042-3701,1-632935,331.375,0
8595-3701,1-197534,281.425,0
8724-3701,1-47272,189.137,1
8262-3701,1-258306,103.618,0
8950-3701,1-456305,79.0,0
8591-3701,1-245458,174.733,0
8553-3701,1-90984,47.203,2
8149-3701,1-164007,87.552,0
8450-3701,1-489644,511.215,2
7960-3701,1-177493,420.783,1
8712-3701,1-379375,81.457,0
8454-3701,1-254546,241.812,2
9041-3701,1-316933,446.647,0
8720-3701,1-351470,240.093,1
8077-3701,1-36977,123.7,0
8613-3701,1-176422,231.762,1
9002-3701,1-373175,208.306,1
7960-9101,1-547621,101.837,0
8655-9101,1-29851,366.865,1
8623-9101,1-178698,58.14,0
8156-9101,1-109493,424.871,2
8567-9101,1-351506,98.199,0
8077-9101,1-36945,180.101,1
8078-9101,1-36905,94.321,0
8086-9101,1-228997,167.851,0
8566-9101,1-338559,351.325,0
8155-9101,1-38617,552.23,0
8147-9101,1-201197,119.175,0
8146-9101,1-556506,102.804,0
8728-9101,1-51968,97.406,0
8145-9101,1-201173,113.223,0
8149-9101,1-145884,99.021,0
8713-9101,1-43349,287.286,1
8084-9101,1-38210,98.221,0
8726-9101,1-604826,191.973,0
8719-9101,1-584693,76.918,0
8461-9101,1-166691,410.641,1
8718-9101,1-44634,209.16,1
8721-9101,1-48535,160.379,1
8725-9101,43-47,32.21,0
8458-9101,1-217376,491.856,1
10001-9101,1-48189,168.971,1
8456-9101,1-167360,174.852,1
8715-9101,1-379087,221.45,1
8455-9101,1-275176,128.183,2
8568-9101,1-392067,111.125,2
8462-9101,1-301241,96.873,0
8255-9101,1-255938,199.476,0
8449-9101,1-488706,,0
8338-9101,1-491095,94.032,0
8262-9101,1-258213,161.609,0
8450-9101,1-490045,118.746,0
8454-9101,1-167403,518.228,1
8716-9101,1-379214,98.699,2
8717-9101,1-71525,191.498,2
8239-9101,1-339192,119.073,0
8724-9101,1-48437,161.985,1
8714-9101,1-339125,221.472,1
8711-9101,1-378881,91.461,2
8241-9101,1-460840,243.217,1
8712-9101,1-379777,157.842,1
8720-9101,1-45370,462.702,1
8591-9101,1-629057,306.196,0
8592-9101,1-631640,114.999,0
8949-9101,1-457215,101.194,0
8952-9101,1-458168,121.06,0
8600-9101,1-569162,515.17,0
8934-9101,1-457004,93.542,0
8333-9101,1-265919,282.23,0
8547-9101,1-245879,181.2,0
8978-9101,1-135044,129.376,0
8979-9101,1-248405,309.966,1
8595-9101,1-245940,498.198,1
8987-9101,1-386685,88.215,0
8942-9101,1-230173,98.936,0
8943-9101,1-392952,250.081,1
8948-9101,1-148914,92.532,0
8939-9101,1-556714,381.383,1
8946-9101,1-279279,107.368,0
8947-9101,1-149200,197.013,2
8945-9101,1-279011,170.849,1
8980-9101,1-235986,115.999,0
8597-9101,1-246599,266.263,0
8950-9101,1-456821,118.357,2
8931-9101,1-455633,90.506,0
9029-9101,1-569178,132.346,0
9042-9101,1-316402,292.625,0
9026-9101,1-94784,133.828,0
9049-9101,1-269986,207.163,1
9002-9101,1-373327,352.815,1
8613-9101,1-176402,232.562,1
9041-9101,1-593982,135.845,0
8553-9101,1-91016,193.739,1
8567-3701,1-351566,131.095,0
8458-12703,1-167083,294.103,1
8943-12704,1-392670,222.963,1
8592-1902,1-208393,126.119,2
8461-12705,1-166488,76.009,0
8149-12701,1-604930,177.046,1
8449-12701,1-488469,96.105,0
8952-12701,1-626830,120.52,0
8597-12701,1-198373,215.22,1
8602-9102,1-210711,137.012,0
8145-12701,1-201353,116.027,0
8615-9102,1-180039,135.14,0
8721-12701,1-48557,161.821,0
8255-12702,1-255939,105.425,0
8979-1902,1-210114,166.803,0
8602-3702,1-210778,151.056,1
8626-3701,1-24295,125.482,0
8623-12704,1-178828,60.95,0
8597-12703,1-246549,111.402,0
8149-12703,1-146001,193.805,1
8567-12702,1-548221,322.131,1
8458-12702,1-167089,68.484,0
8553-12703,1-593985,58.991,0
8714-12702,1-604880,95.736,0
8942-12702,1-218280,109.379,2
9041-12702,1-264059,134.682,0
8623-12705,1-190560,117.035,2
10001-12703,1-55648,193.361,1
8078-12703,1-37211,120.073,0
8726-3701,1-217617,315.113,2
8461-3701,1-166613,195.728,0
8728-12703,1-51949,140.065,0
8462-12703,1-232526,191.061,1
8592-12703,1-207943,529.813,1
8945-12703,1-279676,241.892,1
8611-9102,1-23784,117.962,0
8611-1902,1-23729,117.12,2
8719-12705,1-44637,153.342,1
8081-9102,1-38160,142.599,2
8987-12701,1-386272,537.1,1
8146-12703,1-152719,229.167,1
8728-1901,1-52357,265.086,1
8611-3702,1-25659,124.071,0
8566-12704,1-43311,175.115,2
8718-12704,1-45080,,1
8952-12704,1-626979,303.39,0
8626-9102,1-634800,,0
8597-12704,1-246525,114.111,0
8255-12701,1-276574,105.41,0
8626-12705,1-24251,343.249,2
8616-9102,1-180135,128.556,0
8724-12702,1-47256,205.668,0
8149-1902,1-163989,95.113,0
8931-12703,1-456693,87.01,0
8611-12705,1-25683,78.322,0
10001-3701,1-48111,166.293,1
8725-12705,1-72914,382.51,1
8455-1901,1-254747,157.441,1
8713-12704,1-43857,173.925,1
8726-1902,1-217854,399.013,0
8461-12704,1-166826,72.981,0
8568-3701,1-392010,218.158,1
8725-1901,1-73042,223.359,1
8081-12705,1-38000,93.677,0
8655-1902,1-29809,94.62,0
8462-3701,1-232397,219.844,1
8711-12701,1-378901,395.937,1
8086-12704,1-38802,422.18,1
8262-12702,1-258671,163.072,1
8949-1902,1-456691,86.578,0
8943-12703,1-394390,161.961,1
7960-12703,1-178170,106.285,0
8655-12704,1-637825,160.585,2
8952-12702,1-627000,261.875,2
8461-12701,1-558175,295.314,2
8726-12705,1-229547,105.601,2
8567-1901,1-351572,96.437,0
7960-12701,1-177626,134.226,0
8081-3702,1-38166,105.877,2
8719-12701,1-44801,244.102,1
8547-12704,1-245686,189.031,1
8458-3701,1-217500,70.21,0
8146-12702,1-152596,256.668,2
9042-12704,1-633064,300.42,1
8615-3702,1-635590,206.114,0
8241-3701,1-460293,354.083,1
8714-1901,1-44798,96.452,0
7960-9102,1-547290,429.503,0
8655-9102,1-29811,187.656,1
8623-9102,1-178823,54.777,2
8156-9102,1-38775,154.641,1
8567-9102,1-351622,241.615,1
8077-9102,1-36923,105.249,2
8078-9102,1-36878,99.742,0
8086-9102,1-229060,151.635,2
8566-9102,1-338555,346.805,0
8155-9102,1-202101,90.355,0
8147-9102,1-145894,66.181,0
8146-9102,1-201391,217.361,1
8728-9102,1-51941,181.05,1
8145-9102,1-145771,66.746,0
8149-9102,1-584746,93.725,0
8713-9102,1-71974,140.964,0
8084-9102,1-38272,111.068,0
8726-9102,1-584618,188.789,0
8719-9102,1-44693,95.075,0
8461-9102,1-166703,71.836,0
8718-9102,1-44660,,2
8721-9102,1-48760,333.017,0
8725-9102,1-574519,204.565,1
8458-9102,1-217520,66.588,0
10001-9102,1-55552,323.322,1
8456-9102,1-147546,105.418,0
8715-9102,1-378749,96.289,0
8455-9102,1-255236,177.949,1
8568-9102,1-274226,386.144,1
8462-9102,1-301260,86.658,0
8255-9102,1-277249,155.807,1
8449-9102,1-488620,91.501,0
8338-9102,1-489884,205.09,1
8262-9102,1-589908,105.344,2
8450-9102,1-491058,205.536,1
8454-9102,1-167627,107.394,0
8716-9102,1-352103,81.047,0
8717-9102,1-121598,290.03,0
8239-9102,1-351575,97.199,0
8724-9102,1-47196,163.672,1
8714-9102,1-44722,123.825,2
8711-9102,1-379202,173.07,1
8241-9102,1-460812,271.747,1
8712-9102,1-379528,173.459,1
8720-9102,1-45427,222.651,1
8591-9102,1-197045,180.651,1
8592-9102,1-576294,343.898,0
8949-9102,1-457223,102.637,0
8952-9102,1-458448,267.71,0
8600-9102,1-134760,511.39,0
8934-9102,1-403693,84.907,0
8333-9102,1-266328,513.073,1
8547-9102,1-630590,182.608,1
8978-9102,1-135626,251.949,1
8979-9102,1-210547,520.965,1
8595-9102,1-197770,274.356,1
8987-9102,1-386695,198.193,1
8942-9102,1-230145,161.886,1
8943-9102,1-394362,340.695,1
8948-9102,1-173904,441.345,1
8939-9102,1-384065,363.729,1
8946-9102,1-279252,222.022,0
8947-9102,1-149586,119.801,0
8945-9102,1-279410,143.728,0
8980-9102,1-236141,108.152,2
8597-9102,1-198196,155.838,1
8950-9102,1-456842,100.053,0
8931-9102,1-456526,93.112,0
9029-9102,1-633969,133.683,0
9042-9102,1-549071,133.212,0
9026-9102,1-94720,132.963,0
9049-9102,1-269982,189.822,1
9002-9102,1-373381,106.891,0
8613-9102,1-634328,338.109,0
9041-9102,1-633219,139.275,0
8553-9102,1-90231,298.368,2
7972-1902,1-113273,420.865,0
7958-3704,1-547341,162.332,1
8999-12701,1-148664,98.121,0
8999-12704,1-148985,98.527,0
8625-1902,1-23955,112.454,2
8323-12702,1-405707,99.004,0
9501-3704,1-385026,180.474,1
9183-3704,1-122141,170.299,0
8331-12705,1-260534,245.077,0
9509-12701,1-298640,88.42,0
9869-3704,1-135418,158.889,1
8932-12702,1-456865,88.263,0
9037-3704,1-199454,84.668,2
8625-3704,1-23890,128.256,2
9195-12703,1-41910,69.315,0
9034-12704,1-198212,159.931,0
9195-3704,1-42660,112.212,0
9088-12701,1-265639,281.076,1
9891-3704,1-374400,316.757,1
8311-12703,1-523105,135.901,0
8331-12703,1-250607,158.217,1
9183-12702,1-604992,140.386,0
8442-3704,1-419195,189.723,1
9507-3704,1-385153,183.24,1
9508-3704,1-298778,122.797,0
8936-12704,1-152743,55.263,0
9194-3704,1-37754,165.777,0
8443-3704,1-422911,129.272,2
9028-1901,1-269227,130.835,2
8933-1902,1-457235,108.625,0
8983-3704,1-423024,254.949,1
8944-3704,1-390056,208.136,1
8997-12704,1-149454,201.722,0
8944-12703,1-606955,89.308,0
9033-3704,1-593544,158.25,0
9487-3704,1-44974,101.472,0
8932-12701,1-456376,107.609,0
8938-3704,1-146420,537.159,0
9512-3704,1-53880,225.459,1
9088-1901,1-296694,111.201,2
9883-3704,1-177461,151.544,1
8936-12702,1-152720,235.613,0
9488-3704,1-412880,421.536,1
8940-1902,1-218041,295.097,1
8331-3704,1-251043,116.512,0
8982-12704,1-458105,155.901,2
9050-3704,1-318725,156.574,0
9494-12701,1-412866,69.644,0
8932-3704,1-456656,104.313,0
9864-3704,1-197092,115.161,0
9490-3704,1-383589,187.988,1
8940-3704,1-218009,73.647,0
8995-3703,1-188530,227.324,1
9487-1902,1-45175,209.224,1
9865-1901,1-246298,58.421,2
9182-3704,1-72166,264.318,0
8331-12701,1-250638,250.377,0
9088-3704,1-265758,264.079,1
7964-3704,1-179395,76.19,0
8444-3703,1-420704,149.511,1
9085-12705,1-178542,199.597,1
8150-3704,1-389730,92.47,0
9050-12701,1-318499,162.27,1
8158-3704,1-52660,234.963,2
9486-1901,1-122333,90.047,0
9494-3704,1-384821,222.96,1
9865-3704,1-246542,120.118,0
9045-3704,1-631986,245.064,0
9863-3704,1-456418,88.356,2
8985-12704,1-420631,67.628,0
8997-3704,1-149557,63.062,0
8995-3704,1-188165,239.886,0
8154-12704,1-37245,275.445,0
8990-3704,1-174384,146.406,1
8085-12705,1-38514,,1
9035-3704,1-247675,154.057,2
9864-3702,1-197230,304.013,0
9196-12705,1-24519,460.692,1
8445-12704,1-409200,105.382,0
9035-1902,1-247769,156.553,1
9181-3704,1-548609,484.816,2
9000-12701,1-187034,416.506,1
8933-12703,1-457198,93.642,0
8977-1902,1-121334,175.657,1
9000-12704,1-187404,282.8,0
9000-3704,1-187465,151.961,1
9870-12703,1-198831,289.194,1
8997-1902,1-149193,118.186,0
9033-12702,1-576439,298.827,1
9048-12702,1-295352,167.024,1
8144-3704,1-152384,192.212,1
9031-3704,1-209772,175.555,0
8139-12704,1-604797,58.93,0
9493-3704,1-384952,161.97,2
8977-3704,1-153038,77.262,0
8996-12701,1-149610,116.688,0
8446-3704,1-418014,237.238,1
8940-3701,1-218077,195.903,1
8080-1902,1-109250,162.084,1
9095-3704,1-376616,135.661,0
7972-3704,1-113405,178.519,1
9195-1902,1-42615,187.227,1
9492-1902,1-297822,220.185,1
9871-3704,1-236175,241.514,1
9044-3704,1-316138,302.39,0
9185-1902,1-176983,229.051,1
9510-3704,1-230291,84.603,0
8944-1902,1-301834,168.234,1
8983-12702,1-457871,149.648,1
9868-1902,1-321374,115.553,2
9039-1901,1-262831,440.417,1
8085-3704,1-38348,155.901,2
9509-12704,1-230052,165.879,1
9047-1902,1-295760,182.756,1
7968-3704,1-635629,85.927,0
9497-3704,1-229452,202.77,1
9000-3703,1-187495,389.953,1
8085-12703,1-38486,207.853,0
9085-3704,1-178443,199.208,1
8941-3703,1-218200,102.689,0
8323-12701,1-591379,102.167,0
9048-3704,1-295367,378.974,2
8625-3701,1-23951,120.28,0
9034-3704,1-198663,159.896,1
9509-1902,1-230050,175.305,1
8446-12704,1-418252,113.848,0
9502-3704,1-385108,119.614,2
8624-12702,1-25656,128.218,2
8989-12704,1-149730,491.373,0
8933-12704,1-456769,97.978,0
9488-12704,1-384125,69.36,0
8727-3704,1-51631,121.762,2
9185-3704,1-561017,126.559,0
7972-12703,1-113265,183.568,1
8080-3704,1-38041,90.652,0
7958-12703,1-547415,,1
8989-3704,1-174966,112.777,2
9490-3703,1-383612,182.727,1
8322-1902,1-575202,195.021,1
8158-12701,1-604231,286.519,1
8996-3704,1-149709,204.504,1
9500-3704,1-386077,271.389,1
9888-12704,1-316945,141.226,0
9025-3704,1-272470,209.854,1
9869-1902,1-211266,139.17,1
9871-12702,1-593698,124.145,2
9870-3704,1-198879,533.736,1
8323-3704,1-415513,145.841,1
9047-3704,1-295448,177.689,1
8322-3704,1-401759,154.927,1
8984-3704,1-458127,150.586,2
9492-3704,1-297846,195.074,1
9868-12704,1-593328,156.106,0
9043-1902,1-632488,289.774,1
9876-3704,1-457163,101.67,0
8937-1902,1-201392,97.638,0
8331-3703,1-250652,218.247,1
9491-1901,1-382806,187.371,1
9025-12703,1-272054,209.556,0
9027-1902,1-323766,93.024,0
9037-12704,1-593929,81.647,0
8154-3701,1-37126,182.645,1
8153-3704,1-36698,200.649,1
9024-12701,1-373066,351.758,1
8444-12704,1-421775,150.985,1
9031-12703,1-134620,226.501,1
8154-1902,1-37478,120.768,0
8323-12704,1-405813,161.177,1
9486-3703,1-72193,178.266,1
8139-1901,1-71180,227.385,1
9501-12704,1-385225,239.013,1
8997-3702,1-149172,89.299,0
8985-3704,1-408035,179.14,1
9507-1902,1-385077,215.099,1
9193-3704,1-37341,160.669,1
9193-12704,1-37863,418.46,2
8445-12701,1-591917,107.539,2
9872-3704,1-322436,226.736,1
9510-12703,1-230670,316.052,1
9048-1901,1-295996,272.524,1
9491-3704,1-383107,164.64,0
9184-12703,1-153018,76.83,0
9888-3704,1-317211,306.706,2
9505-12704,1-387161,94.655,0
9868-3704,1-321221,151.937,0
9024-1902,1-314332,128.1,2
9039-3704,1-262904,256.698,1
9864-12704,1-197264,267.548,1
8993-3704,1-278079,533.906,1
9505-3704,1-387085,102.653,0
9088-12702,1-265589,173.299,0
8624-3704,1-25566,118.72,0
9027-3704,1-633947,232.39,0
7958-12702,1-177745,157.659,1
9095-3701,1-376285,133.388,0
7964-3702,1-179248,213.265,1
9881-12703,1-626840,117.037,0
9195-12702,1-42813,509.543,1
9024-3704,1-314447,538.575,1
8444-3701,1-419257,99.694,0
9509-3704,1-230100,109.019,0
9028-12702,1-633759,128.267,0
8080-1901,1-37922,159.092,1
9485-3704,1-605037,129.739,0
9045-12703,1-315103,270.492,1
9036-3704,1-248214,247.09,1
8080-12703,1-604022,98.118,2
8990-1902,1-174373,101.201,2
9486-12703,1-122364,156.257,1
8139-3704,1-71090,309.427,1
8991-3704,1-149989,,0
9045-1901,1-314736,130.156,2
9038-3704,1-199743,149.496,0
9182-3701,1-604915,120.124,2
8933-3704,1-457130,117.32,2
8139-12701,1-121151,67.68,0
9506-12703,1-386274,172.115,1
8331-3701,1-575738,254.544,0
9876-3703,1-456616,72.47,0
8309-3704,1-197017,172.436,0
8999-3704,1-148602,95.555,0
9028-3704,1-594318,208.545,0
8309-1901,1-245157,,0
8727-12704,1-51706,96.193,0
8982-12702,1-457843,107.411,0
9865-12704,1-246656,,0
9033-1902,1-321823,502.031,2
8996-12705,1-149686,199.008,0
8992-3704,1-149871,111.868,0
8992-12705,1-149517,244.731,1
8158-12703,1-52782,376.215,1
9881-3704,1-568583,136.066,0
8445-3704,1-409240,107.957,0
7972-1901,1-113343,182.196,1
8444-3704,1-421226,106.074,2
9506-1901,1-385978,74.927,0
8311-12702,1-519381,206.143,1
9486-3704,1-72128,56.286,2
9025-3701,1-272473,186.377,1
9196-3704,1-24798,213.584,1
8154-3704,1-37477,125.395,0
9027-1901,1-323888,172.627,1
8937-3704,1-201334,117.969,0
9039-1902,1-263219,253.159,1
9510-1902,1-230478,269.108,1
8941-3704,1-218326,112.712,0
8085-1901,1-38298,158.373,1
9038-12704,1-199741,149.829,1
9033-3701,1-321684,302.548,1
9034-1902,1-198238,161.538,1
9500-12702,1-605504,118.307,0
8309-12701,1-196597,275.679,1
8984-12704,1-395533,115.711,0
9181-3703,1-584664,84.506,0
9184-3704,1-201922,187.002,1
8935-3704,1-456708,163.701,1
9506-3704,1-386212,340.082,2
9043-3704,1-374514,336.334,0
8982-3704,1-457932,297.431,1
9196-12704,1-24652,250.424,1
9035-12703,1-209439,165.153,1
9095-6101,1-318435,135.116,2
9493-6101,1-413061,424.092,2
9182-1901,1-72056,313.281,0
8982-12703,1-395528,109.4,2
9870-12701,1-322308,,0
7958-12701,1-177285,151.582,0
7964-6101,1-179386,203.123,0
9196-6101,1-24557,389.164,1
9486-12701,1-122088,174.748,0
9000-1902,1-149695,143.652,1
8944-3701,1-390232,167.57,1
9864-6101,1-197280,185.833,1
7972-12701,1-113322,181.272,1
8311-12705,1-522742,184.229,1
7968-12704,1-180621,211.9,0
7964-1902,1-179682,103.783,2
9500-12703,1-386120,337.805,1
9888-12702,1-316728,309.475,1
8080-6101,1-37908,113.219,0
9888-6101,1-317226,300.229,0
9492-12705,1-382322,260.237,0
8995-6101,1-188753,243.979,1
9863-6101,1-455924,99.335,0
9505-12701,1-387106,191.71,0
9485-12702,1-121612,80.968,0
8990-6101,1-174781,137.491,0
9512-6101,1-53897,282.233,1
8309-1902,1-196863,173.362,2
8442-12702,1-419013,189.129,1
9036-3702,1-594069,169.795,0
8445-1902,1-409109,108.539,0
9025-1902,1-324033,204.561,1
9181-12702,1-71872,171.933,0
9891-12702,1-374377,451.579,1
8999-6101,1-148649,101.556,0
7958-6101,1-547086,102.682,0
8993-6101,1-276557,,0
8085-12701,1-38368,123.54,0
9865-6101,1-631732,62.546,0
9195-6101,1-42703,344.46,1
9497-3702,1-217537,102.632,0
9487-3701,1-45187,234.671,1
8932-6101,1-456337,113.511,0
8997-6101,1-149470,112.633,0
8937-6101,1-556527,246.143,1
9505-6101,1-387035,115.298,0
8935-1902,1-457206,104.849,0
8999-1902,1-148596,105.187,0
8985-6101,1-415958,,0
9497-6101,1-298114,445.776,0
9036-12704,1-247975,168.423,1
8935-12702,1-404260,102.928,2
9193-6101,1-37797,120.262,2
8625-12704,1-24142,116.872,0
8323-6101,1-415476,142.944,0
9028-1902,1-269081,137.994,2
8624-6101,1-595225,115.696,0
8933-6101,1-456567,99.259,0
8991-12701,1-150286,165.208,1
9500-12704,1-605482,81.482,2
9508-6101,1-298953,220.094,1
8933-3701,1-456537,98.749,0
8311-12704,1-523117,144.093,1
8935-6101,1-456530,90.857,0
9869-12704,1-135142,138.968,1
9182-6101,1-72087,282.145,1
9891-6101,1-436574,239.861,0
9034-12702,1-198718,555.42,1
9487-12701,1-44618,134.58,0
9193-12701,1-37440,59.302,0
9185-12704,1-177308,340.718,1
9183-6101,1-122284,96.842,0
9194-6101,1-37336,336.323,1
9039-12701,1-559109,360.635,0
9027-3701,1-272400,248.265,1
8999-3702,1-576235,526.851,0
9037-6101,1-199396,81.131,0
8932-3701,1-456306,109.677,0
8989-6101,1-175187,103.262,0
8991-1902,1-150328,208.111,1
9048-1902,1-295542,209.462,1
9507-6101,1-299015,241.032,1
8983-3701,1-626822,261.889,1
8727-6101,1-51725,77.59,0
9883-6101,1-212201,357.106,0
9876-12705,1-457097,106.694,0
8139-6101,1-121209,118.561,0
8444-6101,1-420755,157.053,1
9195-12704,1-602964,73.694,0
8322-6101,1-401783,251.017,1
9883-12702,1-176908,126.537,0
8936-3701,1-152763,366.368,1
9486-12704,1-72393,89.539,0
9085-6101,1-178403,273.065,1
9871-6101,1-236268,131.127,0
9027-12701,1-272287,134.349,0
8085-6101,1-109392,214.068,0
9868-3701,1-321215,152.913,1
9865-12703,1-246270,496.817,1
9487-12704,1-45581,205.553,1
9044-6101,1-316023,98.619,0
8309-6101,1-576467,283.548,1
9025-6101,1-561297,316.866,1
9486-6101,1-72210,172.035,0
9043-6101,1-374963,274.172,1
9490-12701,1-382729,189.784,1
8941-6101,1-604928,177.816,1
9037-1902,1-247775,85.551,0
9876-6101,1-623893,116.902,0
9891-12701,1-374333,459.077,0
8977-6101,1-121277,224.5,1
9038-3701,1-199730,103.414,0
8941-1902,1-163917,278.587,0
8323-1902,1-624448,140.972,0
8445-6101,1-399541,105.585,0
7958-12704,1-546966,109.386,0
9193-1902,1-37791,108.714,0
9509-3701,1-229940,95.156,0
9871-12701,1-321938,80.562,0
9194-3703,1-37846,508.375,1
9184-6101,1-201822,289.243,1
8992-6101,1-149536,143.159,2
9510-12704,1-605247,370.48,0
8984-1902,1-458052,278.751,1
9183-12704,1-122059,307.911,1
9506-6101,1-385925,121.327,2
7968-1902,1-180540,207.294,1
9035-3701,1-247714,156.842,1
8080-12704,1-38067,95.68,0
8936-12703,1-201602,62.463,0
9881-6101,1-523206,249.288,1
8932-1902,1-456924,97.481,0
9497-3701,1-298090,193.606,1
9028-6101,1-269085,144.772,0
8996-6101,1-149882,112.505,0
9493-12703,1-385415,310.017,0
8982-6101,1-457753,103.443,0
8158-3702,1-312838,,0
9507-1901,1-299094,349.92,0
8154-6101,1-37202,182.842,1
8983-6101,1-457875,170.216,1
9868-3703,1-321377,115.742,2
9095-12704,1-318315,146.921,0
8443-6101,1-592128,126.659,0
9488-6101,1-384171,66.028,0
8938-6101,1-146271,173.193,0
8442-6101,1-419240,252.157,1
9865-12701,1-246570,114.119,0
9088-6101,1-296005,200.799,1
9512-12701,1-53870,224.518,1
9024-12702,1-314424,189.093,1
8940-6101,1-229914,87.01,0
8443-3702,1-423101,156.54,0
9487-6101,1-45020,170.695,1
8442-12701,1-409576,203.986,1
8153-1902,1-36649,183.525,1
8444-1902,1-420770,103.545,2
9033-6101,1-321512,181.561,1
9869-6101,1-135491,127.931,0
8331-6101,1-250642,258.06,1
9864-1902,1-197278,185.98,1
9036-6101,1-210186,246.383,1
9038-6101,1-248055,142.588,0
9492-6101,1-382326,122.853,0
9085-1902,1-178374,282.542,1
8944-12701,1-390168,185.999,1
9031-12701,1-209823,168.145,1
8323-3701,1-402850,141.075,1
9485-6101,1-121851,292.189,0
9183-1902,1-121992,119.846,2
8977-12701,1-71281,264.33,1
8991-6101,1-150173,100.447,0
9863-1901,1-591255,107.452,0
9027-6101,1-272080,203.565,1
9507-12702,1-299013,241.904,1
9024-6101,1-314059,286.495,1
9512-1902,1-54001,116.491,2
9039-3701,1-262966,362.28,1
9868-6101,1-320912,115.119,0
8993-12705,1-277279,125.568,0
9039-6101,1-263429,320.138,0
9509-6101,1-230129,114.516,2
9891-1902,1-373827,315.157,1
9045-12705,1-374107,427.72,0
8984-6101,1-458033,103.835,0
9872-6101,1-322581,84.549,2
9491-6101,1-382712,173.615,0
9185-3702,1-177250,128.91,0
9506-12701,1-385918,387.399,1
8996-12704,1-188309,,1
8989-3701,1-174979,236.265,1
8153-6101,1-36644,504.518,1
9043-12701,1-632513,302.95,0
9085-12702,1-178549,118.263,2
8446-12702,1-418111,215.005,1
9502-12705,1-585171,123.499,0
9502-12704,1-585188,126.137,0
9195-12701,1-42680,88.369,0
8985-1902,1-420638,72.185,2
9182-12702,1-43864,119.716,0
9181-12704,1-71953,171.867,0
9027-12704,1-323794,147.051,2
9182-1902,1-71820,448.707,1
8991-3702,1-188749,281.082,0
9870-6101,1-199360,79.395,0
9500-6101,1-386108,187.357,1
9047-6101,1-295474,178.473,0
9035-12704,1-247897,160.16,1
8144-3702,1-121075,385.362,1
9185-6101,1-561034,357.951,1
9502-6101,1-385123,250.419,1
8445-12702,1-399563,104.371,2
9864-12701,1-197186,301.682,0
9035-6101,1-247669,404.208,1
9881-3702,1-457872,111.855,0
9034-6101,1-198736,155.204,1
9048-6101,1-318513,136.794,0
9510-1901,1-230426,87.991,0
9505-1902,1-387045,121.614,2
9183-3703,1-122304,100.412,2
9036-12703,1-209823,168.145,1
7972-6101,1-113242,183.488,0
8995-1902,1-189145,246.571,1
9871-1902,1-321911,78.774,0
9497-1902,1-556829,196.298,1
8624-1902,1-25663,147.272,1
7958-1902,1-547433,160.825,1
8443-3703,1-422430,271.91,0
9034-3701,1-198706,156.543,1
9181-6101,1-548613,338.187,1
8144-6101,1-152527,95.835,2
9036-12702,1-248208,185.63,1
8443-1901,1-422898,125.592,0
8446-6101,1-409184,101.827,2
9494-6101,1-412897,226.901,1
9493-1901,1-384424,175.948,1
9000-6101,1-187562,90.658,0
9037-12702,1-593910,82.628,0
9024-12703,1-314013,346.819,1
9031-6101,1-209952,178.967,1
9883-12704,1-176925,328.728,1
8940-12704,1-218230,318.856,1
8990-12705,1-174631,157.48,0
9047-12705,1-270107,206.34,1
8158-6101,1-52602,337.781,1
9486-12702,1-72207,169.657,0
9045-6101,1-373995,242.188,1
8150-6101,1-390151,115.819,0
9510-6101,1-605294,84.895,0
8938-3701,1-201798,191.365,1
9488-3701,1-384097,69.229,0
9508-1902,1-298864,183.71,1
8158-12702,1-52603,305.815,1
9501-6101,1-384726,166.141,1
8991-12704,1-150387,208.015,1
7968-6101,1-180472,211.796,1
8625-6101,1-23991,75.98,0
8311-6101,1-519444,377.646,1
9881-12701,1-568582,137.695,0
9028-3703,1-272175,378.818,1
9490-6101,1-383208,143.745,0
9034-12703,1-198747,123.649,0
9050-6101,1-550824,243.723,0
8936-6101,1-152806,113.901,2
9085-3702,1-178315,174.887,1
8150-12701,1-389685,94.755,0
9508-1901,1-298835,120.419,2
9863-1902,1-456974,84.324,0
9000-12703,1-188303,197.184,2
8989-1902,1-150254,220.26,1
9864-3703,1-197121,303.656,0
8944-6101,1-389514,168.381,1
8990-1901,1-174623,142.48,1
8080-12701,1-37640,179.742,2
9501-1902,1-385052,111.276,2
9492-12702,1-297860,446.426,1
8944-6102,1-390228,209.292,0
8322-12701,1-624909,87.471,0
9490-6102,1-383264,116.384,0
9193-3703,1-37877,133.108,0
8309-6102,1-196580,536.692,1
9501-3702,1-385080,120.807,0
8989-3703,1-617323,113.306,0
9512-6102,1-53916,229.896,1
9494-1902,1-412851,100.101,0
9185-3701,1-177104,331.357,0
8991-6102,1-150232,501.729,0
8624-6102,1-25722,110.353,2
8933-6102,1-456925,110.248,0
9869-12702,1-211257,144.061,0
8625-12701,1-24003,129.234,0
9193-1901,1-109234,172.358,1
9185-6102,1-176960,160.774,1
9027-6102,1-272360,192.736,1
8625-3703,1-23927,119.717,2
8993-6102,1-276843,95.584,0
8144-6102,1-120943,165.853,0
9505-6102,1-387081,120.496,2
9045-3701,1-315134,356.365,0
7972-12705,1-113469,166.465,1
9038-6102,1-594097,139.814,0
9050-6102,1-318728,158.646,1
9031-6102,1-209770,172.916,1
9891-3703,1-374423,452.819,1
9868-6102,1-321256,154.073,0
8999-12702,1-148652,101.534,0
8997-6102,1-149631,322.053,1
8080-6102,1-603996,159.034,0
9194-6102,1-547747,188.17,1
8322-6102,1-401757,248.359,1
7972-3701,1-113379,74.369,0
9502-6102,1-385149,74.914,0
8442-1902,1-419236,99.471,2
9891-6102,1-373878,191.342,1
9024-1901,1-314028,350.393,0
9507-6102,1-299195,77.886,0
9508-6102,1-298940,102.861,0
9501-3701,1-585207,120.801,0
9864-6102,1-197270,185.697,1
9095-6102,1-318321,135.861,0
9037-6102,1-199407,75.651,0
7964-12705,1-179151,103.232,0
7958-6102,1-547018,339.573,1
9088-3701,1-265704,269.768,1
8937-12703,1-146380,191.456,1
8085-6102,1-38323,157.921,1
9869-6102,1-135511,132.191,2
8331-12704,1-250997,119.472,0
8996-6102,1-187394,114.833,2
9507-12705,1-585206,120.484,0
8992-3701,1-149496,112.049,0
9050-12705,1-295183,342.495,1
9485-12701,1-71869,169.0,0
9182-6102,1-71987,268.924,1
9865-3701,1-246635,156.966,1
9876-6102,1-457151,91.074,0
9512-1901,1-53885,226.411,1
9492-3702,1-297924,211.712,1
8995-3701,1-188756,86.453,2
8984-3701,1-395593,107.425,0
9493-3701,1-384789,309.751,1
8442-6102,1-419153,129.058,2
9490-12703,1-383562,185.446,1
8935-3701,1-456773,96.557,0
8990-3701,1-615485,144.429,0
9088-6102,1-265769,132.918,2
8153-6102,1-547926,114.49,0
8727-6102,1-51799,147.668,1
9491-6102,1-382818,159.948,1
9500-1902,1-385715,117.83,2
8085-3701,1-38379,155.917,1
9044-3701,1-632371,310.447,1
9492-12704,1-382459,186.947,0
8444-6102,1-421767,109.228,0
8445-6102,1-409214,213.531,1
8941-6102,1-218248,116.834,2
9492-12703,1-298089,195.396,1
8941-12704,1-163907,60.865,0
9184-6102,1-201973,297.981,1
9863-3701,1-455659,83.901,0
9028-6102,1-594335,135.6,0
8941-3702,1-164148,179.197,1
8977-6102,1-584650,120.608,2
9871-12705,1-593702,119.561,0
9196-6102,1-24533,390.819,1
9196-12702,1-25771,432.393,1
9493-6102,1-384945,477.914,1
9870-6102,1-198885,94.038,0
8154-12703,1-37546,167.257,1
9050-12704,1-295629,238.178,2
9036-6102,1-248037,171.615,0
9869-1901,1-135193,131.639,0
9185-3703,1-177049,412.816,1
8984-12701,1-395643,101.187,0
8144-12704,1-120967,353.974,1
7968-6102,1-180537,459.492,2
9508-12704,1-298938,324.873,1
9043-3701,1-632576,278.121,1
9500-3701,1-385637,343.765,0
9036-3701,1-248003,162.953,0
8989-1901,1-149758,102.733,0
8322-3703,1-421145,76.063,2
8158-3701,1-583694,114.48,0
9028-12705,1-269070,250.867,1
9494-3701,1-384400,66.252,2
9025-3703,1-594452,219.367,2
8997-3701,1-149170,202.421,1
9488-6102,1-384105,66.728,0
9033-12701,1-321655,346.243,1
9871-3701,1-236176,75.674,0
8990-12704,1-174895,215.471,1
8999-3703,1-148621,108.998,0
9045-6102,1-373784,429.913,0
8311-6102,1-519407,135.081,0
8150-1901,1-389285,505.362,2
9505-3701,1-413676,104.113,2
9502-3701,1-556703,79.789,2
8158-12704,1-52588,337.008,0
9869-3701,1-135101,125.772,2
8984-6102,1-457816,536.413,2
8991-3701,1-149720,240.022,1
8983-6102,1-458270,133.155,2
9888-6102,1-549010,296.326,0
8938-6102,1-146344,189.639,1
9033-6102,1-198007,283.075,1
8331-3702,1-250651,224.428,0
9888-1901,1-316700,295.558,1
9869-12701,1-135536,144.528,1
9193-12705,1-37388,188.118,0
9505-12702,1-386735,96.844,0
9048-3701,1-295887,260.148,0
8933-12702,1-456320,82.901,0
9492-6102,1-382349,218.252,1
9487-6102,1-45131,167.783,1
9863-12704,1-591260,67.18,2
8983-3702,1-458148,119.396,2
9883-1902,1-176647,140.4,1
9085-12703,1-178557,197.251,1
8992-12704,1-576181,109.785,2
9891-12703,1-593748,,0
9036-3703,1-209772,175.555,0
8933-12701,1-456759,189.818,1
8977-12703,1-121523,304.218,1
8999-3701,1-173630,98.965,0
8150-6102,1-389238,115.607,0
9047-6102,1-633981,168.922,0
8999-6102,1-148987,101.097,0
8154-6102,1-37167,124.049,2
8937-6102,1-146067,71.897,0
9485-12704,1-122054,177.476,1
9025-12705,1-272575,200.18,1
8993-3703,1-173384,122.191,0
7972-6102,1-113518,127.99,2
8936-1901,1-152742,239.275,1
9039-12702,1-262907,279.289,1
9025-6102,1-269401,447.102,0
9494-6102,1-384388,68.193,0
9881-12704,1-523188,115.023,0
9194-3701,1-603965,163.161,0
9050-12703,1-294992,409.965,1
8153-3701,1-603705,156.727,0
9043-6102,1-632643,260.695,1
8940-6102,1-604970,117.971,0
8997-1901,1-149624,116.014,2
9181-1901,1-121803,171.999,1
8937-3701,1-604841,117.699,0
9872-6102,1-322507,84.155,0
9509-6102,1-298626,89.712,2
9485-3701,1-121789,165.543,1
8938-3702,1-201892,237.105,1
9485-6102,1-121947,354.527,0
9871-12704,1-322277,77.927,0
9038-12703,1-248056,286.783,1
8997-12702,1-149621,115.64,0
9193-6102,1-37386,190.589,0
9183-3701,44-50,317.413,0
9500-12701,1-605487,119.974,0
9024-6102,1-593543,131.279,0
9184-3701,1-153077,182.558,1
8311-3701,1-519412,134.996,2
9039-6102,1-263490,254.47,0
9510-6102,1-230406,228.632,1
9088-12703,1-265772,135.461,2
9510-12701,1-584931,101.921,0
9085-6102,1-178485,459.203,0
9500-6102,1-386107,240.745,0
8977-12702,1-121330,75.797,2
9507-3701,1-384690,347.639,1
9507-12701,1-298752,76.358,0
9506-6102,1-386150,117.14,0
9047-3701,1-295343,165.754,1
8139-6102,1-71225,263.513,1
9508-12702,1-605195,119.404,0
8989-6102,1-174904,98.819,0
7968-1901,1-180163,127.72,0
8992-6102,1-149512,135.488,0
9095-12703,1-318330,498.273,1
8158-6102,1-52701,138.349,0
8443-6102,1-422969,117.334,0
9085-12701,1-178399,119.41,0
8150-3701,1-389720,7.545,0
8323-6102,1-402872,203.642,1
8309-3701,1-196753,277.176,1
8993-12703,1-277443,95.503,0
9863-6102,1-456518,92.469,0
8995-6102,1-188186,234.879,1
8985-6102,1-420636,110.555,0
8935-6102,1-456516,99.312,0
8995-12701,1-188110,237.875,0
9865-6102,1-246633,291.568,0
9501-6102,1-385091,215.101,1
9039-12705,1-263495,328.983,1
9497-6102,1-229458,208.373,0
9000-3702,1-187355,286.545,1
8982-6102,1-458027,207.388,1
9185-1901,1-177236,165.491,1
8993-3701,1-277317,179.359,0
9863-3702,1-455918,95.367,0
8940-3702,1-163992,197.311,1
8996-1901,1-187430,116.086,0
9045-12704,1-315206,196.33,1
7964-6102,1-179385,147.429,0
9181-6102,1-71790,169.631,1
9048-6102,1-318518,405.666,0
8932-6102,1-457168,87.214,0
9871-6102,1-322240,304.026,1
9184-12702,1-201916,76.119,0
8139-3701,1-71113,320.205,1
9183-6102,1-122151,54.197,0
9506-3701,1-605531,261.371,2
9512-3701,1-53883,221.818,1
9865-1902,1-246484,129.096,2
9486-6102,1-122361,261.757,1
8941-12702,1-218353,94.18,0
8625-3702,1-24132,117.517,0
9870-1902,1-199340,158.799,1
8991-12702,1-150013,468.83,1
9044-6102,1-316030,304.455,1
9033-12704,1-576412,388.423,1
9883-6102,1-176417,159.138,1
8446-6102,1-418134,241.083,1
8936-6102,1-152700,243.892,1
8990-6102,1-174826,139.292,2
9031-12704,1-210020,182.774,1
8323-3703,1-402898,275.564,1
9196-3701,1-24623,329.988,0
9196-1901,1-24547,128.214,2
9881-6102,1-523167,115.805,0
9000-6102,1-187436,116.411,2
8445-3701,1-409209,104.461,0
8331-6102,1-260514,303.719,0
9181-12703,1-71976,378.953,0
8625-6102,1-23976,123.235,2
9035-6102,1-247674,396.911,1
8624-3701,1-595204,121.944,0
9485-1902,1-121607,170.675,0
9000-3701,1-187072,92.18,0
9034-6102,1-198704,154.262,1
9195-6102,1-42704,71.51,0
8443-3701,1-422976,126.962,0
8153-12703,1-37002,95.012,0
9037-1901,1-199442,81.238,0
9048-12705,1-295525,421.744,1
9509-1901,1-218245,109.079,0
9035-3703,1-247871,157.982,1
9506-3703,1-386322,80.301,0
9085-6103,1-178335,199.44,1
9868-6103,1-321170,153.84,0
9024-3702,1-314040,346.718,1
8080-6103,1-109284,279.572,1
8323-3702,1-402833,104.804,0
9888-3702,1-316773,135.945,0
8995-12702,1-188218,83.43,0
9025-6103,1-269577,250.939,2
9491-12702,1-382816,164.352,1
9494-12704,1-384396,121.668,0
9487-12702,1-45151,98.631,0
9497-12704,1-229665,65.859,0
8625-6103,1-24104,127.982,0
8154-6103,1-37155,124.237,0
8933-6103,1-456768,98.865,0
8937-6103,1-201685,72.777,0
9031-1902,1-209707,180.466,1
9195-3702,1-42250,262.802,2
9487-3702,1-574506,223.171,1
9863-12703,1-456894,106.855,0
8999-6103,1-148615,273.591,2
9000-12702,1-614392,116.851,0
9025-12704,1-633942,201.388,0
9181-12701,1-71950,453.922,1
9863-6103,1-456632,85.071,0
9487-6103,1-45089,83.102,0
9491-3702,1-382860,173.28,1
8936-12705,1-152579,258.838,0
9037-3703,1-247782,157.451,1
9492-3701,1-297987,192.811,1
9864-3701,1-197166,185.112,0
8085-6103,1-38293,163.972,0
9039-6103,1-262883,325.777,0
8443-6103,1-627397,124.464,0
9876-6103,1-404164,88.04,0
8944-3702,1-390223,390.328,1
8158-6103,1-52720,269.754,0
7972-3702,1-113315,255.437,1
8322-6103,1-419067,80.337,0
7972-6103,1-113368,181.234,0
9505-6103,1-567284,403.608,1
9047-6103,1-270072,500.651,1
8984-12702,1-458124,165.129,1
8727-12702,1-51813,95.262,2
8977-3703,1-153254,300.737,0
8983-12705,1-626684,109.881,0
9038-6103,1-199488,,0
9509-12702,1-230060,90.359,0
9501-1901,1-385109,114.708,0
8444-12702,1-421777,105.295,0
9891-3701,1-373870,442.141,2
8937-3702,1-201320,115.468,2
8936-6103,1-152936,459.468,1
8984-6103,1-395601,185.143,1
9501-12702,1-385090,121.202,0
9088-12705,1-296074,261.354,1
9888-3701,1-593989,136.992,0
9500-3702,1-385771,93.06,0
9501-6103,1-385219,78.516,0
7968-12705,1-180392,343.425,0
9196-6103,1-24603,127.506,0
9864-6103,1-197307,186.065,1
9028-6103,1-269491,132.607,2
9508-6103,1-298926,233.949,1
8311-12701,1-568570,291.568,1
9870-3702,1-198949,120.584,0
9505-1901,1-386727,153.37,0
9490-1901,1-383667,188.85,1
9490-6103,1-383623,188.248,0
9508-12703,1-298950,234.128,0
9194-6103,1-37633,131.193,2
8935-12705,1-404191,93.043,0
9501-12701,1-385070,124.71,2
9031-6103,1-209939,159.641,1
8938-1902,1-146292,194.185,1
9488-6103,1-384344,65.835,0
9028-12701,1-269179,200.696,1
9193-12703,1-109270,108.257,2
9876-3702,1-456714,106.155,0
8154-3702,1-37265,272.629,0
8941-12701,1-164062,98.74,0
8331-6103,1-250644,257.521,1
9881-6103,1-458223,255.395,0
9045-6103,1-314700,346.069,1
9509-3702,1-218233,107.757,0
8442-6103,1-409567,250.303,1
9490-12704,1-383648,161.299,1
9891-12704,1-373830,235.701,1
9507-12703,1-299166,492.29,1
9038-3703,1-248077,279.812,1
9491-3703,1-383214,165.208,0
8446-3702,1-418071,175.62,1
8941-12703,1-218328,154.615,1
9871-6103,1-236158,73.095,0
8938-12704,1-146440,153.943,0
8983-12701,1-626658,108.869,0
9048-6103,1-295709,350.975,1
9888-12703,1-317381,331.876,0
8309-3702,1-244763,283.56,0
8944-6103,1-389499,218.405,1
8991-6103,1-188177,116.84,0
9193-6103,1-37787,106.759,0
9043-12705,1-549076,295.163,1
9485-6103,1-71811,555.525,1
9196-12703,1-24660,328.413,1
8941-6103,1-163908,74.051,0
9506-6103,1-385935,460.075,0
8139-12702,1-71137,115.274,0
9506-12704,1-299793,204.115,1
9497-6103,1-298228,528.788,1
8444-6103,1-625602,158.1,2
8992-6103,1-149471,202.61,1
8624-3702,1-23670,119.208,0
9870-6103,1-569138,157.037,2
9044-12701,1-632610,132.757,0
9491-6103,1-382848,165.362,1
8150-12702,1-389244,95.012,0
7964-12703,1-179535,197.784,1
9037-12703,1-247758,151.013,0
9493-6103,1-384929,72.701,2
8933-3702,1-456844,92.85,0
8938-12702,1-201756,169.837,0
9497-12702,1-298206,174.277,1
8992-12701,1-149650,204.828,1
8311-6103,1-522789,181.795,0
8997-12701,1-149686,199.008,0
7968-3702,1-180337,151.652,0
8144-12702,1-120955,213.082,1
9033-12705,1-576436,153.254,0
9491-12704,1-382809,253.061,1
8080-12702,1-109244,114.753,0
8624-6103,1-25707,111.526,2
8323-12705,1-624367,143.726,0
9034-6103,1-198461,219.183,1
8144-6103,1-121023,253.626,1
9502-6103,1-385124,123.457,0
8990-6103,1-589092,98.547,0
9000-6103,1-187324,171.841,1
9035-6103,1-247747,240.009,0
9182-6103,1-72325,177.322,0
8446-6103,1-418090,247.953,1
9039-3702,1-263083,441.56,1
9194-12703,1-603974,157.592,0
9088-6103,1-265801,135.905,0
8935-3702,1-404279,94.179,0
8996-3701,1-149683,143.706,0
8977-6103,1-604824,252.972,2
8985-1901,1-421316,105.019,0
9047-3702,1-270074,290.083,1
9184-6103,1-201915,244.283,1
9488-12705,1-412736,85.977,0
8445-6103,1-418104,238.94,1
9488-1901,1-412833,99.184,0
8977-12705,1-153246,74.975,0
9033-6103,1-197946,480.464,1
8937-12701,1-152770,115.846,0
9493-3702,1-384429,71.527,0
9050-6103,1-318519,408.057,1
9888-6103,1-549008,358.509,1
8984-12703,1-626689,123.648,2
8983-6103,1-457869,125.41,2
9868-3702,1-321354,115.126,2
8938-6103,1-201742,410.888,1
8445-12705,1-409242,,2
9507-3702,1-299204,495.842,1
8150-3702,1-585758,20.476,0
8080-3701,1-37744,155.391,1
9512-3702,1-53753,229.246,1
7964-12704,1-179479,210.6,2
7958-6103,1-547106,151.12,0
8442-12704,1-419126,215.116,1
7964-6103,1-179135,204.111,0
9512-6103,1-53987,71.542,0
8311-1902,1-519393,133.562,2
8331-1901,1-250628,182.96,1
9195-6103,1-558630,303.16,0
8139-3702,1-604791,56.848,0
8993-6103,1-278059,106.889,2
8139-12705,1-604821,116.236,0
8932-12703,1-456583,102.943,0
8309-6103,1-197013,171.304,1
9490-3701,1-383608,187.286,1
9869-12705,1-135500,108.802,2
8144-3701,1-152675,165.646,2
9883-3702,1-176882,339.419,1
8982-6103,1-457781,481.245,1
8323-6103,1-405760,99.936,0
8985-6103,1-420901,104.188,0
9876-12703,1-456916,119.6,0
9181-6103,1-548617,306.424,2
8989-6103,1-576172,489.793,1
8139-6103,1-71167,70.264,0
9870-3701,1-322291,118.556,2
8727-6103,1-51779,147.151,0
7968-12702,1-180336,127.44,0
8935-6103,1-456289,112.527,0
8936-1902,1-152632,102.634,0
9183-12703,1-72242,169.191,1
8144-3703,1-152563,68.22,0
9865-6103,1-246565,111.578,2
8997-6103,1-149384,117.711,0
8995-6103,1-188545,504.393,1
8932-1901,1-456540,108.639,2
8940-1901,1-217928,183.588,1
7958-1901,1-177236,165.491,1
9510-3701,1-230227,188.85,1
9883-6103,1-177105,255.004,1
8932-6103,1-456370,87.165,0
8982-12701,1-457815,100.114,0
8989-12702,1-175169,113.158,0
9486-6103,1-122329,386.741,2
9183-6103,1-584741,174.044,0
9501-12705,1-605418,74.776,2
8322-3702,1-575209,194.138,0
8154-12701,1-603920,134.015,0
9193-3702,1-37813,106.349,0
9891-6103,1-373953,238.787,1
9044-6103,1-315062,315.844,1
9510-12705,1-298906,373.263,0
9872-3702,1-322172,77.483,0
8080-3702,1-38062,99.43,0
9195-3701,1-42707,73.825,0
9194-1902,1-37755,166.619,1
9872-6103,1-322183,78.489,0
9505-3702,1-387140,95.027,0
9024-6103,1-314241,333.2,1
9038-12701,1-569204,397.316,1
9492-6103,1-297950,211.885,1
9509-6103,1-605075,107.625,0
9027-3702,1-323886,174.563,1
9500-6103,1-385781,267.256,2
9027-6103,1-323775,220.351,1
9870-12704,1-198887,80.859,0
9181-3701,1-121784,169.739,1
9510-6103,1-230628,206.963,1
9494-3702,1-383782,77.844,2
8996-6103,1-187419,205.013,1
9043-3702,1-374549,346.155,1
8150-6103,1-585731,21.687,0
9872-3701,1-633000,85.097,0
9508-12701,1-298823,376.007,2
9095-12701,1-376413,348.606,1
9510-3703,1-230467,170.323,1
8977-3701,1-121375,331.898,1
8443-12704,1-422933,124.27,0
9031-3701,1-209786,175.977,0
8983-12703,1-627108,267.358,0
9095-6103,1-318364,473.622,1
8144-1902,1-152474,68.514,0
8153-6103,1-582516,197.209,0
8153-1901,1-36843,97.329,0
8935-12704,1-403664,92.349,0
9037-6103,1-247774,157.538,0
9085-1901,1-177972,122.253,2
8442-12705,1-591588,80.095,2
9507-6103,1-299176,349.816,1
7964-1901,1-179372,274.444,1
9870-12702,1-198938,166.036,1
9043-6103,1-374561,430.468,0
9185-6103,1-546965,336.951,1
9490-12705,1-412544,186.526,0
7968-12701,1-180513,214.329,1
9888-12701,1-593975,141.189,2
8996-3702,1-187429,280.563,0
9869-6103,1-135534,128.964,2
9025-3702,1-272047,204.288,1
7968-6103,1-180381,463.436,1
9493-12701,1-384809,66.882,2
9036-6103,1-247664,146.216,1
9494-6103,1-384394,,0
8940-6103,1-218055,195.246,1
9863-12701,1-457140,80.499,0
9025-6104,1-272639,220.164,2
8999-6104,1-148597,99.679,0
9196-3703,1-24661,332.121,1
9486-6104,1-122334,260.823,1
8985-12701,1-421314,71.816,2
8150-6104,1-389509,115.654,0
8624-12704,1-25682,118.013,0
9881-12702,1-523178,220.783,1
8932-3702,1-456906,101.548,2
9871-6104,1-322262,77.842,2
9870-12705,1-199283,75.969,0
9037-6104,1-247713,155.099,0
8999-12705,1-148599,100.603,0
8982-6104,1-626502,149.617,2
9095-6104,1-318463,187.482,1
9488-12701,1-384095,108.446,0
9181-6104,1-122067,100.51,0
9183-1901,1-72155,91.849,0
9888-3703,1-316675,315.387,1
7964-12702,1-179139,319.988,1
9876-1901,1-456877,105.416,2
9863-6104,1-623756,85.315,2
8085-6104,1-38470,88.163,0
9050-3701,1-318279,209.888,2
9000-12705,1-149896,117.663,0
9505-6104,1-387155,89.734,0
9088-3702,1-265632,201.675,1
9871-3702,1-321932,118.776,2
9888-6104,1-317388,548.749,0
8727-1901,1-51776,143.279,2
9194-3702,1-37862,300.156,1
9864-6104,1-197292,189.728,0
9036-6104,1-209770,172.916,1
7958-3702,1-177284,156.733,2
8624-6104,1-634806,130.853,0
8997-12703,1-149597,143.163,1
7972-12702,1-113346,181.177,1
9184-12701,1-201913,243.888,0
9865-3702,1-246219,157.548,1
9193-6104,1-37338,159.029,1
8941-6104,1-218167,94.747,0
9869-6104,1-135583,135.83,2
8444-6104,1-420732,147.468,2
9493-6104,1-413040,173.266,1
7968-6104,1-180497,342.713,1
9505-3703,1-387066,111.762,0
9196-6104,1-24822,318.349,1
8727-3702,1-51766,95.406,0
8983-1901,1-457905,111.205,2
9088-6104,1-296457,137.011,0
8085-12702,1-604062,93.326,0
8977-6104,1-153035,330.004,1
8989-12701,1-174952,440.017,1
8990-6104,1-174914,195.062,2
9502-6104,1-585210,122.137,0
9497-12701,1-229567,259.322,1
8727-12703,1-52037,75.549,0
9876-6104,1-623710,90.685,0
9508-6104,1-298966,219.945,1
9196-3702,1-24641,320.782,1
8322-3701,1-419028,205.089,0
9491-12705,1-382748,530.534,1
8444-12701,1-421728,72.893,0
9194-12705,1-37796,177.768,1
9510-6104,1-218695,315.528,1
8935-6104,1-457196,99.018,0
9497-6104,1-298197,365.322,1
8139-6104,1-121236,249.987,2
9085-6104,1-178526,196.638,1
8311-6104,1-568584,112.935,0
9045-6104,1-315276,447.537,1
8443-12702,1-568615,212.277,1
9510-3702,1-230395,227.207,0
9031-6104,1-209728,183.036,1
9182-6104,1-72350,112.676,0
8625-1901,1-23980,123.663,2
9194-6104,1-37751,161.481,1
9035-6104,1-633257,158.699,1
9031-12702,1-209744,169.915,1
9883-12705,1-177632,151.17,1
9195-6104,1-603028,183.88,0
8982-12705,1-626533,107.513,0
9492-6104,1-556831,193.962,1
9035-3702,1-247755,156.087,1
9501-12703,1-385222,239.047,1
9509-12705,1-230021,407.951,1
9044-1901,1-315675,133.34,0
7958-12705,1-177762,100.638,0
8940-6104,1-584801,110.022,0
8997-6104,1-576182,143.252,0
9182-12703,1-43868,280.195,1
8995-6104,1-188844,218.58,0
8944-1901,1-389503,94.003,0
9507-6104,43-130,,0
9043-6104,1-315863,282.764,1
8938-12705,1-604980,60.204,2
8144-6104,1-152524,324.481,1
9508-12705,1-298798,119.18,0
8080-12705,1-37695,120.708,0
8442-1901,1-415354,151.916,1
9485-3702,1-121837,174.652,1
8996-6104,1-187821,92.252,0
9043-12703,1-632641,432.4,2
9095-3702,1-318401,139.232,1
9864-12705,1-197454,329.427,1
9876-3701,1-456710,114.92,2
9048-3702,1-296316,278.491,1
9865-6104,1-246743,267.943,1
8153-12705,1-36970,100.28,0
9487-6104,1-45593,97.387,0
8933-6104,1-456947,100.762,0
8989-12705,1-175185,97.431,0
8989-6104,1-175200,316.19,1
8154-6104,1-37491,178.646,1
8442-3703,1-421884,163.328,1
8144-12705,1-556549,116.668,0
9037-12701,1-199210,86.699,0
8999-1901,1-148780,106.838,0
9047-6104,1-270129,241.677,0
9044-6104,1-632410,315.965,0
9039-6104,1-253426,378.284,1
8937-6104,1-146337,205.305,2
8996-12702,1-149678,200.593,2
9891-6104,1-374081,280.271,1
9888-12705,1-375695,134.481,0
9506-3702,1-385928,211.199,1
8080-6104,1-38029,155.231,0
9494-6104,1-384808,69.978,0
8727-6104,1-51668,93.244,0
9185-6104,1-547418,105.06,0
8727-3703,1-583556,99.677,0
8993-1901,1-277308,92.334,0
9485-3703,1-121871,185.257,1
9869-3702,1-210932,138.127,0
9038-12705,1-247998,146.389,1
9865-12702,1-246618,112.019,0
8322-6104,1-418974,196.216,1
8982-1902,1-457547,103.408,0
7972-6104,1-113404,177.717,1
9891-1901,1-593648,113.443,2
9508-3701,1-298677,104.829,2
8941-1901,1-146247,311.48,2
8982-3702,1-457813,101.312,0
8977-3702,1-71269,264.891,1
8982-3701,1-457523,304.278,2
9184-6104,1-201816,193.163,1
9027-12705,1-633856,96.158,0
8445-6104,1-410676,71.573,0
9034-3702,1-198233,159.425,2
8997-12705,1-149507,137.335,0
9095-1901,1-317822,138.359,0
9048-12704,1-295955,166.65,1
9037-3702,1-199449,81.226,0
9033-6104,1-198395,347.643,0
8936-3702,1-121235,250.55,1
9493-12702,1-384930,53.104,0
9035-12702,1-247911,161.652,1
9038-1902,1-199756,143.909,1
9050-6104,1-295272,243.537,2
8444-1901,1-420787,156.279,1
9045-3702,1-373717,141.726,2
9182-3702,1-72231,369.642,0
9095-1902,1-376429,133.351,2
8983-6104,1-423049,211.533,1
9028-3702,1-269212,201.297,1
8938-6104,1-146408,305.207,1
9000-6104,1-187966,280.294,1
9872-6104,1-322353,80.022,0
9509-6104,1-230149,90.958,0
9027-6104,1-323774,95.147,0
9024-6104,1-314639,350.363,2
9500-6104,1-385732,93.617,0
7968-3701,1-180204,214.316,0
9034-12705,1-198664,82.678,2
9182-12704,1-72289,299.506,1
8442-3701,1-591580,127.318,0
8984-3702,1-395617,155.566,1
9034-6104,1-198501,369.573,0
8941-12705,1-605029,61.505,0
8153-6104,1-36968,223.649,2
9868-12705,1-321271,296.434,1
8446-6104,1-410704,228.691,1
9864-1901,1-245733,186.305,1
9045-1902,1-315099,288.768,2
9043-12702,1-632505,300.457,0
8443-6104,1-627945,129.448,0
9868-12702,1-321299,294.208,1
9871-1901,1-321914,79.736,0
8158-6104,1-52590,238.518,1
9036-1902,1-248133,168.561,1
9865-12705,1-246543,109.093,0
8331-6104,1-250969,120.917,2
9881-6104,1-627173,116.201,0
9490-6104,1-383292,67.309,0
8938-12703,1-146465,304.504,1
9505-12703,1-387016,188.918,1
9181-1902,1-122057,168.415,1
8444-12705,1-626390,67.68,0
8309-12705,1-196861,173.006,1
9085-12704,1-178578,406.778,1
9095-12702,1-376419,348.864,1
9888-1902,1-317315,293.973,1
8442-6104,1-415304,154.958,1
9044-12703,1-315502,452.389,0
9872-12701,1-322161,80.675,0
9181-3702,1-71736,417.172,0
9028-12703,1-269279,211.684,1
9488-6104,1-556821,348.124,1
8936-6104,1-152828,61.931,0
8323-6104,1-405673,68.831,0
8940-12705,1-229888,193.919,1
8445-3702,1-399581,245.525,1
8991-12705,1-150245,232.781,1
8309-6104,1-197044,181.949,1
8444-3702,1-421756,105.393,2
9048-6104,1-295935,375.693,1
9485-12703,1-121936,93.947,0
8935-12703,1-623447,112.828,0
8985-6104,1-627238,119.535,0
9497-1901,1-217527,102.016,0
8443-1902,1-424438,127.785,2
9501-6104,1-385272,342.454,0
9194-12701,1-37400,122.559,0
8992-6104,1-149878,113.634,0
8938-12701,1-201874,219.209,1
9195-1901,1-42253,69.743,0
9506-6104,1-386302,195.987,1
8311-3702,1-522735,73.09,0
9038-3702,1-199750,88.966,0
8993-6104,1-588013,91.442,0
7958-6104,1-547403,339.872,0
9045-12702,1-631824,141.994,2
8989-3702,1-174982,,0
9497-12705,1-298111,,0
9044-12705,46-51,438.994,0
9508-3702,1-298867,118.144,0
9870-6104,1-199384,83.403,0
8624-12703,1-25746,130.887,2
9491-6104,1-382839,482.714,1
8991-6104,1-576162,228.971,1
8995-12705,1-150370,215.482,0
8985-12703,1-420924,105.281,2
9183-6104,1-72070,311.993,1
8993-12702,1-277300,158.514,0
8990-12703,1-174880,229.551,1
9868-6104,1-321409,479.016,2
9031-3702,1-209803,166.087,1
9184-1901,1-153224,73.445,0
9050-1902,1-294969,190.913,1
9038-6104,1-247994,172.123,1
9485-6104,1-121973,139.656,2
8944-6104,1-390999,86.759,0
8153-3702,1-36779,258.403,1
8444-12703,1-422040,164.483,0
8940-12701,1-163887,178.388,1
9512-6104,1-53985,75.753,2
9872-12704,1-322451,81.641,0
9028-6104,1-269331,521.481,1
9184-3702,1-153086,77.103,2
9891-3702,1-631872,429.191,0
8993-12701,1-612080,95.473,0
8999-12703,1-576224,104.692,0
7964-6104,1-179351,374.39,1
8984-6104,1-458138,151.579,0
9184-12704,1-153103,120.907,0
9502-3702,1-385131,341.406,1
9883-6104,1-177027,395.274,0
9024-12705,1-314409,247.6,2
9510-12702,1-230334,85.303,0
9182-12705,1-72209,172.511,1
9183-3702,1-72211,170.111,0
8932-6104,1-404171,108.424,0
9492-12701,1-382648,166.824,2
8625-6104,1-24209,114.425,2
8309-12704,1-196929,284.341,0
9876-12704,1-591279,,0
9869-12703,1-634089,125.487,0
8990-12701,1-174429,133.576,2
8323-1901,1-410131,108.693,0
9045-12701,1-314719,279.095,0
9508-3703,1-298845,94.632,0
9487-12703,1-45529,224.388,1
9500-1901,1-385623,211.384,1
8727-9101,1-51660,142.412,0
8932-9101,1-457175,85.549,0
8322-12703,1-419251,101.898,0
8995-12704,1-616662,272.305,0
8158-1901,1-52677,162.021,1
9891-9101,1-374007,430.502,0
9488-1902,1-384110,78.756,0
9486-1902,1-122586,389.426,1
9502-9101,1-605311,345.525,0
8144-12701,1-152389,114.485,2
8446-9101,1-418228,146.866,0
9034-12701,1-198353,67.321,0
9182-9101,1-72275,271.906,0
9000-9101,1-187554,409.594,1
8985-12702,1-415939,150.912,0
8990-3702,1-174435,137.626,0
8331-1902,1-250603,217.538,1
9487-1901,1-44625,134.16,0
8158-12705,1-52578,162.814,1
9493-9101,1-384936,162.301,1
8982-3703,1-458092,196.505,0
8995-12703,1-188888,319.318,0
9491-12703,1-382465,181.725,1
8322-12702,1-401725,198.738,2
8984-9101,1-395622,156.519,0
8938-3703,1-146432,168.916,1
9024-3703,1-262307,312.537,0
8309-12702,1-196737,531.928,0
9085-9101,1-177985,226.324,1
9195-12705,1-602993,91.798,0
9088-3703,1-265618,199.5,1
8944-12705,1-390054,204.235,1
9025-12702,1-633871,,0
8944-9101,1-389479,94.669,0
9045-9101,1-631890,242.61,0
9031-9101,1-209935,379.417,1
9502-1901,1-385167,123.065,2
9033-12703,1-321841,162.208,1
8443-9101,1-592031,202.75,0
9047-12703,1-269638,199.344,0
8446-12701,1-418128,100.32,0
8625-9101,1-24179,123.671,0
9485-1901,1-122002,289.325,1
9039-12704,1-263197,323.776,1
9033-3702,1-198029,111.487,2
8985-3701,1-591961,69.284,0
9881-9101,1-523203,120.278,0
9492-3703,1-297910,212.12,1
9047-12701,1-296190,200.356,0
9194-12702,1-289729,106.362,0
8150-12704,1-390514,207.959,1
8992-9101,1-149563,102.945,0
9506-9101,1-385972,339.622,2
8139-1902,1-121202,171.187,1
8085-9101,1-38353,159.231,0
9036-1901,1-209786,175.977,0
9493-12704,1-385455,175.88,1
9047-1901,1-295721,263.946,2
9865-3703,1-246760,158.004,2
9872-9101,1-322563,174.982,0
8624-9101,1-25718,94.984,0
9512-3703,1-53968,70.85,2
9888-9101,1-316920,135.761,2
9500-3703,1-386126,546.035,0
7964-12701,1-179247,101.556,0
9507-12704,1-605367,78.693,0
9185-9101,1-634515,233.014,2
9494-9101,1-384872,348.012,0
8984-12705,1-458137,154.753,0
8322-9101,1-591611,80.857,2
8992-3703,1-149879,112.585,2
9488-3703,1-412892,168.415,1
8727-12701,1-51767,88.33,2
8933-9101,1-456862,94.365,0
8937-9101,1-584634,116.249,2
8982-1901,1-458044,105.948,0
9500-9101,1-385361,166.139,1
8992-3702,1-149561,113.197,0
8153-12704,1-36705,168.351,1
8085-1902,1-38567,138.681,0
8940-9101,1-163959,300.074,1
8944-12702,1-390282,209.343,1
8991-3703,1-150302,82.516,0
9492-9101,1-297936,218.466,0
9184-1902,1-153248,70.759,0
8985-3703,1-415955,246.218,1
9034-3703,1-198226,156.822,1
9491-9101,1-382505,176.904,1
9872-3703,1-199287,81.841,0
9870-9101,1-199368,155.409,0
8311-3703,1-626924,134.883,0
9183-12705,1-153938,162.598,0
8991-9101,1-150337,198.653,1
9485-9101,1-71516,312.342,0
9050-3703,1-318164,263.99,1
9863-12702,1-456589,93.201,0
8085-3702,1-109419,404.101,0
8995-3702,1-188548,509.297,2
8153-3703,1-36847,120.911,0
8983-3703,1-458396,123.63,0
9028-9101,1-296824,220.671,2
8932-3703,1-457176,91.784,0
9038-9101,1-248111,85.148,0
8446-12703,1-418202,108.366,0
9512-12704,1-585546,78.091,0
8080-9101,1-37769,187.863,1
8983-1902,1-627086,268.868,2
9044-12702,1-316109,297.582,0
9507-9101,1-299163,321.418,0
9043-9101,1-632309,484.278,0
7972-9101,1-113292,400.711,1
8445-12703,1-409272,91.653,0
9883-3701,1-594855,138.192,2
9868-9101,1-321165,151.775,1
9025-1901,1-272055,89.564,0
9039-9101,1-262830,478.169,2
9868-12703,1-321582,151.794,1
9047-9101,1-295790,167.234,1
8154-9101,1-36867,181.868,1
9883-12701,1-176644,266.142,1
9487-9101,1-45179,207.788,2
9870-3703,1-199321,79.829,0
8935-3703,1-404265,99.13,0
9085-3701,1-178473,197.054,1
8443-12701,1-592100,90.587,0
8158-9101,1-52637,160.706,1
9864-12703,1-245736,189.062,1
9182-12701,1-71891,377.227,2
9512-12705,1-54258,102.24,0
7958-3703,1-177250,128.91,0
9497-9101,1-229538,73.115,0
9871-9101,1-321936,74.819,0
9488-12702,1-384128,108.571,0
9863-9101,1-455654,92.038,0
9027-12703,1-272361,192.783,1
8936-9101,1-152830,110.805,0
9490-9101,1-556855,469.509,1
8331-9101,1-285879,255.079,0
8935-1901,1-457177,88.946,0
9488-9101,1-412858,66.193,0
9487-12705,1-45606,169.589,0
8442-9101,1-419151,106.112,0
9048-9101,1-296334,199.124,1
8933-1901,1-456590,92.102,0
8446-3703,1-418242,92.528,0
9196-1902,1-24553,104.039,0
8940-12703,1-163912,177.02,1
8446-1902,1-418253,113.991,0
9501-9101,1-385101,115.429,2
9508-9101,1-230005,83.974,0
8144-9101,1-120941,68.531,2
8936-3703,1-604846,64.281,0
8993-1902,1-277525,105.947,0
8995-9101,1-188803,231.33,1
9865-9101,1-198159,157.597,0
8997-9101,1-187006,142.455,0
8997-3703,1-149589,144.633,0
9184-12705,1-201875,309.181,1
9033-3703,1-197968,207.794,1
8940-3703,1-218243,290.434,1
9043-1901,1-374844,208.916,1
8989-9101,1-174947,141.607,0
8154-12705,1-37547,121.123,0
9034-9101,1-198505,352.195,1
9491-1902,1-382793,315.106,0
9035-12701,1-247727,168.398,1
9044-9101,1-315626,247.521,1
9863-12705,1-456639,95.85,0
8985-9101,1-416015,248.302,1
8323-9101,1-405698,146.071,0
8933-12705,1-456914,99.21,0
8309-12703,1-576558,377.314,1
8309-9101,1-244805,282.21,0
8993-9101,1-277470,93.026,0
8991-12703,1-150394,202.76,1
7958-9101,1-547402,163.247,1
9183-9101,1-122094,150.544,2
8977-12704,1-121413,68.886,0
9047-12702,1-295449,180.595,1
8150-12705,1-606079,94.941,0
9027-12702,1-272315,97.141,0
9512-9101,1-605753,121.406,0
9883-9101,1-561014,397.351,0
7964-9101,1-179503,239.591,1
9509-12703,1-230042,189.533,0
9027-9101,1-272321,95.609,0
9024-9101,1-262322,268.572,1
9509-9101,1-218306,427.252,1
8445-3703,1-410705,100.877,0
8996-9101,1-188307,196.925,1
7964-3703,1-179530,209.161,1
9876-12702,1-456717,99.92,0
9872-12703,1-593862,80.42,0
9881-1901,1-458316,120.608,2
9037-12705,1-569199,234.862,1
8322-12704,1-625154,80.688,2
9485-12705,1-153627,137.487,0
8445-1901,1-409249,177.104,1
8990-3703,1-174392,149.036,1
9033-9101,1-321426,343.706,0
8938-9101,1-201812,196.247,1
9050-9101,1-318601,136.782,0
8323-12703,1-591308,107.89,0
8983-9101,1-568624,256.761,1
9038-1901,1-199744,144.002,2
9184-9101,1-201938,302.258,0
8445-9101,1-409168,107.559,0
9509-3703,1-230144,164.703,1
8990-12702,1-576106,134.681,0
9872-12705,1-322586,230.51,1
8153-9101,1-36381,292.304,1
9194-12704,1-37427,163.554,1
9864-12702,1-576470,299.487,0
9034-1901,1-198237,350.192,2
9028-3701,1-269500,315.243,0
8937-1901,1-201307,114.422,2
8993-3702,1-173397,108.51,2
9492-1901,1-297902,191.566,1
8999-9101,1-173626,93.464,0
8977-9101,1-153028,119.563,0
9095-12705,1-376608,199.731,1
7964-3701,1-179289,200.349,1
8941-9101,1-163975,98.284,0
8990-9101,1-174390,126.426,2
8444-9101,1-421972,156.112,2
9510-9101,1-230422,87.55,0
9864-9101,1-592810,207.591,1
9181-9101,1-71763,172.51,1
8139-3703,1-121218,184.746,1
9196-9101,1-24814,254.096,1
7972-12704,1-113375,120.644,2
9486-9101,1-548636,172.632,0
9095-9101,1-317837,164.282,1
9193-9101,1-37385,188.794,0
8139-9101,1-121206,82.921,0
8935-9101,1-404184,92.363,0
8996-3703,1-188330,116.642,0
9876-9101,1-404243,117.611,0
8150-9101,1-389743,92.484,0
9883-3703,1-176928,133.716,2
8322-12705,1-575232,202.401,0
9486-3702,1-72169,91.279,0
9037-9101,1-199432,79.517,0
8995-1901,1-189197,113.41,0
9872-12702,1-322506,171.958,1
9193-3701,1-37784,99.968,0
9027-3703,1-323764,89.8,0
8984-1901,1-395547,124.213,0
9505-9101,1-605709,96.117,0
9025-9101,1-272088,378.932,0
9036-9101,1-247661,167.313,0
8311-9101,1-519271,176.326,1
9195-9101,1-42646,233.923,1
9185-12703,1-634624,324.569,0
9194-9101,1-37818,417.145,1
9881-3701,1-523239,516.73,0
9876-1902,1-456618,117.715,2
9870-1901,1-322336,509.517,1
8993-12704,1-277475,94.432,0
9088-9101,1-265117,112.717,2
8937-12705,1-604864,247.998,0
8941-3701,1-163965,119.75,0
8309-3703,1-628628,2.242,0
7968-9101,1-180172,207.58,0
8982-9101,1-457811,100.945,0
9869-9101,1-211028,126.0,0
9035-9101,1-247861,155.313,0
9493-12705,1-385499,54.244,2
9088-9102,1-265750,313.832,0
8985-3702,1-420908,102.15,0
8625-12702,1-24172,121.539,0
8311-9102,1-522749,291.728,0
9031-1901,1-209722,89.347,0
8983-9102,1-458499,308.561,1
9881-3703,1-458301,113.217,0
9184-9102,1-153207,78.223,0
9181-12705,1-548626,335.576,1
9493-3703,1-385422,109.042,0
8445-9102,1-418006,115.243,2
9033-9102,1-321725,132.693,2
8446-3701,1-418048,254.359,1
9182-9102,1-72203,120.952,0
9088-12704,1-265560,264.444,2
8938-9102,1-146463,302.314,1
9487-3703,1-45539,181.887,1
8624-9102,1-25740,121.246,0
7968-9102,1-180080,128.642,0
9500-9102,1-386078,181.272,1
9027-9102,1-323813,90.95,0
9512-12703,1-53954,73.798,0
9024-9102,1-314386,503.41,1
9509-9102,1-230045,190.841,1
9869-9102,1-135524,119.131,0
9085-3703,1-178442,408.48,1
9036-9102,1-248213,104.959,2
8944-12704,1-391014,162.231,0
9048-3703,1-295303,488.573,0
9502-12701,1-384507,514.925,1
8144-12703,1-120935,164.242,0
8991-1901,1-149985,208.797,1
8996-9102,1-149721,236.192,1
9044-3702,1-315063,512.419,1
9872-9102,1-593934,174.217,0
8625-12705,1-24375,125.508,2
9044-3703,1-316144,296.853,1
8153-9102,1-36827,96.058,0
8992-1901,1-614907,202.262,0
9088-1902,1-265547,173.025,1
9869-3703,1-135059,134.87,0
9888-9102,46-184,,0
8322-1901,1-625070,99.614,0
9043-12704,1-632653,92.439,0
8311-3704,1-519429,138.185,0
8977-9102,1-153082,275.616,1
9048-12703,1-296149,200.002,1
9506-12705,1-386197,289.265,1
9181-9102,1-122044,166.393,1
9500-12705,1-564429,342.097,2
8932-9102,1-457236,90.321,0
9881-12705,1-523085,130.852,0
9883-9102,1-176947,128.618,0
9512-9102,1-53952,74.533,0
7964-9102,1-179679,211.059,0
9095-3703,1-318434,135.849,0
8727-12705,1-604172,90.455,2
9486-3701,1-548633,55.55,0
9486-12705,1-122412,111.609,0
8989-9102,1-175184,101.177,0
9486-9102,1-72382,165.915,1
9506-12702,1-385950,338.113,1
9044-9102,1-315770,430.651,1
8085-3703,1-38310,157.134,1
9050-12702,1-295241,257.426,0
9871-3703,1-322258,78.899,0
9891-9102,1-436646,278.189,1
9183-9102,1-122119,96.124,0
8989-12703,1-150227,492.228,0
8150-1902,1-390521,92.788,0
8139-12703,1-71124,60.234,0
8309-9102,1-245472,333.264,1
8446-12705,1-418224,82.219,0
9195-3703,1-603039,115.258,0
8144-1901,1-121035,114.811,0
8993-9102,1-277257,88.47,2
9502-12703,1-385099,122.464,2
9491-3701,1-382711,174.754,1
8323-9102,1-405588,161.898,1
8150-12703,1-390066,156.57,1
7958-9102,1-547039,344.584,0
9502-3703,1-605306,76.125,0
9182-3703,1-72199,208.654,0
9502-1902,1-385076,119.173,2
8938-1901,1-201813,164.29,0
8982-9102,1-626395,106.144,0
9025-12701,1-269031,250.986,1
8983-12704,1-568627,304.991,0
8985-9102,1-416039,265.039,1
9028-12704,1-633815,144.054,0
9502-9102,1-385129,99.806,0
8154-12702,1-109152,120.473,2
8944-3703,1-390086,125.316,0
8992-1902,1-149501,112.499,2
8990-9102,1-615921,139.35,0
8984-3703,1-395734,184.71,2
9490-1902,1-383017,165.304,1
9872-1902,1-322575,120.852,2
9507-3703,1-385158,168.838,1
9035-9102,1-247904,155.799,1
9050-9102,1-318621,141.497,0
9494-12702,1-605233,63.393,0
8153-12701,1-36703,165.548,1
8992-12703,1-149887,99.182,0
9185-12702,1-177685,396.81,1
9871-12703,1-632214,77.45,0
9494-1901,1-384818,67.109,2
9034-9102,1-321895,267.746,1
9036-12705,1-210159,165.695,1
8139-9102,1-71108,170.585,0
8940-12702,1-163966,114.533,0
9488-12703,1-605249,64.337,0
8995-9102,1-187866,80.48,0
8997-9102,1-149461,138.569,2
9865-9102,1-246614,114.58,0
9024-12704,1-314449,400.804,1
8727-9102,1-51826,95.864,0
9031-3703,1-569074,173.122,1
9194-1901,1-37775,164.109,1
8144-9102,1-152666,101.416,0
9050-3702,1-318255,176.311,1
8446-9102,1-410718,107.196,2
9031-12705,1-210186,246.383,1
9000-9102,1-187505,399.407,1
8935-9102,1-403720,95.205,0
8727-1902,1-51634,120.517,2
8992-9102,1-149541,147.486,0
9501-9102,1-385547,124.642,0
8937-3703,1-201479,401.443,2
9024-3701,1-314067,125.648,0
8154-3703,1-37494,180.254,1
9497-3703,1-229673,207.9,1
8936-9102,1-152777,257.091,1
8985-12705,1-408028,182.103,1
8937-12704,1-604878,72.249,0
8153-12702,1-36663,161.078,1
8442-12703,1-625180,83.21,0
9493-9102,1-413103,252.902,1
9193-12702,1-37822,106.822,0
9506-9102,1-386298,114.522,0
9883-1901,1-176659,160.057,1
9193-9102,1-37335,161.55,1
9490-9102,1-383319,476.237,0
8936-12701,1-152791,246.076,0
9501-3703,1-385051,126.399,2
8442-9102,1-625513,99.087,0
9043-3703,1-374994,263.045,0
8085-9102,1-38461,213.157,1
9881-1902,1-523211,114.165,0
9184-3703,1-153247,75.147,0
8331-12702,1-285916,502.816,1
9048-12701,1-295299,,1
8331-9102,1-575737,253.746,0
9881-9102,1-458248,165.348,2
9085-9102,1-178342,69.519,0
9891-12705,1-374773,457.115,1
8624-3703,1-23679,123.214,2
9876-9102,1-457147,113.728,0
9488-9102,1-384100,107.711,0
7968-3703,1-180576,456.766,1
8941-9102,1-218152,109.784,0
9512-12702,1-54008,349.766,1
8080-3703,1-37974,123.977,2
8625-12703,1-24161,124.219,0
8996-1902,1-149905,195.892,1
9863-9102,1-456471,109.962,0
9183-12701,1-121911,91.308,0
9045-9102,1-314676,130.015,0
9194-9102,1-37904,521.32,1
8937-12702,1-556525,262.133,2
9508-9102,1-298842,344.311,0
8727-3701,1-51810,90.21,0
9497-9102,1-229470,295.795,1
9031-9102,1-209706,186.593,0
9871-9102,1-236303,522.157,1
8935-12701,1-404249,110.128,2
9506-1902,1-386154,116.336,2
9863-3703,1-456704,117.191,0
8999-9102,1-148653,99.813,0
9494-12703,1-384413,92.748,0
8158-9102,1-52554,163.779,1
9502-12702,1-385135,181.352,1
8443-9102,1-422974,126.832,2
8932-12704,1-457200,105.694,0
9050-1901,1-295212,180.86,0
9196-9102,1-24524,217.733,1
8444-9102,1-421814,164.067,0
9488-3702,1-384124,98.496,0
9048-9102,1-633934,163.3,0
7958-3701,1-177735,427.564,1
8150-3703,1-390130,381.262,0
9864-9102,1-197456,160.708,1
8446-1901,1-418023,101.728,0
9491-12701,1-382817,173.774,0
8625-9102,1-24128,114.891,0
9039-12703,1-263104,430.214,0
9196-12701,1-595146,131.84,0
8443-12703,1-422823,235.248,0
7972-9102,1-113525,73.455,0
9047-3703,1-295839,495.603,1
9510-9102,1-230439,127.788,2
9868-12701,1-321290,157.947,1
8322-9102,1-419231,190.008,1
9494-3703,1-384486,78.645,0
9185-12701,1-177231,139.634,0
8624-12701,1-23372,487.328,0
9883-12703,1-177034,331.18,1
9047-9102,1-270068,179.674,1
9876-12701,1-456850,84.77,0
8154-9102,1-603941,118.068,0
9868-1901,1-321167,154.101,0
8937-9102,1-146360,173.67,1
9044-1902,1-632365,131.342,0
8150-9102,1-390389,115.774,0
8933-9102,1-456559,88.729,0
9487-9102,1-574504,172.528,0
9490-12702,1-382980,189.719,1
8085-12704,1-604085,131.299,0
8080-9102,1-38075,223.061,1
8443-12705,1-424415,124.164,0
8311-1901,1-523154,120.519,2
7972-3703,1-113551,242.584,1
8624-1901,1-23665,123.556,0
9492-9102,1-382306,68.905,0
9035-12705,1-247739,157.966,1
8624-12705,1-25729,150.877,1
9494-12705,1-384849,88.084,0
9185-9102,1-547375,336.033,1
8996-12703,1-149622,92.02,0
9494-9102,1-384848,107.333,0
9490-3702,1-383025,161.785,1
9507-9102,1-299016,241.822,1
9185-12705,1-547339,160.401,1
9043-9102,1-632731,332.036,0
9045-3703,1-632035,291.102,0
8940-9102,1-556691,293.822,1
9039-9102,1-593805,135.003,0
8936-3704,1-152769,151.95,1
9872-1901,1-322159,81.139,0
9035-1901,1-247804,155.889,1
8442-3702,1-419116,196.531,1
8992-12702,1-149556,139.73,0
9039-3703,1-262876,328.342,1
9025-9102,1-272496,88.18,0
8154-1901,1-37122,291.561,2
9491-9102,1-382736,163.631,1
8158-3703,1-312844,,0
9000-1901,1-614567,89.263,0
8984-9102,1-626669,114.915,0
9044-12704,1-316145,321.169,1
9033-1901,1-198036,80.111,0
9028-9102,1-561325,222.477,0
9036-12701,1-594082,154.379,1
9505-9102,1-387014,114.873,0
9037-3701,1-199415,73.934,0
9195-9102,1-558592,340.087,1
9493-1902,1-413033,108.136,0
9870-9102,1-199224,534.075,0
8932-12705,1-456353,119.097,2
9038-9102,1-248096,87.881,0
7968-12703,1-180629,405.655,0
9868-9102,1-321276,294.098,2
8933-3703,1-456904,113.166,0
9038-12702,1-199742,140.753,2
9497-12703,1-556805,173.621,0
8158-1902,1-52600,159.545,1
9095-9102,1-318334,137.289,0
9505-12705,1-387086,188.097,1
9047-12704,1-295355,427.57,0
8977-1901,1-121387,120.429,2
8991-9102,1-150397,290.876,0
8944-9102,1-390277,90.195,0
9037-9102,1-247771,158.28,0
9485-9102,1-121994,81.381,0
8566-1901,1-338579,348.102,0
8567-6101,1-351538,281.615,0
8566-6103,1-338566,45.175,0
8568-6103,1-274323,227.865,0
8567-12701,1-351614,50.972,0
8567-6102,1-351511,97.88,0
10216-3702,1-297905,189.495,1
10216-12701,1-382678,193.158,1
10216-9101,1-297956,213.972,0
10216-12702,1-412128,123.506,0
10216-9102,1-297970,216.168,1
10216-3704,1-382355,122.491,0
10216-12704,1-382452,188.321,0
10216-1901,1-297909,193.62,1
10216-6104,1-297854,199.863,0
10216-6103,1-297986,193.332,1
10216-3703,1-297825,194.71,1
10216-12703,1-382689,172.874,1
10216-6101,1-412105,172.104,2
10216-1902,1-297863,189.454,1
10216-12705,1-382588,94.662,0
10841-3701,1-54602,104.512,0
10842-3701,1-181056,225.154,1
10518-1901,1-182525,98.614,0
11750-3701,1-397146,87.441,0
10838-3704,1-301461,178.701,1
11007-12704,1-456923,98.947,2
11020-3704,1-244421,169.341,1
10842-1901,1-181037,291.963,1
10518-3701,1-79009,135.359,0
10839-12705,1-53178,179.05,0
10844-12702,1-78143,84.731,0
11006-9101,1-591054,99.244,0
11012-6102,1-245268,177.681,1
11018-3703,1-152106,125.179,2
11024-1902,58-58,,0
11745-12704,1-123252,184.234,1
11749-9102,1-300703,99.941,0
12518-1902,1-2478,119.556,2
8321-3701,1-457252,82.822,0
12512-12705,1-494,363.52,1
11834-3703,1-70391,177.85,1
12511-3702,1-53412,416.424,2
11984-3701,1-324891,131.93,2
10500-12705,1-300469,207.081,0
7963-9101,1-178927,282.902,2
8088-9101,1-120547,80.165,0
12067-12702,1-550989,343.373,1
12514-6101,1-624904,291.874,0
11749-12703,1-300734,105.446,0
10506-12701,1-231911,163.232,1
10508-12701,1-150991,255.014,1
10501-6101,1-300010,202.658,1
10500-1902,1-300411,168.101,1
8321-3703,1-403620,100.453,0
11020-6102,1-244163,72.79,0
10520-3704,1-79983,184.978,1
11004-1902,1-457327,297.924,0
11017-12701,1-319408,125.704,0
11749-12702,1-300623,62.039,0
10844-1902,1-78155,195.333,0
10518-12703,1-182807,207.605,1
11014-6104,1-456912,109.705,0
10518-3702,1-182452,133.171,0
10839-1901,1-53066,177.361,1
10844-12703,1-560522,349.722,1
11006-9102,1-456901,107.653,2
11012-6103,1-244967,171.672,1
11018-3704,1-234172,194.837,0
11024-3701,1-158995,345.711,0
11745-12705,1-585221,148.669,0
11750-12701,1-399279,103.422,0
11962-3704,1-631910,313.781,1
11944-3704,1-200363,139.804,0
11830-3702,1-234243,133.403,0
11970-9102,1-333958,185.13,0
12078-12705,1-35251,117.591,0
11868-1901,1-543647,217.093,0
11953-1901,1-283164,122.959,2
11953-3703,1-259205,176.455,1
11755-1901,1-258535,101.97,0
11827-9102,1-320677,494.894,1
11863-3701,1-195079,71.661,0
11943-12702,1-633967,126.712,2
11957-6101,1-150898,199.143,2
11982-12704,1-595879,114.12,0
12073-12704,1-107835,169.585,1
12092-6104,1-40410,353.344,1
12506-3703,1-83042,103.063,2
8334-12701,1-260943,109.679,0
8334-12702,1-261216,80.034,0
8334-12703,1-261370,108.857,0
8334-12704,1-251833,87.089,0
8334-12705,1-261390,,0
8334-1901,1-261376,109.71,0
8334-1902,1-261386,108.199,2
8334-3701,1-261362,107.841,2
8334-3702,1-251458,311.091,0
8334-3703,1-261224,107.598,0
8334-3704,1-261360,193.132,1
8334-6101,1-261147,82.182,2
8334-6102,1-261199,95.244,0
8334-6103,1-261217,89.403,0
8334-6104,1-251374,176.348,1
8334-9101,1-251450,538.036,0
8334-9102,1-261200,110.055,2
10839-3702,1-53123,171.868,0
10837-12703,1-79751,335.772,0
11013-1902,1-245176,173.08,1
11021-6103,1-195843,101.929,0
10838-1902,1-389466,162.11,0
11024-6101,1-158882,87.289,0
10846-9101,1-586415,184.165,1
10846-3702,1-1923,195.554,1
10518-3703,1-182424,235.856,0
10839-1902,1-53198,114.107,2
10844-12704,1-181573,449.995,1
11007-12701,1-456816,85.413,0
11012-6104,1-245301,166.781,2
11018-6101,1-234176,143.944,0
11024-3702,1-159437,97.404,2
11745-1901,1-123328,323.044,0
11750-12702,1-397286,157.098,1
8336-12701,1-313054,226.268,1
8336-12702,1-313036,106.292,0
8336-12703,1-261013,83.073,2
8336-12704,1-592449,86.319,2
8336-12705,1-261029,100.485,0
8336-1901,1-261032,78.309,0
8336-1902,1-261030,78.209,0
8336-3701,1-261050,77.599,0
8336-3702,1-261059,80.461,0
8336-3703,1-260946,107.174,0
8336-3704,1-313053,206.28,1
8336-6101,1-405025,252.681,2
8336-6102,1-313033,80.759,0
8336-6103,1-260663,258.946,0
8336-6104,1-261008,266.126,0
8336-9101,1-313108,93.067,0
8336-9102,1-260937,189.212,2
8337-12701,1-592693,110.438,0
8337-12702,1-629221,80.861,0
8337-12703,1-313351,190.965,1
8337-12704,1-261311,95.119,0
8337-12705,1-313323,94.76,0
8337-1901,1-261280,508.461,1
8337-1902,1-261274,90.065,0
8337-3701,1-313354,141.067,0
8337-3702,1-261251,513.149,2
8337-3703,1-261243,96.049,0
8337-3704,1-261574,136.922,0
8337-6101,1-313335,120.064,0
8337-6102,1-313385,139.446,0
8337-6103,1-260939,256.611,1
8337-6104,1-313322,95.591,2
8337-9101,1-260942,80.561,0
8337-9102,1-261318,88.395,0
11758-12703,1-195960,168.663,1
11945-9101,1-95000,,1
11970-12702,1-333272,156.363,1
11953-6104,1-283662,222.44,1
11823-3701,1-543567,419.883,1
11872-1901,1-150472,217.18,0
11983-6101,1-22259,379.438,2
12067-1902,1-26436,328.775,1
11754-12704,1-76446,205.891,1
11826-6104,1-407465,266.642,1
11838-3702,1-586641,220.781,2
11941-9102,1-135557,119.975,0
11956-3703,1-151695,313.695,2
11980-12702,1-270684,150.221,2
12070-9102,1-106520,111.645,0
12087-3703,1-117781,166.544,1
12491-3701,1-61959,166.929,1
10215-3703,1-122138,136.112,2
10215-1901,1-122310,91.496,0
10215-3704,1-153589,216.338,1
10215-1902,1-153901,167.544,1
10215-6104,1-153942,278.975,1
10215-12701,1-122111,298.705,1
10215-12704,1-605093,130.48,0
10215-3702,1-548639,143.264,0
10215-12703,1-121923,94.337,0
10215-9102,1-153613,174.363,1
10215-6102,1-153635,92.314,2
10215-6101,1-153713,338.064,1
10215-3701,1-122125,96.268,0
10215-12702,1-121959,184.777,1
10215-6103,1-122139,171.495,1
10215-12705,1-153693,298.831,1
10215-9101,1-121951,172.555,1
8438-12701,1-504694,288.433,1
8438-12702,1-505218,109.139,2
8438-12703,1-474943,359.054,1
8438-12704,1-474826,228.124,1
8438-12705,1-474825,205.827,1
8438-1901,1-474828,108.293,0
8438-1902,1-505239,149.306,2
8438-3701,1-474573,178.252,1
8438-3702,1-474803,423.848,2
8438-3703,1-474807,110.331,0
8438-3704,1-504663,217.2,1
8438-6101,1-567299,361.319,1
8438-6102,1-474575,209.062,1
8438-6103,1-474677,458.934,1
8438-6104,1-505301,183.523,1
8438-9101,1-474540,120.579,0
8438-9102,1-505223,312.613,1
10219-3703,1-384363,69.053,0
10219-1901,1-384189,73.107,0
10219-3704,1-384149,366.192,0
10219-1902,1-384222,72.075,0
10219-6104,1-605180,93.35,0
10219-12701,1-384262,72.862,2
10219-12704,1-383825,171.718,1
10219-3702,1-384250,65.857,2
10219-12703,1-556776,367.297,1
10219-9102,1-605181,94.511,2
10219-6102,1-384194,65.349,0
10219-6101,1-384265,63.945,0
10219-3701,1-384167,67.643,0
10219-12702,1-556820,93.379,2
10219-6103,1-384306,111.924,2
10219-12705,1-605208,73.666,0
10219-9101,1-384191,99.149,0
10503-6104,1-80405,120.202,2
10503-3704,1-80331,116.225,0
10503-9101,1-80332,277.62,0
10503-6101,1-80403,115.084,0
10504-12703,1-232081,78.202,0
10503-1901,1-79976,125.165,2
10503-3702,1-560327,124.496,2
10503-6103,1-183745,118.652,2
10503-3701,1-79971,122.154,2
10504-12705,1-300709,98.353,0
10504-12701,1-605814,96.743,0
10503-9102,1-183743,119.123,0
10503-6102,1-80127,116.692,2
10503-1902,1-183760,120.996,0
10504-12702,1-232054,94.506,0
10503-3703,1-80117,112.67,2
10504-12704,1-232143,113.915,0
8441-12701,1-252202,134.82,0
8441-12702,1-252484,121.11,2
8441-12703,1-252432,132.766,0
8441-12704,1-252522,123.766,0
8441-12705,1-252619,122.851,2
8441-1901,1-252463,135.029,2
8441-1902,1-252510,134.213,2
8441-3701,1-252574,166.68,1
8441-3702,1-252582,124.391,0
8441-3703,1-252632,123.042,0
8441-3704,1-252863,122.837,0
8441-6101,1-262174,124.089,0
8441-6102,1-252443,133.686,0
8441-6103,1-252189,62.431,0
8441-6104,1-252508,121.586,0
8441-9101,1-262177,158.086,1
8441-9102,1-252477,134.571,0
10221-3701,1-298596,168.345,1
10223-3704,1-35952,109.654,2
10839-12701,1-52799,155.827,1
8157-3704,1-42106,248.654,1
12069-9101,1-27950,244.48,1
8157-6103,1-41974,180.409,1
10506-6104,1-232171,163.301,1
10218-6104,1-383177,188.058,1
10220-12702,1-153142,161.413,2
8079-12702,1-36927,94.682,0
12512-1902,1-74,131.037,2
10221-6104,1-298693,106.802,0
12084-3703,1-116728,103.219,0
10507-9101,1-174951,101.063,0
10502-12702,1-230926,416.427,0
8260-12701,1-281312,102.259,0
8321-12702,1-403615,99.135,0
10499-12704,1-299794,328.176,1
12079-12702,1-35296,118.635,0
8324-12705,1-284929,151.822,1
11952-3704,1-634318,142.654,0
10839-12702,1-52826,213.476,1
11868-12703,1-269966,182.954,0
8245-9101,1-464264,114.153,2
10508-6104,1-576083,233.306,1
10221-6102,1-298623,391.548,1
12068-3704,1-26965,170.861,1
12512-6101,1-76,130.891,2
10221-1901,59-57,59.75,0
8095-1901,1-41678,119.858,2
10510-12705,1-189495,211.311,0
10218-6103,1-382473,187.902,1
10517-1902,1-78702,141.805,1
10515-12703,1-182226,363.481,0
11836-12703,1-1595,190.375,0
10515-12702,1-78381,130.533,0
8248-6104,1-481779,104.95,0
11978-1901,1-294598,99.553,0
10502-12705,1-231147,211.251,1
11872-6102,1-150467,212.279,1
10221-6103,1-230090,144.661,0
11020-6104,1-244439,278.126,0
8245-3703,1-463943,334.104,0
12518-3703,1-2936,379.922,2
11754-12705,1-53172,122.885,2
7979-6103,1-115354,113.835,2
10214-6101,1-153412,75.774,0
10513-12703,1-54080,209.875,1
11835-3704,1-70172,117.074,0
10498-12704,1-299414,89.454,0
10506-12703,1-232151,108.042,0
7961-3702,1-547620,176.538,1
12066-3704,1-26306,221.206,1
10498-6101,1-585230,200.425,2
11941-3702,1-594451,125.615,0
11836-1902,1-1243,138.084,2
10838-1901,1-606057,171.446,1
10223-9101,1-35876,175.171,0
10506-12705,1-231875,92.974,0
8245-1902,1-464210,108.851,0
11980-12703,1-324715,235.951,0
8260-3703,1-281935,101.839,0
7981-1902,1-636366,127.894,0
7980-1901,1-562168,120.406,0
10494-6102,1-352603,323.797,0
8240-3704,1-72661,528.971,0
11022-6101,1-630938,99.693,0
11006-6104,1-591232,112.902,2
10846-12704,1-1907,143.38,1
8075-12702,1-638109,417.306,2
10502-6102,1-230870,212.792,0
10842-6104,1-181017,307.247,0
11018-12702,1-623940,101.665,2
10226-6104,1-603674,96.233,2
8260-1902,1-281105,101.391,2
11744-1901,1-459081,66.309,0
10213-9102,1-72706,81.197,0
8260-12704,1-281404,85.447,0
10213-12702,1-72610,156.864,1
11963-1901,1-335523,140.182,1
10505-6104,1-300778,93.357,0
10494-3704,1-352662,166.768,1
10218-6102,1-382696,123.419,0
10499-6101,1-299607,392.777,1
10217-6101,1-412045,421.345,1
11018-6102,1-576550,215.614,0
11017-1902,1-234629,249.373,1
11007-3703,1-404173,101.352,2
10837-3704,1-3343,447.078,0
11024-12702,1-641190,345.429,0
11745-6103,1-123264,157.917,1
11747-9102,1-585263,109.509,0
11004-6103,1-457072,99.441,0
10518-6103,1-182523,186.04,2
10839-3704,1-53120,120.642,0
10844-3701,1-181550,449.537,1
11007-12705,1-456325,94.657,0
11013-12702,1-244372,168.564,0
11018-9101,1-233665,152.613,0
11024-6102,1-159278,89.489,0
11745-3703,1-123263,161.517,1
11750-1901,54-59,7.949,0
10518-3704,1-182793,179.504,1
11750-12704,1-282996,86.496,0
10844-6102,1-78125,251.952,0
11011-12704,1-197384,478.126,1
11744-12701,1-459619,,0
11019-12703,1-152053,227.125,1
10837-12705,1-640498,444.602,0
11748-1901,1-386964,99.508,0
10518-6104,1-79084,191.398,1
10839-6101,1-53118,120.402,0
10844-3702,1-78117,117.152,0
11007-1901,1-456507,99.501,0
11013-12703,1-244634,159.942,1
11018-9102,1-591323,102.394,0
11024-6103,1-641156,415.99,1
11745-3704,1-123273,188.85,1
11750-1902,1-397474,155.461,1
12094-6104,1-40212,179.683,1
11970-1902,1-333290,143.006,0
11752-12704,1-54940,191.679,1
11823-12703,1-324389,228.684,1
11835-12701,1-82717,538.886,0
11975-1901,1-272728,226.903,1
12080-6103,1-35729,185.77,1
11754-12703,1-52981,210.204,0
11826-6103,1-404102,210.732,1
11838-3701,1-1747,230.836,1
11941-9101,1-210358,116.112,2
11956-3702,1-151428,150.228,1
11980-12701,1-273063,155.136,1
12070-9101,1-27804,165.434,1
12087-3702,1-117763,296.053,0
12491-1902,1-4106,287.027,0
11962-3703,1-631833,192.449,0
11832-3703,1-233233,162.464,1
11952-6103,1-325834,155.175,0
11970-6104,1-333806,367.79,1
11963-6101,1-335823,179.721,1
11872-6103,1-150785,253.448,0
11977-6103,1-325684,139.048,0
12082-12705,1-548398,181.694,1
11754-1901,1-76466,206.628,1
11826-9102,1-399129,400.668,1
11838-3704,1-586725,100.695,0
11942-12702,1-135143,122.871,0
11956-6101,1-576076,256.413,1
11980-12704,1-270734,234.618,1
12071-12702,1-597528,109.204,2
12087-6101,1-118034,166.886,0
12491-3703,1-62060,108.331,0
10492-6104,1-380032,116.4,0
10492-3704,1-380299,185.665,1
10492-9101,1-605026,114.784,0
10492-6101,1-379811,170.323,1
10493-12703,1-352017,75.515,0
10492-1901,1-380334,109.39,2
10492-3702,1-379990,77.775,0
10492-6103,1-605069,118.723,0
10492-3701,1-584800,108.288,0
10493-12705,1-352120,165.361,1
10493-12701,1-351890,283.678,1
10492-9102,1-380300,113.09,0
10492-6102,1-380000,126.817,0
10492-1902,1-380333,117.691,0
10493-12702,1-351923,78.927,0
10492-3703,1-380384,116.489,2
10493-12704,1-352066,162.942,1
11745-1902,1-123021,225.682,1
11748-12705,1-605722,91.26,2
10837-9101,1-61484,390.83,1
11021-1901,1-195854,140.937,0
11747-6102,1-299565,80.25,0
11021-3701,1-195671,255.182,0
10842-6101,1-77620,334.604,0
11012-12702,1-245497,176.997,0
10518-9102,1-182839,122.449,0
10839-6103,1-76413,167.103,1
10844-3704,1-78336,349.534,2
11007-3701,1-455640,109.266,0
11013-12705,1-245195,171.936,1
11019-12702,1-622991,116.49,0
11024-9101,1-159388,93.796,0
11745-6102,1-123041,271.737,0
11750-3702,1-397462,77.845,0
10504-6104,1-232100,307.552,1
10504-3704,1-300695,92.435,0
10504-9101,1-300699,83.473,2
10504-6101,1-300696,94.532,0
10505-12703,1-300773,179.505,1
10504-1901,1-300674,98.826,0
10504-3702,1-300925,101.393,0
10504-6103,1-232157,98.146,0
10504-3701,1-300675,100.08,2
10505-12705,1-300759,90.147,2
10505-12701,1-300625,206.724,1
10504-9102,1-231891,99.992,0
10504-6102,1-605790,94.75,0
10504-1902,1-232053,100.755,0
10505-12702,1-300739,99.417,0
10504-3703,1-300968,99.131,0
10505-12704,1-300718,210.078,1
11868-3701,1-269915,240.715,1
11866-6103,1-60349,139.276,0
12079-3701,1-35323,178.828,1
11866-6102,1-1038,141.813,0
11761-6104,1-195292,118.194,0
11946-1901,1-211531,132.511,0
11977-9102,1-325958,209.595,1
12082-3703,1-551474,371.453,0
11754-1902,1-53028,168.105,1
11827-12701,1-320324,538.933,1
11838-6101,54-16,180.623,0
11942-12703,1-135255,504.653,1
11956-6102,1-190110,541.944,1
11980-12705,1-270550,96.207,0
12071-12703,1-28725,137.838,0
12087-6102,1-117610,172.824,1
12491-3704,1-4036,159.773,1
11866-1901,1-908,71.875,0
11871-12701,1-455630,112.565,0
12066-12701,1-26079,248.03,1
12485-6103,1-415565,146.396,0
11954-6101,1-152311,68.612,0
11823-3702,1-324250,299.063,2
11753-9101,1-55194,344.865,1
11826-3703,1-401220,169.269,1
11838-12704,1-2180,376.519,2
11941-6101,1-135579,144.559,1
11956-12705,1-620583,95.946,2
11979-6104,1-270655,149.061,2
12070-6101,1-106408,298.093,1
12087-12705,1-117635,167.874,0
12491-12703,1-62221,251.705,1
11868-12702,1-269937,488.6,1
11954-12704,1-624592,129.286,2
11867-6104,1-53880,225.459,1
11952-12704,1-634329,143.717,0
11833-6102,1-176074,190.295,0
12079-6102,1-35275,180.094,1
11975-1902,1-325760,151.819,1
12080-6104,1-35677,181.384,1
11753-6103,1-78284,93.018,0
11826-3701,1-401202,87.716,0
11838-12702,1-1745,219.059,1
11941-3703,1-135169,124.223,0
11956-12703,1-194994,523.652,1
11979-6102,1-273022,231.523,1
12070-3703,1-28102,432.757,1
12087-12703,1-117711,169.739,1
12491-12701,1-62169,91.952,0
11944-9101,1-200058,283.862,1
12483-6101,1-404986,248.028,1
12094-3703,1-40778,185.525,1
12068-6104,1-106204,238.23,0
11761-12701,1-194947,71.287,0
12067-12705,1-26682,141.488,0
11945-6101,1-95069,129.013,0
12488-12704,1-300096,241.164,1
11753-6101,1-559242,461.677,1
11826-1901,1-401215,174.344,1
11836-9102,1-1363,193.974,1
11941-3701,1-135165,307.259,1
11956-12701,1-190121,192.262,1
11979-3704,1-273110,151.43,2
12070-3701,1-27925,239.91,1
12087-12701,1-117697,273.463,1
12490-9101,1-138276,124.869,0
10224-3703,1-36317,171.686,1
10224-1901,1-36285,155.932,1
10224-3704,1-108949,107.229,0
10224-1902,1-36471,91.858,0
10224-6104,1-36295,106.617,0
10224-12701,1-35935,172.359,1
10224-12704,1-36276,171.315,1
10224-3702,1-35926,110.445,0
10224-12703,1-603624,172.132,0
10224-9102,1-36258,185.213,1
10224-6102,1-36266,174.65,0
10224-6101,1-36267,112.902,0
10224-3701,1-35937,171.115,0
10224-12702,1-35923,,0
10224-6103,1-36278,110.368,0
10224-12705,1-515765,,1
10224-9101,1-582042,126.055,0
12487-6103,1-585493,88.272,0
11867-12704,1-53653,221.478,1
11945-1902,1-569313,126.057,2
12485-9102,1-407718,161.086,1
12094-6102,1-40252,243.084,2
11835-3703,1-82967,113.493,2
11835-1901,1-82674,119.049,2
12484-12704,1-409539,96.938,0
11753-3701,1-55272,369.538,1
11826-12702,1-404083,169.425,1
11836-6102,1-747,189.617,0
11941-12704,1-135075,127.442,0
11955-6103,1-195233,160.827,2
11979-1902,1-270677,196.27,1
12070-12704,1-28052,205.565,1
12084-6102,1-636700,110.276,2
12490-6101,1-62623,102.663,0
11984-12701,1-273427,133.024,2
12078-6103,1-602989,116.859,0
12484-1901,1-409368,112.112,2
11868-3704,1-550860,236.167,1
11760-9102,1-233574,220.297,1
11823-1902,1-269887,239.619,1
11953-6103,1-258856,170.771,0
12487-12705,1-387136,113.631,2
11754-12701,1-585282,123.279,0
11826-6101,1-407487,344.132,1
11838-1901,1-2072,438.704,1
11941-6103,1-135163,143.13,2
11956-1902,1-151674,97.181,0
11979-9101,1-270268,185.934,0
12070-6103,1-28290,178.864,1
12087-1902,1-117694,97.499,0
12491-12705,1-4111,470.089,0
11012-9101,1-245118,275.404,1
11010-6102,1-522297,292.601,0
11745-3702,1-123255,459.521,0
10842-3703,1-585579,147.6,0
11014-6103,1-456578,104.372,0
11020-9102,1-196497,264.005,2
11013-12704,1-244874,169.396,1
11021-12705,1-195612,466.332,1
10519-12703,1-182981,399.985,0
10839-9102,1-53340,416.836,0
10844-6103,1-181720,253.947,1
11007-3704,1-456698,82.241,0
11013-3701,1-627475,109.398,0
11019-12705,1-623253,146.021,0
11025-12702,1-24094,367.477,1
11745-9101,1-123178,104.973,0
11750-6101,1-397168,196.353,0
11004-12705,1-457074,152.302,0
11745-12702,1-605270,132.589,0
11018-12703,1-152139,67.178,0
11021-6104,1-195619,138.955,0
11016-12702,1-196874,287.256,2
11013-1901,1-244631,167.708,2
11743-12705,1-604873,126.384,0
11743-1902,1-604888,151.169,0
10519-12704,1-183175,121.723,0
10840-12701,1-214225,377.591,0
10844-6104,1-181700,252.516,0
11007-6101,1-456664,98.658,2
11013-3702,1-627026,108.344,2
11019-1901,1-151874,136.664,2
11025-12703,1-25648,97.634,0
11745-9102,1-123075,511.113,0
11750-6102,1-397404,78.967,0
11747-1902,1-299084,333.294,1
11743-6101,1-584667,124.461,0
11748-6104,1-567448,474.434,0
10838-3702,1-585704,95.436,0
11004-6102,1-457376,63.228,0
11016-6102,1-320459,289.486,0
11010-6103,1-522093,102.997,0
11006-3704,1-456688,100.045,0
10519-12705,1-79331,261.869,0
10840-12702,1-214169,144.137,2
10844-9101,1-181589,96.846,0
11007-6102,1-456731,109.874,2
11013-3703,1-244673,169.598,1
11019-1902,1-152047,142.176,0
11025-12704,54-11,123.471,0
11746-12701,1-605268,221.808,1
11750-6103,1-590350,101.823,0
11021-3704,1-195684,256.637,1
11747-6104,1-299614,334.743,0
11749-6101,1-387356,256.99,0
11748-3701,1-386944,92.259,0
10842-9101,1-605778,161.627,0
11007-12703,1-456983,86.7,0
11748-12704,1-387502,106.584,0
10837-1901,1-61613,269.202,1
10519-1901,1-183195,120.309,2
10840-12703,1-214652,,2
10844-9102,1-181692,363.147,0
11007-6103,1-456746,109.486,2
11013-3704,1-244785,109.665,0
11019-3701,1-151970,221.89,1
11025-12705,1-23958,125.993,0
11746-12702,1-218748,109.506,0
11750-6104,1-397451,238.069,1
11007-12702,1-456414,120.432,2
11012-3704,1-245069,179.341,1
11744-6103,1-459283,125.052,0
10837-6102,1-3019,269.445,0
11022-12704,1-368603,115.043,0
11750-3704,1-401259,227.001,2
10846-9102,1-607835,204.434,0
11010-9101,1-522062,103.8,0
10519-1902,1-183181,121.33,0
10840-12704,1-214319,89.366,0
10845-12701,1-78255,247.26,1
11007-6104,1-456880,108.285,0
11013-6101,1-244377,157.915,0
11019-3702,1-152034,189.214,1
11025-1901,1-24156,125.426,2
11746-12703,1-556472,200.759,0
11750-9101,1-397456,236.777,1
10844-12705,1-78142,259.299,1
11017-9101,1-319387,108.657,0
11018-6103,1-233861,223.481,0
11004-9102,1-457341,287.26,0
11006-12705,1-456611,89.78,0
11007-3702,1-456332,75.321,0
10842-12703,1-181214,298.168,0
10520-3702,1-79734,277.846,1
10519-3701,1-182781,283.653,1
10840-12705,1-605551,56.59,0
10845-12702,1-606221,105.493,2
11007-9101,1-456837,96.845,0
11013-6102,1-244424,67.505,0
11019-3703,1-152056,226.646,1
11025-1902,1-23944,125.137,0
11746-12704,1-218981,298.597,1
11750-9102,1-397475,103.748,0
11024-3703,1-10808,94.74,0
10846-3704,1-1839,143.635,1
11748-6102,1-386962,96.937,0
11017-3703,1-319957,343.598,1
11748-6103,1-605717,105.073,0
10844-6101,1-77949,121.943,2
11748-6101,1-605691,100.063,0
11747-12705,1-299056,80.272,0
10519-3702,1-182806,283.919,1
10840-1901,1-76744,118.543,2
10845-12703,1-78510,180.927,1
11007-9102,1-456754,93.026,0
11013-6103,1-244660,150.094,1
11019-3704,1-152247,147.252,1
11025-3701,1-23459,96.733,0
11746-12705,1-605305,109.828,0
11751-12701,1-389362,,2
11011-1902,1-197677,155.09,2
11016-3704,54-25,,0
11012-1901,1-245238,173.764,1
10842-12702,1-181160,143.655,0
10838-12702,1-389375,507.15,2
11024-9102,1-159265,94.096,0
11016-3701,1-196843,285.117,1
11016-6103,1-320455,530.353,1
10519-3703,1-182750,456.603,1
10840-1902,1-76820,102.452,0
10845-12704,1-78452,198.282,1
11009-12701,1-521918,97.508,0
11013-6104,1-244376,276.096,1
11019-6101,1-233546,201.991,1
11025-3702,1-24041,324.192,1
11746-1901,1-218628,168.208,1
11751-12702,1-301272,90.236,0
11750-12703,1-283565,,0
11006-6103,1-456364,105.141,0
11016-9101,1-320267,169.103,1
11004-12703,1-457076,95.2,2
11749-1901,1-300599,96.912,0
11011-3703,1-321148,122.789,0
11019-12701,1-151896,459.809,1
11004-12702,1-522048,101.935,0
10519-3704,1-182730,300.687,1
10840-3701,1-76747,115.749,2
10845-12705,1-78451,125.022,0
11009-12702,1-456296,87.473,0
11013-9101,1-244450,278.198,1
11019-6102,1-151832,467.319,1
11025-3703,1-24091,135.087,0
11746-1902,1-218765,128.916,2
11751-12703,1-301541,88.987,0
8487-12701,1-209661,92.857,0
8487-12702,1-209904,169.047,0
8487-12703,1-134400,176.524,1
8487-12704,1-134393,177.07,1
8487-12705,1-594123,87.57,0
8487-1901,1-133953,90.624,0
8487-1902,1-134361,193.242,1
8487-3701,1-134312,78.423,0
8487-3702,1-133949,87.343,0
8487-3703,1-133946,74.595,0
8487-3704,1-134308,83.225,0
8487-6101,1-209926,377.814,0
8487-6102,1-134270,179.68,1
8487-6103,1-594091,85.884,0
8487-6104,1-134382,180.638,0
8487-9101,1-134316,,0
8487-9102,1-134271,181.404,1
8488-12701,1-247591,154.423,1
8488-12702,1-247614,271.087,1
8488-12703,1-209474,266.974,2
8488-12704,1-247634,88.178,0
8488-12705,1-247377,154.688,0
8488-1901,1-209591,154.726,1
8488-1902,1-247629,168.503,1
8488-3701,1-247885,158.415,1
8488-3702,1-247632,83.257,0
8488-3703,1-247627,155.797,1
8488-3704,1-209481,160.342,1
8488-6101,1-247630,159.642,2
8488-6102,1-247600,554.156,0
8488-6103,1-569063,283.908,1
8488-6104,1-209552,159.342,1
8488-9101,1-247601,155.31,1
8488-9102,1-209543,162.2,1
8546-12701,1-91241,277.437,1
8546-12702,1-131989,54.375,0
8546-12703,1-91179,176.764,1
8546-12704,1-91131,193.826,1
8546-12705,1-131877,138.122,0
8546-1901,1-91925,187.596,1
8546-1902,1-633381,157.269,0
8546-3701,1-132011,553.54,2
8546-3702,1-91171,147.158,0
8546-3703,1-92007,287.395,1
8546-3704,1-91923,186.273,1
8546-6101,1-91944,186.113,1
8546-6102,1-91928,189.04,1
8546-6103,1-91158,208.927,1
8546-6104,1-91135,275.996,1
8546-9101,1-91170,143.086,1
8546-9102,1-134108,175.323,1
11831-12701,1-152017,158.642,0
11946-12703,1-135767,131.268,0
12079-3703,1-35747,183.831,1
12488-12703,1-386876,98.658,0
12075-3704,1-33617,79.689,0
12068-12702,1-551039,360.302,0
11970-3702,1-566330,124.912,2
12079-9102,1-108765,179.801,0
11755-1902,1-282449,217.247,2
11828-12701,1-80482,516.126,0
11863-3702,1-195176,333.62,1
11943-12703,1-210794,124.439,2
11957-6102,1-150907,203.802,1
11982-12705,1-96246,121.302,2
12073-12705,1-554448,186.667,0
12092-9101,1-39880,172.156,1
12506-3704,1-82647,112.836,2
10839-3701,1-605510,172.156,0
10843-9102,1-383,191.687,1
11022-3702,1-368248,124.635,0
11744-12704,1-412279,166.499,1
11017-6102,1-319706,201.13,1
11750-3703,1-283580,100.581,0
11748-12701,1-387154,90.872,2
10842-12705,1-77595,265.114,1
10519-6101,59-4,204.251,0
10840-3702,1-214335,120.365,0
10845-1901,1-78239,130.677,0
11009-12703,1-456645,82.708,0
11013-9102,1-244652,168.652,1
11019-6103,1-151879,367.822,1
11025-3704,1-24139,125.901,2
11746-3701,1-218839,210.6,1
11751-12704,1-301330,96.19,0
10837-12702,1-61633,331.832,0
11024-12705,1-641270,416.622,2
10844-3703,1-78176,86.023,0
11007-1902,1-457126,108.067,0
11743-6104,1-458714,124.466,0
10839-6104,1-53060,280.404,2
10843-1901,1-837,140.382,0
11021-3703,1-196091,137.739,0
10519-6102,1-586574,192.553,0
10840-3703,1-76813,115.106,0
10845-1902,1-60629,136.178,0
11009-12704,1-623389,103.689,0
11014-12701,1-456001,236.775,1
11019-6104,1-152235,102.565,0
11025-6101,1-24055,126.396,0
11746-3702,1-585026,185.44,1
11751-12705,1-389410,182.305,1
10839-9101,1-53217,241.675,1
10843-12704,1-1033,55.256,0
11006-3702,1-455937,110.555,0
11742-3702,1-122341,112.219,2
11021-6101,1-195623,139.047,0
11747-3704,1-230557,211.504,1
11021-9102,1-243840,101.252,0
10839-3703,1-53356,237.767,1
10519-6103,1-182803,191.873,0
10840-3704,1-76694,225.37,1
10845-3701,1-55335,396.194,0
11009-12705,1-521998,295.253,1
11014-12702,1-456378,112.175,2
11019-9101,1-151950,140.439,0
11025-6102,1-23938,114.092,0
11746-3703,1-218728,200.28,1
11751-1901,1-301090,174.426,2
11018-3702,1-576551,100.711,0
11749-6104,1-387483,382.12,1
10843-6101,1-834,349.306,1
11011-6102,1-321149,121.22,2
11744-1902,1-459105,65.279,0
11016-3702,1-196861,173.006,1
11016-6101,1-320477,488.026,1
11748-12703,1-605714,91.982,0
10519-6104,1-183193,282.701,1
10840-6101,1-76741,120.222,0
10845-3702,1-60446,139.989,0
11009-1901,1-456684,92.728,0
11014-12703,1-623147,106.775,2
11019-9102,1-152019,162.947,1
11025-6103,1-23393,487.347,1
11746-3704,1-218723,127.919,0
11751-1902,1-301108,170.638,1
10518-1902,1-79052,136.329,0
10839-12703,1-76395,416.845,1
11022-9102,1-83141,343.122,1
10520-6104,1-79489,260.787,1
11004-3701,1-591420,158.627,2
11743-3704,1-458609,198.14,1
11011-12703,1-197402,114.104,0
10837-3701,1-3050,269.104,0
10519-9101,1-79286,421.683,1
10840-6102,1-76762,290.593,1
10845-3703,1-78200,146.443,0
11009-1902,1-522006,104.382,0
11014-12704,1-623501,89.086,0
11020-12701,1-591845,,0
11025-6104,1-23647,270.465,0
11746-6101,1-218690,268.076,1
11751-3701,1-301265,90.07,0
11953-3704,1-283152,112.142,0
11759-12705,1-71,219.628,0
12483-6102,1-575104,249.518,1
12068-1902,1-26944,250.791,1
11758-6104,1-195951,124.24,0
11868-9101,1-272757,146.151,1
11977-6101,1-325660,210.04,1
12082-12703,1-36573,102.133,2
11757-6102,1-270181,185.144,0
11830-1902,1-319447,106.868,0
11865-9101,1-61173,379.448,0
11944-3702,1-200272,159.622,1
11962-12702,1-560357,358.407,0
11983-3704,1-23142,117.999,2
12075-12704,1-34106,116.135,0
12094-3701,1-40248,233.978,1
12510-9102,1-159093,152.675,0
11749-9101,1-300653,162.628,1
11025-12701,1-23485,325.962,0
11011-6104,1-197639,154.393,1
10841-1902,1-77738,119.282,2
11012-3701,1-245531,322.784,0
11010-3704,1-522216,512.059,1
10846-12703,1-586486,143.147,0
11011-6103,1-197366,290.959,0
10519-9102,1-182705,137.962,0
10840-6103,1-214197,293.865,0
10845-3704,1-60406,288.356,1
11009-3701,1-456705,99.684,0
11014-12705,1-456339,72.034,2
11020-12702,1-244519,416.179,0
11025-9101,1-24056,126.283,2
11746-6102,1-218764,278.259,1
11751-3702,1-585658,86.313,0
10839-12704,1-76735,169.581,1
11016-12705,1-320528,552.939,1
11749-3703,1-387437,201.329,1
11747-3703,1-299400,80.311,0
11011-9101,1-321057,289.867,1
11743-12703,1-412000,198.937,0
11743-1901,1-458664,200.151,1
11017-1901,1-319663,110.149,2
10520-12701,1-79367,98.295,0
10840-6104,1-214658,373.93,0
10845-6101,1-60334,118.709,2
11009-3702,1-457091,105.876,2
11014-1901,1-456388,101.667,2
11020-12703,1-627142,276.048,1
11025-9102,1-25690,121.746,0
11746-6103,1-218808,198.909,0
11751-3703,1-301495,212.784,1
8561-12701,1-91344,193.674,1
8561-12702,1-92069,122.776,2
8561-12703,1-92071,180.489,1
8561-12704,1-576267,254.656,1
8561-12705,1-92048,160.502,0
8561-1901,1-91411,168.763,1
8561-1902,1-92057,144.238,0
8561-3701,1-92011,279.912,1
8561-3702,1-633494,278.625,0
8561-3703,1-92345,127.707,2
8561-3704,1-576315,194.194,0
8561-6101,1-91430,271.514,0
8561-6102,1-91113,202.657,1
8561-6103,1-91317,207.065,1
8561-6104,1-92295,419.051,1
8561-9101,1-91394,279.844,0
8561-9102,1-92383,347.73,1
8562-12701,1-594338,,0
8562-12702,1-92953,56.55,2
8562-12703,1-93093,259.253,1
8562-12704,1-92863,197.546,2
8562-12705,1-542464,222.867,0
8562-1901,1-92166,158.796,1
8562-1902,1-633753,125.627,0
8562-3701,1-92894,220.652,1
8562-3702,1-92987,180.976,2
8562-3703,1-93053,174.443,1
8562-3704,1-92908,197.84,0
8562-6101,31-2,175.385,0
8562-6102,1-93082,142.715,2
8562-6103,1-633846,138.819,0
8562-6104,1-542474,172.706,1
8562-9101,1-92994,544.73,1
8562-9102,1-443149,145.185,0
8563-12701,1-92665,103.83,0
8563-12702,1-91877,163.607,1
8563-12703,1-92028,180.469,1
8563-12704,1-91859,,1
8563-12705,1-92763,177.982,0
8563-1901,1-91839,223.471,1
8563-1902,1-92702,186.163,1
8563-3701,1-91912,182.835,1
8563-3702,1-91919,288.709,1
8563-3703,1-542421,225.334,0
8563-3704,1-92710,83.167,0
8563-6101,1-134157,177.936,1
8563-6102,1-91889,165.419,1
8563-6103,1-92967,85.759,0
8563-6104,1-92045,126.696,0
8563-9101,1-91858,429.923,1
8563-9102,1-92669,88.716,0
8564-12701,1-209684,90.124,0
8564-12702,1-133979,82.92,0
8564-12703,1-92670,88.971,0
8564-12704,1-134195,179.994,0
8564-12705,1-133926,87.038,2
8564-1901,1-133958,84.662,0
8564-1902,1-133936,83.83,0
8564-3701,1-209687,85.183,0
8564-3702,1-134010,154.964,1
8564-3703,1-133983,90.101,0
8564-3704,1-594098,85.898,0
8564-6101,1-133944,83.939,0
8564-6102,1-133972,88.465,0
8564-6103,1-133937,86.338,0
8564-6104,1-133950,86.66,0
8564-9101,1-133956,81.799,0
8564-9102,1-134368,181.924,1
8565-12701,1-594184,104.245,0
8565-12702,1-92677,424.381,1
8565-12703,1-92688,104.925,2
8565-12704,1-594316,85.419,0
8565-12705,1-92733,170.167,1
8565-1901,1-92595,185.521,1
8565-1902,1-134399,177.34,1
8565-3701,1-134259,121.537,2
8565-3702,1-92603,185.546,1
8565-3703,1-92735,188.935,0
8565-3704,1-92561,86.731,0
8565-6101,1-134390,177.95,1
8565-6102,1-92649,166.516,1
8565-6103,1-92627,180.392,1
8565-6104,1-92554,41.275,0
8565-9101,1-92681,86.521,0
8565-9102,1-92724,185.66,1
11830-3701,1-233983,235.679,0
11867-6101,1-53885,226.411,1
11867-6103,1-53753,229.245,1
12484-9102,1-402683,387.996,1
12066-6104,1-550979,421.195,0
8328-6103,1-235033,253.112,0
11834-1901,1-14152,181.266,1
11831-6102,1-152263,120.775,0
11752-6103,1-559294,295.306,0
11824-3701,1-368851,190.097,1
11836-12702,1-1335,94.249,0
11939-3703,1-456735,70.181,2
11955-12703,1-195325,127.482,0
8328-9101,1-286277,263.59,1
12069-3701,1-551031,356.989,0
12083-9102,1-562230,98.97,0
12490-12701,1-81110,,1
10216-6102,1-297871,184.786,0
12483-3704,1-405401,172.324,1
11946-1902,1-135875,162.653,1
11963-12702,1-336005,95.304,0
11871-12702,1-456416,88.86,2
12487-9101,1-386826,201.367,1
11953-3702,1-258885,239.154,2
12094-3702,1-40540,175.385,1
11752-3703,1-54970,192.208,1
11824-12704,1-83451,147.278,0
11835-6104,1-559745,115.026,2
8328-6104,1-286771,172.781,1
10216-3701,1-382352,193.397,1
11978-3703,1-273120,153.648,0
12069-12703,1-551029,350.831,0
12083-1902,1-116700,156.113,1
12488-6103,1-300085,265.612,1
11830-6103,1-319440,126.803,0
11831-1902,1-151797,151.711,1
11952-6101,1-550831,143.454,0
11945-3703,1-96081,171.868,1
11834-6102,1-14057,181.013,1
12067-3703,1-550999,,0
11867-12701,1-53500,,0
12487-12701,1-386844,98.606,0
11753-9102,1-77976,464.741,0
11826-3704,1-401110,104.82,0
11838-12705,1-586735,147.248,0
11941-6102,1-135549,122.865,0
11956-1901,1-151418,128.863,2
8328-9102,1-286261,179.4,1
12070-6102,1-28008,237.282,1
12087-1901,1-117768,72.074,0
12491-12704,1-62035,134.159,2
8569-12701,1-39197,237.879,1
8569-12702,1-39500,,0
8569-12703,1-39524,73.186,0
8569-12704,1-578295,161.802,1
8569-12705,1-39446,64.502,0
8569-1901,1-39164,491.72,1
8569-1902,1-39570,231.752,1
8569-3701,1-39493,510.566,1
8569-3702,1-572558,321.875,1
8569-3703,1-39333,404.477,1
8569-3704,1-39480,228.92,1
8569-6101,1-39233,163.339,1
8569-6102,1-39187,448.63,1
8569-6103,1-39299,236.959,1
8569-6104,1-39196,75.484,0
8569-9101,1-601156,76.08,0
8569-9102,1-39452,163.744,1
8570-12701,1-580438,91.975,0
8570-12702,1-558772,91.349,0
8570-12703,1-41324,98.486,0
8570-12704,1-41260,156.824,1
8570-12705,1-41304,185.042,1
8570-1901,1-41396,93.149,0
8570-1902,1-41493,144.667,0
8570-3701,1-41420,93.2,0
8570-3702,1-41229,218.158,1
8570-3703,1-41413,220.045,1
8570-3704,1-41289,254.545,0
8570-6101,1-558675,445.374,2
8570-6102,1-41416,102.685,0
8570-6103,1-41224,94.897,2
8570-6104,1-602390,184.346,2
8570-9101,1-41334,65.872,0
8570-9102,1-41350,292.866,0
11745-12703,1-123195,180.329,1
11017-3704,1-319646,123.506,2
10838-6104,1-389476,163.613,0
11004-9101,1-457085,90.959,0
11022-12701,1-368219,,0
10841-9102,1-77639,256.188,0
11018-3701,1-233399,131.541,2
11017-3701,1-576479,279.389,0
10520-12702,1-79356,477.003,1
10840-9101,1-214219,101.895,0
10845-6102,1-55480,234.644,1
11009-3703,1-456285,114.545,2
11014-1902,1-456921,86.868,0
11020-12704,1-244469,271.937,0
11742-12701,1-122388,275.485,1
11746-6104,1-585075,131.402,0
11751-3704,1-301107,246.344,1
8589-12701,1-130947,159.449,1
8589-12702,1-131279,265.726,1
8589-12703,1-89292,126.411,2
8589-12704,1-89622,191.736,1
8589-12705,1-631857,126.159,0
8589-1901,1-131278,112.776,2
8589-1902,1-576303,212.889,1
8589-3701,1-131242,124.433,0
8589-3702,1-576738,125.54,0
8589-3703,1-631889,175.044,0
8589-3704,1-131378,46.107,2
8589-6101,1-131263,165.945,1
8589-6102,1-593604,126.247,0
8589-6103,1-131060,120.658,2
8589-6104,1-131286,124.801,0
8589-9101,1-131087,265.197,1
8589-9102,1-131338,190.443,1
11830-6104,1-319474,134.424,0
11872-3703,1-189522,126.674,0
11833-6104,1-176142,129.071,2
11833-12703,1-176223,179.531,1
11984-1902,1-273335,194.188,1
11831-9102,1-195260,130.247,2
11977-3704,1-325967,206.29,1
12082-12702,1-36373,208.893,1
11754-9102,1-52855,494.13,1
11827-3704,1-320681,119.235,0
11863-12702,1-195051,261.495,1
11942-6102,1-135027,136.205,0
11957-1901,1-151330,131.869,2
11980-6104,1-272985,197.541,0
12071-6102,1-28646,110.469,2
12092-1902,1-39909,221.279,1
12506-12704,1-83054,109.478,0
11984-12702,1-273477,230.713,1
12078-6104,1-35522,176.307,1
12484-1902,1-409435,107.917,0
12066-12702,1-26071,68.73,2
12067-6101,1-26458,190.724,0
11834-12702,1-14092,178.405,1
12094-6101,1-40534,180.124,1
11755-12701,1-282540,201.242,1
11827-6101,1-320340,260.125,1
11863-12703,1-242874,259.37,1
11942-6103,1-210399,140.253,2
11957-1902,1-151296,201.357,1
11980-9101,1-270712,235.295,1
12071-6103,1-28697,411.368,1
12092-3701,1-39702,170.143,1
12506-12705,1-83066,111.849,2
8593-12701,1-576340,156.221,0
8593-12702,1-208728,154.505,1
8593-12703,1-208539,322.883,1
8593-12704,1-208529,145.145,2
8593-12705,1-631871,192.202,0
8593-1901,1-208472,147.331,1
8593-1902,1-208684,122.231,2
8593-3701,1-208269,505.908,0
8593-3702,1-208443,125.898,0
8593-3703,1-576292,145.728,0
8593-3704,1-208258,503.381,2
8593-6101,1-576335,343.576,1
8593-6102,1-208254,500.235,1
8593-6103,1-631803,160.215,0
8593-6104,1-208709,160.235,0
8593-9101,1-593597,153.582,0
8593-9102,1-208736,82.952,0
11832-9101,1-151202,184.817,2
11946-3703,1-95058,124.364,0
12067-9102,1-26904,483.328,1
11761-9101,1-195370,151.821,1
11871-3701,1-456321,94.012,0
11977-1902,1-326031,196.592,0
12081-6104,1-35900,88.04,0
11755-3703,1-283072,163.133,1
11828-12704,1-80494,230.703,1
11863-6101,1-195108,339.989,0
11943-1901,1-211040,109.175,0
11957-9101,1-151386,154.425,0
11982-3701,1-96299,152.133,0
12073-3704,1-32585,194.793,1
12093-12702,1-601858,240.406,2
12506-6103,1-368221,99.28,0
8596-12701,1-247270,299.634,1
8596-12702,1-247082,161.925,0
8596-12703,1-208990,157.546,1
8596-12704,1-208985,157.168,0
8596-12705,1-247324,157.418,1
8596-1901,1-247264,160.03,1
8596-1902,1-247320,217.766,1
8596-3701,1-576342,300.565,0
8596-3702,1-208943,206.853,1
8596-3703,1-208988,297.08,1
8596-3704,1-247300,298.816,2
8596-6101,1-247329,154.941,0
8596-6102,1-208905,252.673,1
8596-6103,1-593783,65.831,0
8596-6104,1-632632,158.15,0
8596-9101,1-208898,164.707,2
8596-9102,1-247339,153.425,0
12094-9102,1-601919,160.003,0
11834-3702,1-70386,182.792,1
12483-3702,1-400847,106.206,0
12485-12704,1-415620,158.085,1
11761-3704,1-152018,161.405,1
11872-1902,1-576094,272.793,1
11975-3703,1-272950,233.643,0
12081-12701,1-202760,317.424,0
11757-12703,1-270196,269.471,0
11828-6103,1-80589,555.823,2
11865-12705,1-609067,548.741,0
11943-9101,1-211024,119.235,0
11958-3702,1-144478,99.375,2
11983-12701,1-634628,117.048,2
12074-3703,1-33810,172.917,1
12093-6104,1-579533,192.382,1
12510-1902,1-10375,163.609,1
8598-12701,1-246851,112.647,0
8598-12702,1-246857,231.413,1
8598-12703,1-247270,299.634,1
8598-12704,1-632479,160.918,1
8598-12705,1-247164,465.053,1
8598-1901,1-247037,157.322,2
8598-1902,1-247223,114.062,0
8598-3701,1-576427,235.507,0
8598-3702,1-246985,161.57,1
8598-3703,1-247036,155.72,1
8598-3704,1-247258,293.349,1
8598-6101,1-246809,300.221,1
8598-6102,1-246845,295.328,1
8598-6103,1-246928,81.504,0
8598-6104,1-247247,280.954,2
8598-9101,1-247055,472.929,1
8598-9102,1-247082,161.925,0
11758-12704,1-625977,233.065,1
11945-9102,1-96067,216.81,1
11970-12703,1-333998,109.939,0
11760-3702,1-590822,66.77,2
11760-12705,1-233389,160.404,1
11871-12705,1-456349,114.615,2
11977-12702,54-45,188.573,0
12081-3703,1-35691,179.082,1
11755-12704,1-258555,267.596,1
11827-6104,1-320543,203.465,1
11863-1901,1-195171,157.295,1
11942-9102,1-135543,112.553,2
11957-3703,1-151414,130.274,2
11982-12702,1-96324,152.081,0
12071-9102,1-106670,66.649,0
12092-6101,1-563761,172.369,0
12506-3701,1-70146,115.435,2
11012-9102,1-245331,171.354,0
10492-12704,1-605088,111.872,0
11749-12701,1-605697,175.248,0
10843-12702,1-896,150.11,1
11747-1901,1-299496,88.549,0
10492-12705,1-584905,129.485,0
10518-9101,1-78873,176.542,2
11743-3702,1-458599,198.964,0
10520-12703,1-183449,98.471,0
10840-9102,1-76706,54.106,0
10845-6103,1-78558,141.722,2
11009-3704,1-457110,92.81,0
11014-3701,1-456359,75.718,0
11020-12705,1-244527,264.181,0
11742-12702,1-122203,173.077,1
11746-9101,1-218669,168.487,1
11751-6101,1-567397,208.044,2
11835-3702,1-82687,112.781,0
11962-9101,1-363493,,2
11962-12703,1-333735,92.654,0
12068-12704,1-27363,,1
11975-12704,1-325495,224.911,1
11835-3701,1-82645,109.949,0
11945-3702,1-94986,143.559,2
11984-3703,1-324881,204.955,1
12483-1901,1-400855,95.881,0
11758-1901,1-195979,108.797,0
11830-9102,1-152118,230.976,0
11866-3702,1-954,196.681,1
11945-12702,1-95004,124.444,2
11962-6101,1-364088,529.303,1
11984-12704,1-324662,204.293,2
12075-9102,1-34048,118.513,0
11745-6104,1-123312,162.701,0
11742-9101,1-122400,276.845,0
11017-6103,1-625718,126.815,0
11022-1902,1-83031,108.787,0
10520-6103,1-560311,187.204,1
11010-6101,1-522145,100.21,0
11010-6104,1-591528,103.897,2
11743-9102,1-458706,125.298,0
10520-12704,1-79664,150.878,2
10841-12701,1-605877,241.379,0
10845-6104,1-78519,252.772,1
11009-6101,1-521915,297.13,1
11014-3702,1-456775,108.825,0
11020-1901,1-244115,107.557,0
11742-12703,1-154037,125.333,0
11746-9102,1-218707,206.612,0
11751-6102,1-301470,179.703,0
11012-6101,1-245002,175.331,1
11744-9101,1-459133,71.785,0
11743-6103,1-458654,208.474,1
10838-3701,1-301489,501.757,1
11006-12702,1-456575,112.625,0
11010-9102,1-522187,282.635,2
10837-3702,1-61450,377.419,1
11743-6102,1-458604,199.834,1
10520-12705,1-79490,,1
10841-12702,1-77522,73.088,0
10845-9101,1-78213,129.277,0
11009-6102,1-456751,189.321,1
11014-3703,1-456734,114.449,2
11020-1902,1-591992,108.621,2
11742-12704,1-122206,118.392,0
11747-12701,1-299567,89.222,0
11751-6103,1-301561,98.64,0
11011-12702,1-629834,288.657,0
11017-6101,1-319381,126.772,2
11004-12704,1-457246,104.978,2
11748-9102,1-605721,90.265,0
10843-12705,1-761,409.534,1
10841-1901,1-77800,118.479,0
11017-12705,1-319363,108.525,0
11024-6104,1-10856,403.228,0
10520-1901,1-183465,111.879,0
10841-12703,1-77490,346.777,1
10845-9102,1-60506,318.603,0
11009-6103,1-456345,93.383,0
11014-3704,1-456718,105.396,0
11020-3701,1-196444,271.462,0
11742-12705,1-154047,128.106,0
11747-12702,1-230571,216.142,1
11751-6104,1-301388,163.233,1
8609-12701,1-594432,124.406,0
8609-12702,1-445487,144.927,0
8609-12703,1-446660,254.425,1
8609-12704,1-446700,211.843,1
8609-12705,1-445626,213.315,1
8609-1901,1-446671,515.304,1
8609-1902,1-445333,146.125,0
8609-3701,1-500485,352.438,1
8609-3702,1-446720,356.179,0
8609-3703,1-446684,213.469,1
8609-3704,1-445537,211.332,0
8609-6101,1-445618,205.899,1
8609-6102,1-445337,219.076,0
8609-6103,1-446650,199.953,1
8609-6104,1-446659,141.1,0
8609-9101,1-445669,207.187,1
8609-9102,1-445940,217.068,0
8610-12701,1-22911,291.24,1
8610-12702,1-22876,130.028,0
8610-12703,1-23015,112.126,0
8610-12704,1-22827,86.476,0
8610-12705,1-23610,486.294,1
8610-1901,1-23645,86.889,0
8610-1902,1-23568,225.958,1
8610-3701,1-22821,52.107,2
8610-3702,1-22887,117.766,2
8610-3703,1-594918,85.068,2
8610-3704,1-634718,56.442,2
8610-6101,1-22865,100.484,0
8610-6102,1-22832,103.204,0
8610-6103,1-22849,100.607,0
8610-6104,1-22810,133.411,2
8610-9101,1-22848,117.888,0
8610-9102,1-22804,468.936,0
11962-12705,1-333721,195.211,1
11975-12705,1-270417,145.848,0
11963-6103,1-335511,141.766,0
11832-6101,1-233216,456.524,1
12485-3704,1-419166,249.856,1
11833-3704,1-176155,171.126,1
12484-3703,1-624292,111.737,0
12075-3703,1-33876,191.251,1
12484-9101,1-399847,370.994,1
11759-6104,1-54920,105.26,2
11832-3702,1-176174,129.384,0
11868-12701,1-295129,154.716,1
11946-3704,1-135829,256.579,1
11970-12704,1-333381,134.874,0
12079-3704,1-35268,180.909,0
12484-3702,1-409482,104.745,0
11024-1901,1-159382,93.48,0
11010-3701,1-521847,106.382,0
11744-3701,1-556947,187.843,0
10838-12705,1-389513,217.27,1
11022-3703,1-368625,184.14,1
11742-6103,1-122595,475.837,2
11010-1901,1-522189,100.83,0
11011-3702,1-321127,109.627,0
10520-1902,1-79648,98.733,0
10841-12704,1-77695,354.047,0
10846-12701,1-1813,387.435,0
11009-6104,1-457115,544.37,0
11014-6101,1-456781,341.277,1
11020-3702,1-244590,146.643,2
11742-1901,1-122258,166.597,1
11747-12703,1-230867,265.387,0
11751-9101,1-389374,161.795,1
11760-12701,1-233456,132.808,2
11834-1902,1-13736,182.669,1
11833-6103,1-175940,195.954,1
11868-1902,1-294870,157.804,1
11823-1901,1-543446,155.771,1
11872-6104,1-151055,331.016,2
11978-12704,1-294564,170.276,1
12082-6104,1-36382,209.132,1
11757-3704,1-270260,245.448,1
11830-12705,1-234285,68.927,0
11865-6103,1-586856,93.583,0
11944-1902,1-200351,136.968,0
11958-9102,1-144990,309.071,1
11983-3702,1-23189,117.782,2
12075-12702,1-108250,193.258,1
12094-1901,1-40810,185.698,1
12510-6104,1-626763,93.727,0
8614-12701,1-177177,410.445,2
8614-12702,1-547120,103.852,0
8614-12703,1-547191,113.206,2
8614-12704,1-136307,142.305,0
8614-12705,1-634579,133.344,0
8614-1901,1-546805,,1
8614-1902,1-176525,125.821,2
8614-3701,1-177203,240.175,1
8614-3702,1-546912,348.908,1
8614-3703,1-546819,153.451,0
8614-3704,1-177252,131.75,0
8614-6101,1-177061,286.796,1
8614-6102,1-560941,133.299,0
8614-6103,1-560942,258.206,0
8614-6104,1-546818,152.679,1
8614-9101,1-176554,154.698,2
8614-9102,1-547143,257.638,0
11865-9102,1-61147,175.824,2
11872-6101,1-150615,84.405,0
11867-3702,1-53278,221.685,1
11868-6104,1-272854,212.736,2
11835-12703,1-82991,118.165,2
11760-12704,1-233594,199.233,1
12080-12703,1-35810,173.633,1
12068-6101,1-27044,394.368,0
12488-1902,1-386459,95.216,0
11758-3701,1-319387,108.657,0
11831-12702,1-152193,223.61,0
11866-3704,54-48,,0
11945-12704,1-95247,157.722,1
11962-6103,1-333770,188.262,0
11984-1901,1-324677,130.393,2
12078-12702,1-35391,80.083,0
12483-12702,1-400885,93.055,2
11757-9101,1-543667,184.472,1
12080-6102,1-35710,170.881,1
11833-6101,1-176091,254.098,0
12078-3702,58-26,422.285,0
11963-12705,1-335797,84.89,0
11954-12701,1-152093,231.367,1
12068-12701,1-639858,70.521,0
11757-9102,1-269904,232.887,0
11760-6103,1-233531,120.029,0
11833-3701,1-176132,196.75,2
11868-9102,1-294858,162.155,1
11952-3703,1-325886,150.176,1
11975-12703,1-325389,147.242,1
12066-1902,1-550980,,0
12080-3704,1-35266,175.345,1
12485-1902,54-40,,0
8617-12701,1-180618,340.547,1
8617-12702,42-88,255.353,0
8617-12703,1-180981,304.004,1
8617-12704,1-550950,207.393,1
8617-12705,1-180893,126.148,0
8617-1901,1-180813,261.175,0
8617-1902,1-180757,454.424,1
8617-3701,1-180614,209.094,1
8617-3702,1-180634,255.965,1
8617-3703,1-180900,227.979,1
8617-3704,1-180436,243.202,1
8617-6101,1-205390,267.98,0
8617-6102,1-180886,207.797,2
8617-6103,1-180687,459.276,1
8617-6104,1-180749,114.555,0
8617-9101,1-180623,212.179,1
8617-9102,1-550945,211.031,0
10846-12705,1-586481,186.592,1
10846-6103,1-1894,200.809,1
10842-3704,1-560065,332.859,1
11016-1902,1-196863,173.362,2
11022-3701,1-559761,127.332,0
10846-6104,1-608172,202.255,0
11004-12701,1-456655,79.501,0
11748-3704,1-605740,97.808,2
10520-3701,1-79375,121.771,2
10841-12705,1-54642,75.656,0
10846-12702,1-607814,200.901,0
11009-9101,1-456269,281.285,1
11014-6102,1-456829,116.652,0
11020-3703,1-244629,158.203,0
11742-1902,1-154041,124.123,2
11747-12704,1-605382,317.865,0
11751-9102,1-389400,177.57,1
8619-12701,1-114230,124.753,0
8619-12702,1-635646,,1
8619-12703,1-114059,195.892,1
8619-12704,1-114253,88.697,0
8619-12705,1-114147,50.793,0
8619-1901,1-114063,349.175,1
8619-1902,1-114316,190.333,1
8619-3701,1-114252,198.799,1
8619-3702,1-114235,222.305,1
8619-3703,1-114292,251.939,2
8619-3704,1-114093,315.929,1
8619-6101,1-113789,253.708,0
8619-6102,1-114098,310.803,1
8619-6103,1-114035,387.691,0
8619-6104,1-114124,311.728,1
8619-9101,1-114214,354.486,0
8619-9102,1-114245,123.183,0
8620-12703,1-114919,109.537,0
8620-12704,1-114845,194.429,1
8620-12705,1-114820,127.317,0
8620-1902,1-114818,124.327,0
8620-3703,1-635931,119.91,0
8620-3704,1-114782,153.723,1
8620-6104,1-115066,114.646,2
8620-9102,1-114923,112.851,2
8621-12703,1-570555,171.768,0
8621-12704,1-118496,176.219,0
8621-12705,1-118221,173.51,0
8621-1902,1-570556,182.846,1
8621-3703,1-118428,179.327,1
8621-3704,1-118480,176.585,1
8621-6104,1-117938,172.066,1
8621-9102,1-118379,454.291,0
8622-12701,1-118456,130.976,0
8622-12702,1-118457,,1
8622-12703,1-118238,169.185,1
8622-12704,1-118204,285.076,1
8622-12705,1-118166,183.099,1
8622-1901,1-118391,169.308,1
8622-1902,1-118454,176.255,1
8622-3701,1-570686,183.716,1
8622-3702,1-118421,171.939,1
8622-3703,1-118363,109.899,2
8622-3704,1-118383,169.722,1
8622-6101,1-118184,175.447,1
8622-6102,1-118394,153.967,1
8622-6103,1-118178,182.212,1
8622-6104,1-118427,410.226,1
8622-9101,1-637279,363.196,2
8622-9102,1-118381,170.819,0
12075-6101,1-33732,199.811,1
11984-6104,1-324517,237.07,0
11946-6102,1-211533,129.305,0
12483-3701,1-405454,283.591,2
12483-9102,1-405438,4.701,0
11832-3704,1-176264,132.507,2
12066-1901,1-26186,115.319,0
11970-6101,1-333824,125.366,2
11752-3701,1-54482,349.609,2
11824-12702,1-83386,93.424,0
11835-6102,1-70077,122.94,0
11939-12705,1-456737,99.307,0
11954-6104,1-319576,68.688,0
11978-3701,1-294587,149.617,0
12069-12701,1-27404,158.219,1
12083-12704,1-570488,347.567,0
12488-6101,1-300092,224.142,1
8324-6102,1-284990,121.74,2
10841-3702,1-54515,75.725,0
10512-3702,1-76991,110.732,2
8152-12705,1-301014,175.643,1
11745-12701,1-123194,541.04,0
11012-3703,1-245299,177.746,0
12488-6104,1-386443,97.489,0
10506-12702,1-605770,101.489,0
10513-3704,1-54497,233.091,1
8321-6103,1-403707,112.28,2
10837-12704,1-61557,83.959,0
10222-12702,1-50480,255.911,2
11832-6102,1-176206,130.664,2
10517-12702,47-0,4.438,0
11012-12704,1-576748,305.117,1
11833-12702,1-175935,130.986,0
10838-6101,1-301327,166.011,1
11970-3701,1-333784,163.477,1
8079-6104,1-37198,512.92,1
10841-9101,1-54558,515.126,1
10222-6102,1-50548,,0
10843-3703,1-380,92.249,0
11963-12701,1-335786,180.678,1
12511-12705,1-53328,174.539,0
11017-12703,1-319368,129.749,0
8097-6101,1-42280,112.479,2
10493-6104,1-352063,520.885,1
12511-6103,1-53292,57.053,0
8079-6103,1-37201,180.828,1
10505-6102,1-585543,99.705,0
10509-6104,1-173966,104.539,0
10515-6101,1-78257,357.311,1
11011-12705,1-197398,115.769,2
8324-12701,1-285021,117.47,0
11830-3703,1-319477,107.805,0
12078-1902,1-35371,96.166,0
11944-6101,1-248535,158.197,0
12485-1901,1-415572,181.27,1
11835-12704,1-82657,110.915,0
11757-6103,1-543394,238.361,1
12483-1902,1-405389,95.297,0
11962-1902,1-363805,209.271,1
11760-3703,1-233563,195.847,1
11833-12704,1-176187,171.222,1
11868-6102,1-272812,154.784,0
11952-1901,1-325830,138.259,2
11970-9101,1-333832,120.454,2
12066-12703,1-205351,119.404,2
12080-1902,1-35832,84.257,0
12485-12703,1-415475,143.823,0
8651-12701,1-178908,195.715,1
8651-12702,1-179071,218.019,1
8651-12703,1-179247,101.556,0
8651-12704,1-179246,214.939,1
8651-12705,1-179170,348.074,1
8651-1901,1-179024,414.946,1
8651-1902,1-635348,222.042,0
8651-3701,1-178906,198.237,1
8651-3702,1-178844,105.699,0
8651-3703,1-179248,213.265,1
8651-3704,1-178894,219.421,1
8651-6101,1-178938,225.45,1
8651-6102,1-178927,282.902,2
8651-6103,1-179208,99.727,2
8651-6104,1-179223,196.546,1
8651-9101,1-178856,98.277,0
8651-9102,1-179227,199.998,0
8652-12701,1-26306,221.206,1
8652-12702,1-286909,484.959,1
8652-12703,1-26406,128.365,2
8652-12704,1-26393,389.811,1
8652-12705,1-26536,132.483,0
8652-1901,1-26003,114.384,0
8652-1902,1-26201,192.669,1
8652-3701,1-26390,258.894,2
8652-3702,1-26186,115.319,0
8652-3703,1-26587,179.146,0
8652-3704,1-26550,111.934,0
8652-6101,1-205225,409.425,1
8652-6102,1-26197,260.913,1
8652-6103,1-26421,138.698,0
8652-6104,1-26608,180.687,1
8652-9101,1-26611,178.094,1
8652-9102,1-205194,193.067,0
11954-12705,1-319544,66.761,0
11831-3704,1-152300,111.28,0
12079-12705,1-35716,208.589,0
12487-6101,1-386733,143.915,0
11758-6101,1-319587,130.001,0
11866-6104,1-60537,190.971,1
12487-12704,1-386762,88.462,0
12079-12703,1-35806,179.512,1
11752-1902,1-54829,109.313,0
11824-12701,1-368926,235.714,1
11835-6101,1-630662,97.341,0
11939-12704,1-591085,,0
11954-6103,1-195601,137.056,2
11978-1902,1-294645,498.055,0
12068-9102,1-26985,234.625,2
12083-12703,1-116874,485.169,1
12488-3704,1-386411,200.195,1
8656-12701,1-31189,,1
8656-12702,1-287810,251.789,0
8656-12703,1-31444,164.342,1
8656-12704,1-31345,172.248,1
8656-12705,1-287790,241.397,0
8656-1901,1-31502,82.758,0
8656-1902,1-31374,160.186,0
8656-3701,1-30958,188.218,1
8656-3702,1-31500,169.835,2
8656-3703,1-31530,82.872,0
8656-3704,1-31485,248.204,2
8656-6101,1-600853,84.022,2
8656-6102,1-31271,171.72,1
8656-6103,1-31324,250.059,0
8656-6104,1-31249,247.506,1
8656-9101,1-107573,247.893,2
8656-9102,1-31295,270.042,1
8657-12701,1-31639,128.915,2
8657-12702,1-31776,188.072,1
8657-12703,1-32055,183.232,1
8657-12704,1-32058,78.215,0
8657-12705,1-32016,83.394,0
8657-1901,1-31801,110.97,0
8657-1902,1-31580,276.687,1
8657-3701,1-107659,173.122,1
8657-3702,1-31759,150.213,1
8657-3703,1-32048,77.431,0
8657-3704,1-107761,174.161,1
8657-6101,1-31788,148.05,0
8657-6102,1-31587,84.287,0
8657-6103,1-32034,311.102,0
8657-6104,1-32056,75.764,0
8657-9101,1-31626,190.185,1
8657-9102,1-31996,326.659,2
8710-12701,1-378884,92.493,0
8710-12702,1-378729,102.963,0
8710-12703,1-378771,70.647,0
8710-12704,1-378723,88.608,0
8710-12705,1-378690,94.556,0
8710-1901,1-378704,89.831,0
8710-1902,1-378687,92.112,0
8710-3701,1-378663,91.284,0
8710-3702,1-378674,95.983,0
8710-3703,1-378699,92.54,2
8710-3704,1-378708,97.059,0
8710-6101,1-378624,93.002,0
8710-6102,1-378688,104.767,2
8710-6103,1-378885,161.682,1
8710-6104,1-378660,88.206,0
8710-9101,1-378656,248.476,1
8710-9102,1-378670,103.449,0
12487-1901,1-386926,96.08,2
11759-12703,1-296,86.693,2
11759-1902,1-225,113.969,2
12066-9102,1-26001,114.926,0
11823-3703,1-564585,379.234,2
11977-6102,1-325994,150.784,0
11954-3703,1-195737,127.181,0
11758-6102,1-196021,128.299,2
11754-6102,1-52936,108.875,0
11827-1902,1-320796,109.512,0
11942-3702,1-135190,130.049,2
11957-12702,1-150906,120.953,0
11980-3704,1-270728,100.651,0
12071-3702,1-106664,138.291,2
12092-12702,1-39672,167.855,0
12491-9102,1-62063,301.264,1
11946-12702,1-211562,259.816,1
11963-3703,1-336083,481.493,1
11832-1902,1-176256,174.163,1
11832-12702,1-233231,196.626,1
11823-12705,1-543758,399.573,0
11872-9101,1-150409,289.872,1
11977-9101,1-273287,150.834,1
12082-3701,1-36363,156.24,1
11754-6104,1-53025,213.966,2
11827-3702,1-320560,311.997,0
11942-3704,1-135596,287.598,0
11957-12704,1-151408,93.562,0
11980-6102,1-270673,233.524,1
12071-3704,1-28600,117.706,0
12092-12704,1-39661,197.882,1
12506-12702,1-82688,117.365,2
11758-12702,1-195973,123.831,2
11945-6103,1-95316,122.849,2
11970-12701,1-631727,86.586,0
12485-6104,1-407685,157.183,0
11835-12702,1-82635,115.719,0
12067-3701,1-26470,160.507,0
11834-12701,1-14106,180.808,1
12067-12704,1-26670,355.479,1
11753-12704,1-55271,87.411,0
11824-6104,1-369294,458.837,1
11836-3702,1-1278,189.151,1
11939-9102,1-456868,98.451,0
11955-3703,1-195276,128.0,0
11979-12703,1-273213,150.909,0
12069-9102,1-27571,238.605,0
12084-3701,1-117104,116.374,2
12490-3701,1-138324,128.199,2
11944-9102,1-200527,275.12,0
12483-6103,1-404900,98.836,0
11757-6104,1-634140,283.544,2
11952-12705,1-325399,145.094,1
11866-12703,1-60834,188.474,1
12488-3702,1-386436,,2
11975-6102,1-272877,355.128,2
12081-12704,1-35858,170.802,1
11754-6101,1-53004,283.888,1
11827-1901,1-592801,113.636,0
11838-9102,1-1780,231.447,1
11942-3701,1-135551,119.888,0
11957-12701,1-150901,202.615,1
11980-3703,1-270725,236.697,1
12071-3701,1-28665,115.155,2
12092-12701,1-39724,165.928,1
12491-9101,1-62037,157.38,1
12079-6104,1-35830,308.054,0
11963-3702,1-335803,185.863,0
11832-1901,1-176205,126.708,2
12067-6104,1-27113,188.86,1
11752-12705,1-54839,70.499,0
11753-6104,1-78294,103.587,0
11826-3702,1-401192,153.6,1
11838-12703,1-2386,92.697,0
11941-3704,1-135556,118.354,2
11956-12704,1-151639,169.593,1
11979-6103,1-273098,150.996,1
12070-3704,1-28205,177.485,1
12087-12704,1-117663,168.341,1
12491-12702,1-61890,,1
11954-3702,1-195686,102.986,0
11867-1901,1-53664,117.147,2
11758-3704,1-576448,65.592,0
11953-12703,1-258915,146.63,1
12078-9102,1-35518,511.912,1
11872-12701,1-189152,248.181,0
11834-9102,1-70384,125.319,0
11962-9102,1-566397,308.636,0
11754-3701,1-585223,124.062,2
11827-12702,1-320358,289.715,1
11838-6102,1-1756,378.666,0
11942-12704,1-594489,120.47,0
11956-6103,1-151429,154.859,0
11980-1901,1-324730,173.244,1
12071-12704,1-28713,177.857,1
12087-6103,1-117543,168.735,0
12491-6101,1-62047,220.375,0
12075-6104,1-34179,195.285,1
11831-6103,1-152028,89.974,0
12080-1901,1-35826,172.004,1
11823-12702,1-272423,269.247,2
12066-6102,1-26035,290.038,1
11977-12704,1-326041,91.108,0
12081-6101,1-108698,487.932,1
11754-3702,1-605387,206.493,0
11827-12703,1-320551,489.965,1
11838-6103,1-60931,93.222,2
11942-12705,1-135547,125.277,0
11956-6104,1-151640,93.767,0
11980-1902,1-326001,150.367,2
12071-12705,1-106630,227.029,0
12087-6104,1-117559,214.863,1
12491-6102,1-62201,237.235,1
12075-6102,1-33721,177.262,1
11831-6101,1-152201,191.311,1
12075-3701,1-33745,183.032,1
12485-12701,1-415389,275.9,0
11953-9102,1-283673,294.249,2
11952-12701,1-325038,191.923,0
11834-12704,1-14151,187.034,1
11832-12701,1-151205,77.598,0
11753-3702,1-55227,198.31,1
11826-12703,1-399271,89.923,0
11836-6103,1-60567,190.887,1
11941-12705,1-135564,128.799,0
11955-6104,1-195753,184.106,1
11979-3701,1-270307,475.037,2
12070-12705,1-28227,337.933,0
12084-6104,1-117115,131.464,0
12490-6102,1-138227,126.015,0
12488-12702,1-299745,178.659,1
12079-12701,1-35300,169.194,1
12079-1902,1-35580,245.423,1
11970-6103,1-333431,200.232,0
12484-3704,1-409362,180.211,1
11954-3704,1-625430,67.626,0
11832-9102,1-233247,176.686,1
11984-6102,1-324698,154.615,2
11753-1902,1-55225,391.802,0
11826-12701,1-404066,,0
11836-6101,1-1166,174.434,1
11941-12703,1-633996,133.692,0
11955-6102,1-195237,126.303,0
11979-1901,1-270517,146.987,1
12070-12703,1-551068,414.003,1
12084-6101,1-117038,430.653,1
12490-3704,1-62475,191.762,1
11866-1902,1-60604,92.201,0
11866-12701,1-811,198.367,0
11868-6101,1-294859,147.325,1
11831-12703,1-195355,125.466,0
11872-3701,1-150792,271.458,1
11978-12702,1-294572,163.81,1
12082-6101,1-36357,205.332,2
11754-9101,1-52964,432.931,1
11827-3703,1-197166,185.112,0
11863-12701,1-195049,81.334,0
11942-6101,1-210353,125.5,2
11957-12705,1-151237,186.41,1
11980-6103,1-270631,150.466,0
12071-6101,1-28659,223.223,1
12092-12705,1-39995,167.794,1
12506-12703,1-630772,108.022,0
12483-12703,1-590252,133.033,0
11984-9101,1-324879,193.009,1
11946-3701,1-211561,129.97,2
11760-3701,1-233599,93.488,0
11984-9102,1-324664,163.606,1
11758-12701,1-591746,127.633,2
11945-12703,1-95381,554.258,0
11752-12701,1-54815,68.619,0
11753-3703,1-606121,146.561,0
11826-12704,1-404130,169.762,1
11836-6104,1-607059,338.466,1
11941-1901,54-71,135.755,0
11955-9101,1-195763,124.661,0
11979-3702,1-270506,194.332,1
12070-1901,1-106411,298.276,1
12084-9101,1-116706,108.095,0
12490-6103,1-138281,101.543,0
8722-12701,1-46349,372.845,0
8722-12702,1-45470,181.692,0
8722-12703,1-46316,381.673,1
8722-12704,1-46358,102.136,0
8722-12705,1-46428,102.28,0
8722-1901,1-46057,326.082,1
8722-1902,1-46374,268.825,0
8722-3701,1-605161,7.314,0
8722-3702,1-46076,428.218,2
8722-3703,1-46032,77.014,0
8722-3704,1-45836,315.926,2
8722-6101,1-45490,317.129,1
8722-6102,1-548300,292.863,0
8722-6103,1-46006,295.569,2
8722-6104,1-45489,312.088,0
8722-9101,1-46371,376.118,1
8722-9102,1-548302,378.707,1
8723-12701,1-605245,163.903,0
8723-12702,1-46694,196.029,1
8723-12703,1-352833,161.575,0
8723-12704,1-585030,111.228,0
8723-12705,1-46819,136.471,0
8723-1901,1-47408,110.739,0
8723-1902,1-352713,108.594,2
8723-3701,1-352623,270.332,1
8723-3702,1-585019,130.635,0
8723-3703,1-47389,136.375,2
8723-3704,1-47429,187.073,1
8723-6101,1-352796,110.735,0
8723-6102,1-352786,192.365,0
8723-6103,1-352755,186.483,0
8723-6104,1-47409,186.835,0
8723-9101,1-352356,456.081,0
8723-9102,1-352827,130.157,0
11970-1901,1-333410,124.734,2
12485-3701,1-415602,148.925,0
11963-6104,1-336073,402.094,1
12068-3701,1-551011,543.39,0
12078-3704,1-35530,100.094,0
11871-3703,1-456387,85.445,0
11977-3701,1-273185,199.724,1
12081-9101,1-603215,178.64,2
11754-3704,1-52986,205.2,1
11827-12705,1-629191,185.503,1
11838-9101,1-1832,196.838,1
11942-1902,1-569171,130.703,2
11956-9102,1-151713,140.189,1
11980-3702,1-273239,192.287,1
12071-1902,1-28625,115.475,2
12087-9102,1-117856,380.203,1
12491-6104,1-612698,132.714,0
11834-6103,1-14197,180.472,1
12066-3701,1-635804,116.434,0
11760-1901,1-233571,86.673,0
12080-12705,1-202775,261.764,1
12485-6102,1-415391,70.456,0
12487-12702,1-386814,200.579,1
12067-3704,1-26788,231.848,1
11866-12704,1-606620,326.593,0
11753-3704,1-55402,86.5,0
11826-12705,1-407466,,1
11836-9101,1-640352,353.04,0
11941-1902,1-594515,123.774,0
11955-9102,1-195251,139.804,0
11979-3703,1-273237,196.107,1
12070-1902,1-27988,245.297,1
12084-9102,1-117056,255.15,1
12490-6104,1-138169,116.565,0
11962-3702,1-363769,119.042,2
12075-1902,1-34050,119.246,2
12066-6103,1-26025,118.312,0
11833-1901,1-176125,130.025,0
12487-6104,1-386954,93.562,2
11963-6102,1-633099,84.549,0
12485-9101,1-625349,160.555,1
12484-12703,1-402702,157.003,1
11753-1901,1-55399,130.342,2
11824-9102,1-368846,151.858,1
11836-3704,1-1332,93.493,0
11941-12702,1-569177,140.261,0
11955-6101,1-152040,126.923,2
11979-12705,1-273186,159.615,0
12070-12702,1-28070,205.532,1
12084-3704,1-117084,144.409,0
12490-3703,1-613941,167.841,2
12087-3701,1-117666,144.839,2
10514-3702,1-77755,339.985,1
12068-3703,1-27409,157.47,1
10507-12701,1-174759,299.159,0
8314-6104,1-248661,515.435,1
11939-12703,1-456470,106.081,2
10217-12705,1-459018,197.611,0
7979-9101,1-115277,275.779,1
8091-12704,1-39795,250.475,1
11838-6104,1-2354,377.69,0
11020-6103,1-591997,108.496,0
7979-3703,1-115403,118.572,0
11753-6102,1-55093,86.124,0
11867-3703,1-76873,213.194,1
11754-3703,1-76488,210.627,0
10515-6104,1-606491,92.944,2
10217-12704,31-115,67.375,0
11983-9102,1-22599,310.77,1
12078-6101,1-34951,359.56,1
12484-12705,1-575186,215.549,2
11868-3703,1-272828,406.07,1
11953-12702,1-258925,295.008,1
12484-6104,1-415452,487.052,1
11834-6104,1-70389,184.782,1
11831-3701,1-623700,225.043,1
11753-12701,1-78006,407.365,1
11824-6101,1-83393,122.127,0
11836-1901,1-1093,136.964,2
11939-6103,1-456366,89.227,0
11955-1902,1-195282,126.606,0
11978-9102,1-634183,134.042,2
12069-6102,1-27654,229.577,1
12084-12704,1-562241,108.641,0
12490-12705,1-62471,532.62,1
11944-6103,1-248565,160.205,1
11953-6102,1-258903,294.111,0
12485-3703,1-415592,157.675,0
11834-9101,1-13738,181.471,0
11761-9102,1-151997,223.175,0
11871-3702,1-455658,101.84,0
11975-9102,1-325063,227.966,0
12081-3701,1-35299,462.846,1
11757-12705,1-543376,177.734,1
11828-9101,1-61842,173.699,1
11865-1902,1-587077,120.994,0
11944-12701,1-323378,127.288,0
11958-3704,1-144441,103.317,0
11983-12703,1-22720,321.327,0
12074-6101,1-33777,194.868,1
12093-9102,1-40247,372.896,1
12510-3702,1-641253,94.959,0
12514-12704,1-9923,199.438,1
12511-6101,1-53288,121.67,0
12067-12701,1-635999,232.109,0
7981-1901,1-636436,261.378,0
8327-6104,1-286139,258.363,1
11955-1901,1-195208,125.204,2
10842-6103,1-181146,223.892,2
7979-12704,1-115398,108.812,0
8152-1902,1-300828,117.36,2
10503-12701,1-79952,116.474,0
12514-9101,1-10166,323.783,0
10223-1901,1-35840,84.319,0
8097-12702,1-42351,300.975,1
11866-12705,1-1009,265.328,1
10496-3703,1-122708,245.468,1
10515-6103,1-181988,252.049,1
8314-3702,1-199775,128.652,2
8089-6104,1-39085,253.805,0
8089-12705,1-39078,535.748,0
12087-12702,1-117725,300.572,1
11010-12703,1-522063,105.478,0
10226-3704,1-36386,171.018,0
8260-12703,1-281931,101.191,0
12512-6103,1-241,467.719,1
7978-12702,1-115358,104.998,0
10513-1902,1-54240,110.132,0
8328-12702,1-286309,246.539,1
7963-6102,1-635348,222.042,0
10222-6103,1-50537,254.417,1
11868-12705,1-272795,234.433,1
10509-9101,1-576127,275.227,0
8087-3701,1-118940,261.378,1
12491-1901,1-4109,182.454,1
11006-12701,1-456840,98.172,0
11866-9101,1-1033,55.256,0
11954-12703,1-196053,105.707,0
11835-1902,1-82637,109.45,2
11760-12703,1-233359,203.818,1
11970-3704,1-333018,124.875,2
11975-3701,1-272745,256.644,1
12080-9101,1-603204,177.257,1
11755-12705,1-283108,85.399,0
11827-9101,1-320528,552.939,1
11863-1902,1-195170,133.568,0
11943-12701,1-210864,128.105,0
11957-3704,1-151264,128.801,2
11982-12703,1-96307,154.432,1
12073-12703,1-32849,76.384,2
12092-6102,1-40071,287.731,1
12506-3702,1-82669,136.016,0
11956-3701,1-151200,187.187,1
10222-12703,1-50666,124.544,2
8245-6102,1-463969,136.406,0
11939-9101,1-455885,169.29,1
10511-1902,1-76480,111.888,0
10501-12702,1-605501,189.49,1
10222-1902,1-50669,126.464,2
10223-6103,1-35816,175.691,0
10494-1901,1-379920,138.812,1
10499-12702,1-299669,285.238,0
8327-9102,1-286110,173.313,1
7978-12704,1-562167,115.236,0
8095-6104,1-42468,186.108,0
12067-12703,1-26934,235.578,1
11978-6103,1-294864,144.414,0
11759-3701,1-207,191.381,1
10217-6103,1-412058,196.49,1
11749-6102,1-605750,99.928,0
12514-3702,1-66669,128.719,0
10837-6101,1-61538,455.962,1
12512-3703,1-55156,536.68,1
10510-6102,1-189101,248.749,0
8091-3703,1-39805,255.933,2
11945-6104,1-95290,123.829,0
7980-12701,1-115360,104.008,0
11944-3703,1-200251,86.008,0
8260-3704,1-281927,101.503,0
10220-6102,1-201919,465.333,1
11022-3704,1-82660,110.449,0
10505-3704,1-300680,101.03,2
10514-3703,1-77708,94.957,0
8245-12704,1-463478,146.612,0
10500-9102,1-386870,426.77,1
11013-12701,1-244489,,0
10495-12704,1-45208,226.169,1
8087-1902,1-119362,115.777,0
10506-9102,1-232065,192.892,1
11743-3703,1-458712,213.26,1
7965-12701,1-179631,88.223,0
10497-6103,1-412397,71.479,0
12080-12702,1-35847,85.453,0
8092-12705,1-41072,217.391,1
10514-6103,1-78040,223.376,1
11745-3701,1-123109,112.843,0
7965-1902,1-635485,115.315,0
10222-1901,1-50814,128.226,2
8091-12705,1-39383,233.805,1
10509-6101,1-277489,219.341,1
10495-6104,1-45698,232.881,1
10844-1901,1-77933,98.929,2
10512-3704,1-76931,289.225,0
10514-12701,1-54655,70.776,0
10501-3702,1-231297,271.235,1
11017-3702,1-319400,535.197,1
8157-3703,1-42202,109.343,2
10225-12703,1-36562,91.205,0
10507-3703,1-280716,107.206,0
8079-1902,1-36874,91.799,0
8092-3702,1-40814,180.996,1
10517-3701,1-78719,185.068,1
12514-12705,1-641176,134.121,2
10221-1902,1-229976,88.728,0
8088-6103,1-120636,78.163,0
11753-12703,1-606080,88.792,0
11942-3703,1-135554,124.992,0
11020-9101,1-196222,418.673,0
10842-6102,1-181172,161.443,0
11984-3704,1-273311,481.309,1
11963-3704,1-336267,143.693,0
11832-3701,1-576022,125.559,2
11962-3701,1-566335,194.877,1
11761-3703,1-623768,125.891,2
11871-6104,1-456408,100.901,0
11963-12703,1-336034,151.996,1
12078-3701,1-35334,95.994,0
11755-6104,1-282637,219.84,1
11828-3702,1-80916,223.475,1
11863-9102,1-195478,133.642,0
11943-3704,1-594589,130.581,2
11958-12704,1-144443,100.831,0
11982-6102,1-96319,184.97,1
12074-12703,1-33775,178.618,2
12093-3701,1-40771,223.003,0
12510-12702,1-626493,93.179,0
8248-9101,1-481264,481.931,0
10217-3703,1-458727,198.716,2
8260-1901,1-281125,101.643,2
12083-3704,1-636672,110.996,2
8245-1901,1-462994,109.43,0
11978-9101,1-294517,249.028,2
12514-3704,1-10177,202.112,1
10213-6103,1-44581,172.24,2
8096-6101,1-42718,73.92,0
10226-3702,1-36565,94.069,0
12518-12702,1-2461,170.403,1
10221-9102,1-584862,60.347,0
8092-12702,1-41093,132.927,0
8148-9101,1-145806,114.817,0
8157-12703,1-41919,505.41,1
10495-3702,1-45643,166.996,2
10220-12703,1-153151,74.402,0
10508-12703,1-175889,197.27,0
8097-3704,1-42273,110.618,2
11983-6102,1-22601,309.089,1
10496-12703,1-72413,81.616,0
10218-3702,1-382284,290.549,1
8240-12705,1-584897,104.092,0
7981-12705,1-562312,386.911,0
12512-12704,1-73,256.566,0
11867-6102,1-53646,216.856,0
10841-6103,1-77488,348.697,1
7965-3703,1-179724,60.343,0
7980-9101,1-115386,103.935,0
10506-3703,1-232070,109.098,2
10513-6101,1-54313,106.944,0
8327-12701,1-250806,221.901,1
10498-12702,1-385365,109.348,0
11866-6101,1-999,192.099,0
11945-12701,1-564482,128.796,0
12483-6104,1-404898,98.271,0
12075-12705,1-34036,90.456,0
11952-1902,1-325800,145.954,2
11759-12702,1-606022,108.352,0
11871-3704,1-456297,102.784,2
11977-12705,1-325973,157.631,1
12081-6102,1-35652,181.994,2
11755-6101,1-282462,201.549,2
11828-1901,1-80575,78.413,0
11863-6103,1-195169,485.465,0
11943-3701,1-135177,124.14,2
11958-12701,1-627411,102.549,0
11982-3703,1-96410,115.081,0
12073-9102,1-601579,185.239,0
12093-12704,1-40541,179.829,0
12506-9101,1-559752,122.956,0
11833-9102,1-175928,125.437,0
11759-12704,1-54886,465.948,1
12487-3703,1-386972,103.329,2
12094-3704,1-40697,280.838,1
11758-6103,1-196017,108.36,0
11867-12705,1-53622,71.168,0
11975-6103,1-272772,435.957,2
12081-12705,1-36045,177.52,1
11755-6102,1-282450,273.764,1
11828-1902,1-80510,,1
11863-6104,1-195405,133.82,0
11943-3702,1-135218,177.728,1
11958-12702,1-627461,100.481,0
11982-3704,1-96434,122.007,0
12074-12701,1-108124,,0
12093-12705,1-40201,246.338,1
12506-9102,1-83058,119.653,0
11743-12702,1-458614,199.796,1
10495-6103,1-45249,224.349,1
12514-12701,1-66655,123.954,0
10846-3701,1-607767,179.209,1
10517-3704,1-78439,124.091,0
8157-1902,1-41772,193.749,1
10214-3702,1-153317,143.087,0
10225-12705,1-36476,285.856,0
10510-6104,1-618223,261.062,0
10226-12702,1-36416,222.48,1
12512-9101,1-113,275.763,1
11006-6102,1-591101,105.339,0
10518-12705,1-607996,191.777,0
7979-6102,1-115435,112.178,0
8248-6102,1-481824,295.659,1
10518-12702,1-79033,136.418,0
8328-3704,1-286805,55.995,0
11984-12703,1-324942,96.303,0
12078-9101,1-34985,242.849,0
12484-3701,1-575184,111.934,0
12066-12704,1-193038,116.595,2
11761-12704,1-195293,139.7,0
11871-1901,1-456806,97.242,0
11977-12703,1-326068,133.692,0
12081-3704,1-35728,179.027,1
11757-12701,1-270206,164.339,1
11828-6101,1-61862,150.55,0
11865-12703,1-61276,175.596,1
11943-6103,1-569170,114.357,0
11958-1902,1-144445,99.719,2
11982-9101,1-96301,152.202,1
12074-1902,1-33302,77.077,0
12093-6101,1-563754,237.964,1
12510-12705,1-159685,95.987,0
11866-3701,1-1081,194.412,1
11868-6103,1-269951,215.402,0
11761-6103,1-194903,98.927,0
11871-6102,1-455626,91.821,0
11977-12701,1-325995,192.823,1
12081-3702,58-24,312.885,0
11755-9101,1-282598,165.82,1
11828-3703,1-587628,83.52,2
11865-12701,1-61237,260.696,1
11943-6101,1-210735,139.825,0
11958-12705,1-144829,63.269,0
11982-6103,1-96398,402.628,0
12074-12704,1-551344,186.215,2
12093-3703,1-40777,180.618,1
12510-12703,1-10786,54.742,0
11830-9101,1-233722,145.09,0
11830-3704,1-234244,108.076,0
11962-1901,1-363685,229.891,0
11833-12705,1-620121,101.938,0
11761-12703,1-195331,128.544,0
11871-9102,1-521740,314.314,1
11975-9101,1-543596,400.01,0
12081-1902,1-108696,177.058,1
11755-9102,1-282627,162.733,2
11828-3704,1-61876,148.133,1
11865-12702,1-2430,93.295,0
11943-6102,1-210769,125.037,2
11958-1901,1-144884,104.151,0
11982-6104,1-96555,190.33,1
12074-12705,1-33522,82.421,0
12093-3704,1-40751,241.814,0
12510-12704,1-10794,94.144,0
11975-12702,1-594681,151.822,2
11952-9101,1-325544,319.305,0
11867-9102,1-53883,221.818,1
11983-6103,1-22538,355.175,1
11761-6101,1-152239,230.495,0
11866-9102,1-1360,194.885,1
11963-3701,1-593898,179.758,0
12078-6102,1-34944,199.32,0
11755-6103,1-575788,130.768,2
11828-3701,1-80532,176.345,0
11863-9101,1-195175,341.912,1
11943-3703,1-135606,130.782,0
11958-12703,1-627854,315.025,2
11982-6101,1-96322,152.922,1
12074-12702,1-33510,65.918,2
12093-1902,1-40655,154.734,0
12510-12701,1-10862,91.593,0
11760-6101,1-233125,165.09,2
11758-3703,1-319949,274.915,1
11759-6102,1-277,,1
12067-6102,1-26462,217.456,0
11761-6102,1-152039,127.752,0
11831-3702,54-53,147.218,0
12487-3702,1-386913,200.517,1
11984-6103,1-634525,128.333,0
11755-12702,1-282014,159.754,1
11827-6102,1-320314,183.446,1
11863-12704,1-195400,136.524,0
11942-6104,1-135440,202.874,0
11957-3701,1-176122,130.587,0
11980-9102,1-324740,131.504,2
12071-6104,1-28715,176.041,0
12092-3703,1-563762,307.047,1
12506-1901,1-82714,111.92,0
11758-12705,1-591782,127.016,2
11946-12701,1-211515,132.16,0
11970-12705,1-333928,159.646,1
11760-3704,1-233420,134.101,0
11761-1901,1-152010,117.972,2
11871-6103,1-455636,92.055,0
11977-3703,1-325672,259.983,0
12082-12701,54-6,89.358,0
11757-12704,1-272819,213.573,0
11828-6104,1-80877,234.315,0
11865-1901,1-2386,92.697,0
11943-9102,1-210751,121.263,0
11958-3703,1-144889,104.727,0
11983-12702,1-22659,217.093,1
12074-3704,1-33518,181.346,1
12093-9101,1-40792,161.411,2
12510-3701,1-10760,291.51,0
8951-12701,1-456488,104.769,0
8951-12702,1-456404,108.203,0
8951-12703,1-456823,96.915,0
8951-12704,1-456286,99.846,2
8951-12705,1-456747,108.829,0
8951-1901,1-456950,83.734,0
8951-1902,1-456322,110.541,2
8951-3701,1-456539,101.712,0
8951-3702,1-456497,90.697,0
8951-3703,1-623722,118.417,0
8951-3704,1-456736,86.962,0
8951-6101,1-456510,108.384,0
8951-6102,1-456804,89.017,0
8951-6103,1-456407,98.932,0
8951-6104,1-623568,102.677,0
8951-9101,1-457138,88.954,0
8951-9102,1-456995,83.345,0
12094-9101,1-40460,172.138,1
12487-6102,1-386759,92.357,0
11946-9101,1-135812,253.273,1
12485-12702,1-415405,69.107,0
11761-12702,1-195359,128.194,0
11871-9101,1-456399,83.5,0
11834-12703,1-14162,179.564,1
12079-12704,1-108741,166.502,1
11755-12703,1-258538,103.947,0
11827-6103,1-320477,488.026,1
11863-12705,1-576061,331.263,1
11942-9101,1-210346,123.643,2
11957-3702,1-151266,128.082,0
11982-12701,1-96353,83.557,2
12071-9101,1-106663,68.365,2
12092-3704,1-40006,169.896,1
12506-1902,1-82684,117.277,0
10846-6101,1-1655,380.524,0
8093-3704,1-40992,101.534,0
8089-9101,1-120743,76.573,0
11945-6102,1-95208,126.557,2
10495-12702,1-45704,224.722,0
8328-3702,1-286536,469.571,1
10213-3703,1-72755,87.622,0
8240-1902,1-72852,130.131,2
10514-9102,1-585668,71.355,0
10213-6101,1-44590,260.625,1
7981-12703,1-596957,155.432,0
11831-12704,1-152301,102.858,0
10494-6103,1-379829,507.616,2
8324-9102,1-234431,114.873,2
10497-9102,1-584805,184.897,0
8314-12704,1-594358,137.428,2
11945-3701,1-94997,144.341,0
11867-1902,1-53618,486.975,0
11832-12703,1-233225,167.106,0
11830-6101,1-234251,230.648,0
11823-12701,1-269885,395.986,2
11759-3702,1-55178,200.392,1
11832-6103,1-176237,77.88,0
11834-3701,1-14130,182.067,1
11755-3701,1-282582,300.171,0
11828-12702,1-80147,83.324,0
11863-3703,1-591055,177.31,0
11943-12704,1-211106,125.296,2
11957-6103,1-151307,122.214,2
11982-1901,1-96416,90.92,0
12073-1902,1-32848,187.438,1
12092-9102,1-39946,167.158,1
12506-6101,1-82375,122.776,2
12075-9101,1-33669,189.593,0
11831-6104,54-17,,0
11868-12704,1-272770,238.669,1
12080-3701,1-35264,177.079,1
11761-12705,1-195337,118.37,2
11872-12704,1-150484,207.17,1
12483-12705,1-405001,128.737,0
11759-1901,1-200,253.94,1
11755-3702,1-282528,201.365,1
11828-12703,1-80655,112.591,0
11863-3704,1-195465,263.017,1
11943-12705,1-210792,111.113,0
11957-6104,1-151258,335.181,0
11982-1902,1-96436,153.208,1
12073-3703,1-32603,180.64,1
12093-12701,1-40755,243.358,1
12506-6102,1-82382,142.639,0
11962-12704,1-333696,,1
12066-3703,1-26172,117.709,0
11759-6103,1-54904,248.817,1
11752-12702,1-54809,,1
11823-12704,1-324267,539.368,0
11871-1902,1-456420,116.174,2
11975-3702,1-325492,152.317,0
12080-9102,1-35797,86.38,0
11757-12702,1-270240,183.814,1
11828-6102,1-80526,177.452,1
11865-12704,1-61136,139.309,0
11943-6104,1-211277,129.883,0
11958-3701,1-144473,77.189,0
11982-9102,1-96451,115.788,2
12074-3701,1-33389,190.504,1
12093-6102,1-40796,163.065,1
12510-1901,1-159367,91.212,0
8981-12701,1-404012,540.526,0
8981-12702,1-401987,170.831,1
8981-12703,1-404032,97.401,2
8981-12704,1-402060,97.468,0
8981-12705,1-403958,25.257,0
8981-1901,1-402014,289.416,1
8981-1902,1-404060,96.396,0
8981-3701,1-402070,453.978,1
8981-3702,1-401878,134.253,2
8981-3703,1-404045,90.63,0
8981-3704,1-404052,97.836,0
8981-6101,1-401864,141.615,0
8981-6102,1-402062,535.177,1
8981-6103,1-401964,301.253,1
8981-6104,1-403982,291.218,1
8981-9101,1-401876,171.986,2
8981-9102,1-404033,98.589,0
11833-1902,1-175648,190.342,1
12490-1902,1-138283,98.607,0
8079-6102,1-37208,96.913,0
12514-6102,1-67031,283.028,1
11954-9101,1-195717,127.795,2
10495-3704,1-548285,480.151,2
8240-12701,1-72781,101.209,0
8240-3701,1-72795,449.693,1
8240-1901,1-72808,101.196,0
10499-1902,1-299973,116.798,0
8095-12702,1-41531,188.571,1
10846-3703,1-1851,143.306,1
8096-12705,1-42669,75.209,0
11955-3701,1-195258,126.372,2
8152-6101,1-300973,178.937,1
10843-9101,1-897,332.553,0
10226-12703,1-36587,98.57,0
8097-12705,1-580957,,0
10214-12703,1-153608,140.37,0
12485-3702,1-415550,143.591,0
10225-6104,1-36566,223.957,1
10514-12703,1-77898,79.222,0
10509-1901,1-173724,114.896,0
10502-3703,1-230930,219.739,1
7979-3702,1-115399,105.923,0
8089-3702,1-120918,322.485,1
10502-3701,1-230672,109.818,0
12512-6104,1-480,157.167,1
11742-6104,1-122197,275.941,1
8088-6101,1-569442,335.336,0
8095-12705,1-42474,289.573,1
11827-3701,1-320328,218.215,1
11006-12704,1-456643,120.141,0
12080-6101,1-35709,173.731,1
12069-1902,1-27742,161.684,1
10514-6102,1-55037,539.632,0
12083-6104,1-116921,376.469,1
7965-9102,1-179636,183.756,1
11941-6104,1-135035,121.461,2
8310-1901,1-519907,127.182,2
7981-9101,1-115863,156.607,1
11979-12704,1-270321,129.037,0
10218-12701,1-412119,222.221,1
10844-12701,1-77934,100.776,0
10226-12701,1-36564,93.803,0
7993-3702,1-42187,203.591,1
8088-3703,1-571888,233.844,1
10514-12704,1-78029,103.033,0
10496-6103,1-122625,162.136,1
10517-6101,1-78715,224.72,1
8327-12705,1-575741,256.936,0
8152-12703,1-232137,70.873,0
10499-6103,1-230767,85.47,0
8248-12703,1-481860,122.278,0
11838-12701,1-1752,218.107,0
11010-12702,1-568541,300.921,0
10494-3701,1-352409,135.357,0
8075-1902,1-638093,152.485,0
11018-12705,1-576557,424.717,1
8314-12703,1-248638,231.236,0
10495-9102,1-45514,474.555,1
7961-12705,1-547565,208.634,0
10222-12701,1-50542,72.645,2
8095-6103,1-41704,117.319,2
12069-6104,1-106338,243.316,0
8245-6103,1-463460,145.719,2
10226-9101,1-36197,503.494,0
10225-3703,1-547903,287.473,1
8986-12701,1-556524,248.502,0
8986-12702,1-164077,193.305,0
8986-12703,1-146107,155.58,1
8986-12704,1-146246,313.97,2
8986-12705,1-164063,98.641,0
8986-1901,1-146171,297.619,1
8986-1902,1-164074,98.041,0
8986-3701,1-145900,98.267,0
8986-3702,1-146129,60.974,0
8986-3703,1-146138,171.954,1
8986-3704,1-145926,114.339,2
8986-6101,1-163987,113.422,0
8986-6102,1-163980,95.539,0
8986-6103,1-556523,306.455,0
8986-6104,1-146352,191.051,2
8986-9101,1-164021,91.912,0
8986-9102,1-146142,191.415,1
12484-6102,1-402704,137.971,0
11760-6104,1-233576,403.573,0
11946-6103,1-634144,251.042,1
11946-12704,1-135739,252.083,1
11761-3701,1-195343,126.021,0
11872-12702,1-150343,248.125,1
11975-3704,1-270445,235.471,0
12081-12702,1-35869,175.709,1
11755-3704,54-52,8.526,0
11828-12705,1-80514,52.309,2
11863-6102,1-622417,333.59,0
11943-1902,1-210718,115.579,0
11957-9102,1-576021,180.944,1
11982-3702,1-96265,93.53,0
12073-6104,1-32633,184.513,2
12093-12703,1-40776,162.492,1
12506-6104,1-83063,116.047,0
8988-12701,1-401437,88.499,0
8988-12702,1-397647,,0
8988-12703,1-397212,202.386,1
8988-12704,1-397224,240.664,1
8988-12705,1-397639,124.444,2
8988-1901,1-397643,89.008,0
8988-1902,1-397792,159.035,1
8988-3701,1-399194,100.957,2
8988-3702,1-397697,98.143,0
8988-3703,1-397651,96.011,0
8988-3704,1-399258,102.487,0
8988-6101,1-401440,97.885,0
8988-6102,1-397613,298.005,0
8988-6103,1-397739,273.2,0
8988-6104,1-590142,156.983,0
8988-9101,1-282472,348.108,1
8988-9102,1-397773,265.793,1
11831-3703,1-152243,220.249,0
10838-6103,1-301504,96.439,0
10846-1901,1-1439,142.374,2
11010-1902,1-522278,177.086,1
8087-12705,1-119373,113.507,0
10515-3703,1-585742,,0
7993-6104,1-42221,250.611,0
10512-9102,1-605657,112.405,0
11835-12705,1-70173,316.26,0
11022-12703,1-83138,117.737,0
7979-12705,1-115232,117.512,2
8095-12701,1-41561,187.053,1
11830-6102,1-234250,106.178,0
8327-12703,1-285989,162.105,1
10226-3703,1-36392,86.396,0
11742-3703,1-584896,123.114,0
10515-9102,1-78580,146.367,0
11749-12705,1-567443,550.424,1
8248-1901,1-482004,127.84,2
8088-12701,1-120369,110.607,0
12488-9101,1-386400,178.828,2
10494-12702,1-352560,452.156,0
7963-1901,1-178916,341.935,0
10499-12701,1-605451,92.859,0
10499-3701,1-299468,90.602,0
10842-1902,58-44,363.853,0
11867-3704,1-53854,213.996,1
8324-1901,1-285062,115.522,0
10505-9101,1-300604,179.106,1
10516-9101,1-60723,95.386,0
11963-1902,1-335507,141.074,0
10497-3703,1-412398,69.567,0
10518-6101,1-182093,473.875,1
10222-12705,1-50801,184.664,1
8097-6103,1-558606,457.364,1
10492-12702,1-380097,116.374,0
8079-6101,1-37196,96.577,0
8245-3701,1-462984,107.906,2
11004-3702,1-457248,84.655,0
7979-1901,1-115212,464.362,0
8088-3704,1-120829,109.027,0
8075-6101,1-119684,176.278,1
10495-3701,1-45554,219.759,1
7963-3702,1-179024,414.946,1
11010-3702,1-522064,93.828,0
11760-12702,1-233454,165.635,1
8093-9101,1-41141,479.288,1
8248-12701,1-481814,215.876,1
10502-3704,1-231174,214.812,1
8328-3703,1-575756,477.344,0
10516-3701,1-60689,186.264,1
10220-6103,1-604951,162.582,0
10843-6102,1-944,266.162,0
8089-6101,1-120697,75.917,0
12518-3702,1-2739,136.347,0
11018-12701,1-233925,200.694,1
11011-9102,1-197650,469.682,0
12066-6101,1-26020,117.347,0
10495-6101,1-548290,216.105,0
11979-9102,1-273041,134.567,0
12087-3704,1-117799,326.256,1
7981-6103,1-116081,101.511,0
8095-12703,1-42455,104.952,0
10513-1901,1-53985,75.753,2
10512-3703,1-77011,115.69,2
11004-6104,1-624911,98.519,0
10217-9101,1-458705,126.11,2
10497-12703,1-383040,186.614,1
8248-12705,1-482554,119.155,2
8095-3704,1-42390,461.245,1
8310-9102,1-516581,526.327,1
7993-12704,1-42230,172.913,0
11942-1901,54-55,,0
8260-6101,1-281126,98.469,0
8096-3703,1-42308,72.145,0
10497-3701,1-383151,166.81,1
8091-3701,1-39811,315.269,0
11748-3703,1-605719,100.044,0
10223-6104,1-35870,172.843,1
10493-3704,1-46056,133.958,2
12080-12701,1-35671,247.505,1
10512-6102,1-77060,120.42,0
10226-3701,1-36560,92.748,2
11749-3702,1-387445,254.392,0
8994-12701,1-148581,106.56,0
8994-12702,1-148582,177.139,1
8994-12703,1-186604,107.929,0
8994-12704,1-148547,107.258,0
8994-12705,1-148691,135.973,0
8994-1901,1-148536,193.428,1
8994-1902,1-148756,111.633,0
8994-3701,1-186329,196.342,1
8994-3702,1-148554,178.459,1
8994-3703,1-148530,189.006,1
8994-3704,1-148557,184.672,1
8994-6101,1-148754,110.502,2
8994-6102,1-148512,193.745,0
8994-6103,1-148527,186.962,1
8994-6104,1-148668,96.481,0
8994-9101,1-148489,186.407,1
8994-9102,1-148685,99.041,0
8095-9101,1-602630,103.374,0
10508-3701,1-175599,334.503,1
10500-12702,1-300363,259.433,1
10515-12704,1-78377,126.58,0
8248-12702,1-585474,118.071,0
8310-12702,1-494684,109.775,0
11978-3704,1-294599,96.899,0
11955-3704,1-195241,160.096,1
10502-3702,1-230707,211.848,1
12518-12703,1-2988,212.316,1
12070-3702,1-27880,,0
8091-3702,1-572738,315.166,0
8095-6102,1-558603,103.444,0
11939-6102,1-456513,100.769,0
8157-1901,1-41760,115.474,0
8260-6102,1-281886,221.453,2
10217-3704,1-458682,245.412,1
10213-3701,1-72733,534.898,1
11946-3702,1-634115,247.17,1
10220-1901,1-153127,76.192,0
7993-6103,1-42197,108.95,0
10841-3703,1-77675,353.333,1
8096-6102,1-42717,67.487,0
10226-9102,1-36420,225.288,0
10494-3702,1-379941,140.606,1
10843-3704,1-762,252.325,0
7980-3704,1-115380,103.224,0
11944-6104,1-200602,131.503,0
10520-9101,1-183065,180.179,1
11952-12702,1-325866,161.95,1
8148-6103,1-146026,97.292,0
8157-9101,1-41828,187.334,1
12071-12701,1-28686,108.023,0
10841-6101,1-54586,210.17,1
10516-3702,1-60715,96.913,0
8092-6102,1-40719,230.778,1
11752-9101,1-54471,299.971,2
12512-9102,1-92,93.136,2
8240-6102,1-122919,59.68,0
8092-12703,1-40833,161.711,0
10213-6104,1-72562,263.179,0
8087-6102,1-570592,409.958,1
7961-12704,1-547544,192.845,1
8260-9101,1-258373,158.733,0
11832-12704,1-176258,171.602,1
10222-3703,1-50622,130.71,0
10493-1902,1-352023,162.759,1
11836-12705,1-1151,187.176,1
8157-12704,1-41749,110.162,2
8260-6104,1-281828,99.274,0
10217-1902,1-458676,209.614,1
8998-12701,1-173385,124.227,0
8998-12702,1-173605,119.935,0
8998-12703,1-173592,,0
8998-12704,1-173652,94.443,0
8998-12705,1-173641,295.519,0
8998-1901,1-173446,93.619,0
8998-1902,1-277370,97.678,0
8998-3701,1-173490,171.08,1
8998-3702,1-173625,96.328,0
8998-3703,1-173626,93.464,0
8998-3704,1-173425,95.352,2
8998-6101,1-173583,119.988,0
8998-6102,1-173444,92.689,0
8998-6103,1-173633,95.487,0
8998-6104,1-173413,94.67,0
8998-9101,1-173442,162.093,1
8998-9102,1-277375,161.901,1
12511-12703,1-53392,222.902,1
10493-6102,1-351971,249.085,1
10496-1901,1-122869,245.916,1
12511-12704,1-53544,80.004,0
8152-3704,1-301288,88.051,0
10501-6104,1-300126,337.375,1
10222-6104,1-50515,315.255,0
8089-9102,1-39107,77.699,0
7979-12702,1-115158,119.976,0
8088-12702,1-120663,79.207,0
10838-9101,1-301321,209.217,1
10223-12704,1-108881,,0
8091-12703,1-39802,308.248,1
10509-3704,1-278191,152.656,0
11004-3704,1-568566,104.236,0
10498-12701,1-385339,155.688,1
12511-1901,1-53681,234.758,1
11979-6101,1-270298,202.036,2
10509-3701,1-278159,103.287,2
12069-3704,1-106251,220.76,0
10213-1901,1-72595,103.973,0
11836-3701,1-1258,187.42,1
8327-12704,1-250870,263.879,1
10493-9101,1-548337,77.406,0
10506-12704,1-232047,74.891,0
8096-12704,1-580933,69.355,0
10214-9101,1-153357,142.619,0
10213-3704,1-72719,483.16,0
11835-9102,1-83002,118.371,0
10505-3701,1-300705,255.688,1
10516-1902,1-60719,97.492,0
11957-12703,1-151637,216.514,1
10499-3702,1-299674,203.635,1
10217-12702,1-411980,209.09,1
9001-12701,1-148841,446.178,0
9001-12702,1-612718,193.777,1
9001-12703,1-149603,319.315,1
9001-12704,1-149109,91.284,0
9001-12705,1-149284,496.381,1
9001-1901,1-148918,96.837,0
9001-1902,1-149329,112.459,0
9001-3701,1-148907,96.346,0
9001-3702,1-149051,278.498,1
9001-3703,1-149116,110.975,0
9001-3704,1-149228,118.22,0
9001-6101,1-149066,92.645,0
9001-6102,1-148892,97.62,0
9001-6103,1-149105,95.159,0
9001-6104,1-149323,112.567,0
9001-9101,1-148921,97.592,0
9001-9102,1-186744,92.39,0
12078-12704,1-35523,509.659,0
11946-6101,1-211563,415.306,1
11868-3702,1-270216,188.046,1
11823-6101,1-543765,518.882,2
11939-12701,1-456774,97.877,0
11978-12705,1-634114,132.63,0
12082-9101,54-21,,0
11757-3703,1-270242,237.06,0
11830-12704,1-576544,126.873,0
11865-6102,1-61142,96.38,2
11944-1901,1-200530,287.675,1
11958-9101,1-68467,174.453,1
11983-3701,1-22450,70.205,0
12075-12701,1-33805,187.855,0
12094-12705,1-40745,218.746,1
12510-6103,1-10797,313.028,1
11954-6102,1-152073,395.275,1
10221-12703,1-230023,67.791,0
11955-12701,1-195378,100.606,0
10217-12701,1-382566,209.628,1
10496-9102,1-122507,171.005,1
10507-12703,1-617570,225.624,1
11742-3701,1-153995,267.799,1
11019-12704,1-152000,225.425,1
10508-9101,1-150586,250.206,0
10517-6102,1-586066,127.345,0
11016-12701,1-196890,171.2,1
11747-6103,1-230825,317.993,0
8092-9102,1-40621,483.007,0
8148-12703,1-145978,358.078,1
12506-12701,1-82432,128.125,0
11942-12701,1-210355,140.593,0
11022-6103,1-368442,240.743,1
10225-9101,1-36548,523.955,1
10517-12705,1-78820,555.618,1
12082-1902,1-36359,181.822,1
10509-1902,1-278195,94.9,0
8091-1902,1-40058,206.022,1
10498-3702,1-299570,380.94,2
10223-12702,1-35586,181.167,1
7965-12703,1-179781,510.774,1
11752-9102,1-54435,331.116,1
8087-6101,1-118970,448.911,0
10500-1901,1-300464,204.194,0
7980-6101,1-115274,276.769,1
8091-6101,1-39766,164.902,0
10509-12703,1-613473,31.28,0
11984-12705,1-324693,,1
8310-3701,1-495383,217.163,1
10220-9101,1-201969,153.934,2
11834-12705,1-549301,178.198,0
11867-3701,1-53488,81.44,0
11984-3702,1-324877,236.893,1
11954-1901,1-195235,101.759,0
11823-9101,1-543416,207.689,2
11866-3703,54-47,,0
11975-6104,1-543599,226.359,1
12081-1901,1-35723,175.816,1
11757-3701,1-270207,178.264,1
11830-12702,1-623986,117.883,0
11865-3704,1-2653,390.999,1
11944-12704,1-200510,282.879,0
11958-6103,1-627746,126.507,0
11983-1901,1-22648,145.772,2
12074-9101,1-33505,194.004,2
12094-12703,1-40566,196.213,0
12510-6101,1-159436,349.649,1
7980-12705,1-115367,102.384,0
11872-3704,1-150768,214.2,1
10501-12701,1-231133,216.023,0
8075-3703,1-119871,86.444,0
8240-3703,1-123185,498.24,1
7965-1901,1-179705,195.459,1
11752-1901,1-54632,106.709,2
7979-12701,1-115365,108.892,0
8148-1902,1-201354,116.505,0
8310-12705,1-495360,89.008,0
10837-1902,1-3327,95.6,0
11021-12703,1-196110,159.783,1
12484-6101,1-402715,454.837,1
8148-3702,1-145871,264.683,1
12092-12703,1-40167,168.304,1
11838-3703,1-61173,379.448,0
11012-12703,1-245560,176.504,1
10508-12702,1-150962,125.626,0
11747-3702,1-230593,532.463,1
8245-12702,1-567244,145.612,0
10225-12702,1-36522,,0
8087-3703,1-119410,490.316,0
12512-6102,1-53,463.915,1
10222-3701,1-50529,235.52,1
10497-3702,1-605013,68.16,0
8079-9102,1-37192,182.964,1
10513-3703,1-54115,74.689,0
10838-12701,1-389438,96.589,0
12068-12703,1-27443,226.985,1
10511-1901,1-213789,62.484,0
10496-3704,1-122768,228.279,1
10503-12705,1-560323,276.216,0
8327-3701,1-250810,314.878,1
11962-6104,1-364106,192.185,1
11963-12704,1-336081,183.933,1
11952-6102,1-325871,151.747,2
11975-12701,1-634149,97.515,2
11761-3702,1-195344,435.091,1
11872-12703,1-188987,209.369,0
11975-6101,1-270469,190.444,1
12081-12703,1-35814,177.32,1
11757-1901,1-270185,176.251,1
11828-9102,1-80572,94.874,0
11865-3701,1-2333,97.912,0
11944-12702,1-200103,162.915,1
11958-6101,1-144470,137.95,0
11983-12704,1-23204,297.552,0
12074-6102,1-108080,426.982,1
12094-12701,1-601909,162.674,1
12510-3703,1-549479,343.341,0
9030-12701,1-269204,369.241,1
9030-12702,1-269165,196.95,1
9030-12703,1-269313,200.088,0
9030-12704,1-269248,203.657,1
9030-12705,1-269102,221.395,0
9030-1901,1-269009,114.086,2
9030-1902,1-297172,103.637,0
9030-3701,1-633722,197.409,0
9030-3702,1-268822,229.173,1
9030-3703,1-561331,206.319,0
9030-3704,1-269099,136.541,0
9030-6101,1-269109,367.629,0
9030-6102,1-269119,370.3,1
9030-6103,1-269131,217.205,1
9030-6104,1-272305,97.12,0
9030-9101,1-296928,481.558,0
9030-9102,1-272178,253.551,1
11743-3701,1-557063,127.388,2
11824-12703,1-369352,328.626,2
12068-9101,1-27376,239.92,1
10505-6101,1-300600,101.466,0
10217-3701,1-459044,206.705,1
10516-6102,1-60709,98.551,0
10509-3702,1-277533,107.979,0
11944-6102,1-200514,277.211,1
8248-3701,1-481320,117.586,2
10217-3702,1-556959,215.563,1
10213-12703,1-44990,158.651,1
11978-6101,1-294376,133.026,2
10494-12705,1-352635,107.058,2
10507-6104,1-174945,137.063,0
11823-6103,1-543413,294.266,2
10517-3703,1-78688,58.768,2
10510-1902,58-46,,0
9032-12701,1-268479,188.419,0
9032-12702,1-268786,229.252,1
9032-12703,1-268862,350.787,1
9032-12704,1-268986,126.39,2
9032-12705,1-297126,368.072,1
9032-1901,1-560758,129.758,2
9032-1902,1-269003,62.749,2
9032-3701,1-633476,135.795,0
9032-3702,1-560759,228.819,0
9032-3703,1-268956,223.522,1
9032-3704,1-268826,229.283,1
9032-6101,1-268785,199.376,0
9032-6102,1-268789,244.472,1
9032-6103,1-297084,246.718,1
9032-6104,1-268764,94.176,0
9032-9101,1-268854,294.143,1
9032-9102,1-633719,94.834,0
8087-9101,1-119212,175.213,0
10213-12701,1-72673,532.806,1
10517-9101,1-78627,180.924,1
8097-9101,1-42421,258.437,1
10516-1901,1-60713,101.675,0
8327-1902,1-250784,146.168,0
10497-1902,1-412272,187.74,1
7965-6102,1-635481,139.981,0
11022-6102,1-83113,116.013,0
10226-6102,1-548401,247.257,1
12514-12702,1-67044,146.626,0
10221-12705,1-298555,60.124,0
8088-6104,1-120779,447.303,0
10494-3703,1-379877,135.703,0
8240-9102,1-72950,534.958,2
11004-3703,1-457017,161.012,0
11010-3703,1-522231,295.371,1
10500-12703,1-300461,61.883,0
7978-3703,1-115376,118.511,2
10516-12705,1-60706,,0
12511-9101,1-53327,175.335,1
10218-3704,1-412176,122.633,0
10497-1901,1-412352,170.905,1
7965-6103,1-191503,247.355,0
12484-12702,1-409473,102.037,0
8240-6101,1-122926,102.667,0
10495-6102,1-45702,226.854,1
11747-9101,1-230917,210.971,1
11978-12703,1-294860,167.764,0
10508-6103,1-150947,339.541,2
10516-6103,1-78764,402.075,1
10218-12704,1-584678,73.109,0
10226-12704,1-36593,223.029,1
11024-12701,1-10425,417.437,2
10226-6101,1-603668,,0
11867-9101,1-53870,224.518,1
10218-1901,1-382318,95.873,0
8075-9101,1-119278,298.298,0
11024-12704,1-159391,95.072,0
10220-3701,1-201961,163.573,1
12485-6101,1-419098,454.44,1
10520-9102,1-79606,190.197,0
12069-12702,1-636443,70.055,0
10508-6102,1-151019,341.119,0
12484-12701,1-409446,212.262,1
11758-9101,1-625736,129.772,2
10505-1902,1-567457,91.697,0
10517-12701,1-182178,58.28,0
11752-3702,1-54629,155.315,0
8093-12702,1-41160,153.134,1
11745-6101,1-123217,190.739,0
8327-3702,1-286081,155.01,0
11834-3704,1-14136,529.269,0
11939-1902,1-456771,102.643,2
10222-3702,1-50577,140.296,0
11744-6104,1-459409,394.704,1
11744-12703,1-411968,227.166,0
10501-3704,1-300264,265.445,1
8087-12704,1-637857,112.223,0
10223-12701,1-551444,445.806,2
8089-6103,1-120872,236.0,1
7963-12704,1-179246,214.939,1
11016-12703,1-197191,193.016,0
11836-12701,1-606806,138.837,0
8079-12705,1-603793,273.419,1
11824-6103,1-368873,260.998,1
8310-3702,1-495856,94.697,0
10837-6103,1-559229,445.588,0
10510-6103,1-617445,84.139,0
11939-3701,1-456391,99.867,0
10513-12704,1-54539,104.482,2
11823-9102,1-550868,389.154,0
11010-12701,1-518572,146.24,0
10509-12702,1-278113,151.674,0
7980-9102,1-115371,118.089,0
8327-3704,1-575742,252.002,2
8240-9101,1-72806,102.962,0
10510-3702,1-189212,491.878,1
12511-6102,1-53257,289.364,0
7979-12703,1-115334,108.073,0
10507-12702,1-280229,157.005,1
11955-3702,1-195268,122.86,0
8152-3703,1-232087,118.368,0
8310-12701,1-495026,96.975,0
8328-6101,1-286287,477.089,2
8148-12704,1-145988,71.559,0
8328-12703,1-592344,169.367,1
8092-6101,1-40710,245.688,0
7965-6101,1-179597,184.543,0
12071-1901,1-551121,177.048,2
11012-12701,1-244998,279.13,1
11866-12702,1-55513,136.286,2
7981-12704,1-636425,101.853,0
10513-12702,1-605833,103.313,0
10513-6102,1-54314,228.575,1
7963-3704,1-178894,219.421,1
11749-12704,1-605792,208.023,0
10493-6103,1-352292,519.521,0
10514-1901,1-77742,101.305,0
8248-3704,1-482580,109.389,0
10502-9102,1-231008,414.275,1
8327-9101,1-575744,250.693,2
7978-9102,1-115353,101.997,0
8091-3704,1-39830,320.851,1
8324-12702,1-284982,126.972,0
10839-6102,1-52814,216.449,0
8096-12702,1-558599,73.88,0
10214-6102,1-136426,220.72,1
7965-3701,1-550887,212.223,1
7993-12702,1-42184,204.897,0
10494-9101,1-379814,131.49,2
10220-12705,1-201934,157.086,0
10838-9102,1-389389,178.445,1
7993-12705,1-42053,187.358,1
8093-12703,1-41257,155.207,0
10510-3704,1-189376,83.885,0
11758-3702,1-319368,129.749,0
10498-6103,1-299532,341.301,0
10220-9102,1-136333,75.236,0
9040-12701,1-296690,135.596,0
9040-12702,1-265814,214.887,1
9040-12703,1-296644,108.241,0
9040-12704,1-296466,207.394,1
9040-12705,1-296440,216.828,1
9040-1901,1-296799,131.924,2
9040-1902,1-296398,201.373,1
9040-3701,1-269740,373.289,0
9040-3702,1-296812,129.163,2
9040-3703,1-269412,162.25,1
9040-3704,1-296119,176.546,1
9040-6101,1-633819,139.502,0
9040-6102,1-296659,269.687,0
9040-6103,1-633805,136.433,0
9040-6104,1-296599,141.358,0
9040-9101,1-296621,488.498,1
9040-9102,1-296537,263.001,1
11945-12705,1-95220,219.347,1
12483-9101,1-405457,94.107,2
11984-6101,1-270739,204.404,0
11952-3701,1-325636,150.275,1
11760-6102,1-233108,163.434,1
11872-3702,1-189081,213.138,1
11978-12701,1-294537,252.919,1
12082-3704,1-36351,157.922,0
11757-6101,1-543686,281.193,1
11830-1901,1-152337,110.55,0
11865-6104,1-61134,216.146,1
11944-3701,1-248538,156.202,1
11962-12701,1-566344,461.086,1
11983-3703,1-22542,148.702,1
12075-12703,1-34149,75.256,0
12094-1902,1-39922,162.48,0
12510-9101,1-159357,91.759,2
11760-9101,1-233444,163.596,0
12066-12705,1-635845,274.011,2
12079-6101,1-35362,176.637,0
12488-1901,1-386394,174.823,1
11758-1902,1-196390,128.447,2
11871-6101,1-455687,101.637,0
11977-1901,54-84,,0
12081-6103,1-35905,173.941,1
11757-1902,1-272795,234.433,1
11830-12701,1-591343,161.023,0
11865-3703,1-2589,96.103,0
11944-12703,1-200614,70.29,0
11958-6102,1-144455,97.457,0
11983-12705,1-23179,333.822,0
12074-6104,1-33758,77.771,2
12094-12702,1-40793,244.659,1
12510-3704,1-159682,96.023,0
7993-9102,1-42070,249.701,0
10218-12702,1-604851,121.031,0
8157-9102,1-41922,103.129,0
8314-12702,1-594165,132.456,2
12084-12701,1-117122,162.202,1
10226-6103,1-36571,89.172,0
12487-3704,1-386996,144.734,0
8087-12702,1-570609,268.509,1
8148-6104,1-146104,93.414,0
8321-12703,1-401670,94.309,0
10511-6104,1-214296,379.684,1
7980-6103,1-115427,112.184,0
8092-12701,1-41092,159.779,0
10513-6103,1-54129,104.204,0
8157-3702,1-41750,499.501,2
10498-3704,1-385342,184.175,1
10220-12704,1-136450,184.168,1
10514-12702,1-77735,118.808,2
10503-12704,1-80003,120.816,0
10501-3703,1-231412,188.503,1
8327-1901,1-250809,144.873,1
10512-6101,1-77016,115.846,0
8157-12701,1-42158,110.751,0
10519-12702,1-79095,179.349,1
10502-1901,1-605335,109.404,0
11022-12705,1-83165,339.353,1
11006-1902,1-456942,97.753,0
10214-6104,1-153723,101.494,0
7980-3703,1-115415,113.801,0
8097-6104,1-42763,277.284,1
11939-6101,1-456766,103.075,0
12488-3703,1-386892,97.513,0
10226-1901,1-36417,87.902,0
10842-12704,1-605818,119.68,0
10515-1901,1-181880,103.911,0
10512-3701,1-76957,471.667,1
7963-12703,1-179210,201.666,0
8096-6104,1-42689,72.245,2
7993-3701,1-42007,247.291,1
7963-3703,1-179173,218.584,1
10218-3701,1-382312,192.163,1
10494-12703,1-584830,137.251,2
11983-6104,1-23274,152.566,1
10220-3702,1-201956,284.275,1
11826-1902,1-401122,100.193,0
8079-12704,1-37069,118.961,0
8088-12703,1-120817,330.24,1
10507-6101,1-280180,142.001,0
11833-3702,1-175853,132.264,0
10517-6103,1-78638,58.729,0
11752-6104,1-605957,111.819,0
9046-12701,1-559171,457.231,1
9046-12702,1-296414,136.61,0
9046-12703,1-296301,391.069,1
9046-12704,1-295671,500.325,2
9046-12705,1-296298,,1
9046-1901,1-633776,138.79,0
9046-1902,1-265495,496.533,1
9046-3701,1-295681,177.319,1
9046-3702,1-633824,137.978,0
9046-3703,1-295307,155.547,1
9046-3704,1-295761,199.274,1
9046-6101,1-295644,405.586,2
9046-6102,1-295684,541.726,1
9046-6103,1-296277,204.621,0
9046-6104,1-295787,496.785,2
9046-9101,1-296174,292.416,0
9046-9102,1-296538,435.996,1
11744-12702,1-459618,126.648,2
11963-9101,1-336001,185.585,1
10518-12701,1-182089,312.929,1
8328-3701,1-286772,171.071,1
8079-12701,1-36893,101.02,0
12485-12705,1-415295,155.068,1
10214-12702,1-548430,332.937,1
8093-6104,1-41014,230.926,1
10495-12705,1-46266,203.567,1
8324-1902,1-284505,123.064,2
10512-1901,1-76995,117.125,0
8075-6104,1-119904,157.376,1
8091-12702,1-39759,503.68,1
10514-3701,1-54979,81.886,0
10500-3704,1-386889,437.678,1
10499-12705,1-299713,114.378,0
8324-6104,1-575726,236.793,1
8321-3702,1-404141,80.238,0
10213-12704,1-72607,321.359,0
8314-12705,1-248848,132.706,0
8240-6104,1-122990,105.089,0
10508-12704,1-150938,58.307,0
7961-6101,1-561231,196.165,1
7979-1902,1-115262,277.046,1
8089-12704,1-120892,237.036,1
8088-3701,1-120450,185.384,1
10843-6103,1-908,71.875,0
11743-9101,1-458697,206.314,1
12082-6102,1-36361,205.199,0
8097-12701,1-558624,297.747,2
11833-12701,1-151303,172.962,1
8245-3704,1-462964,133.269,0
8260-12702,1-281907,101.368,0
10222-6101,1-582721,128.141,2
12078-12703,1-603098,100.137,2
11831-9101,1-576580,110.449,0
12066-3702,1-26031,431.432,0
12080-3702,1-35271,173.261,1
11823-6104,1-324358,222.132,0
11939-12702,1-456449,90.235,0
11962-6102,1-364053,167.824,0
12078-12701,1-603032,120.0,2
11757-3702,1-270170,272.746,1
11830-12703,1-591433,126.92,0
11865-6101,1-2431,146.154,0
11944-12705,1-200463,272.263,0
11958-6104,1-68605,265.345,1
11983-1902,1-22572,148.94,1
12074-9102,1-33835,199.661,1
12094-12704,1-40577,190.68,1
12510-6102,1-10850,158.817,1
12518-6102,1-2469,338.006,1
11014-9101,1-455722,98.876,0
8091-9101,1-39615,133.793,0
11824-1902,1-83455,117.923,0
11759-3703,1-323,86.926,0
11016-9102,1-196844,113.343,0
8248-3703,1-605726,135.115,0
10515-9101,1-78361,86.86,0
10217-6102,1-412043,199.435,1
10502-6101,1-230524,317.078,1
12514-6103,1-66643,125.327,2
7963-12705,1-179170,348.074,1
10493-3701,1-352102,287.938,0
10516-12703,1-78765,181.463,1
11823-6102,1-269886,286.909,1
10838-3703,1-301609,94.97,0
11004-1901,1-457247,108.481,0
8095-1902,1-41541,189.863,2
8075-12701,1-638130,153.417,0
8089-3704,1-39056,530.367,0
10501-9102,1-605544,222.556,0
12518-3704,1-2880,81.383,0
11979-12702,1-273092,143.289,0
11011-1901,1-197406,115.518,0
10498-3703,1-299571,239.55,1
8157-6102,1-41801,260.024,1
11022-12702,1-82900,98.058,0
11743-12701,1-458686,125.684,2
7980-12703,1-115405,113.165,0
8093-3702,1-563951,159.944,2
10509-12704,1-576122,427.733,0
12490-12702,1-138298,165.731,1
10517-9102,1-78858,98.971,0
8321-6101,1-404179,85.954,0
9086-12701,1-318397,135.889,0
9086-12702,1-317823,179.06,1
9086-12703,1-265530,311.426,1
9086-12704,1-265551,179.747,1
9086-12705,1-296030,161.721,1
9086-1901,1-318122,179.395,1
9086-1902,1-318137,195.575,1
9086-3701,1-317860,178.429,1
9086-3702,1-317878,137.503,2
9086-3703,1-295953,132.66,2
9086-3704,1-317857,163.197,1
9086-6101,1-318474,475.919,2
9086-6102,1-318141,169.387,1
9086-6103,1-318128,174.291,0
9086-6104,1-318370,133.746,2
9086-9101,1-265548,174.911,0
9086-9102,1-295998,468.184,1
9087-12701,1-376312,168.378,0
9087-12702,1-376355,142.168,1
9087-12703,1-317981,156.248,1
9087-12704,1-633593,127.132,0
9087-12705,1-446131,133.617,0
9087-1901,1-376195,134.241,0
9087-1902,1-376323,137.559,2
9087-3701,1-376344,128.669,0
9087-3702,1-317979,156.801,1
9087-3703,1-376341,220.362,0
9087-3704,1-633628,131.868,2
9087-6101,1-443132,168.898,0
9087-6102,1-376388,357.777,0
9087-6103,1-376166,232.749,0
9087-6104,1-376179,137.437,0
9087-9101,1-376071,211.762,0
9087-9102,1-317951,137.682,2
12512-12702,1-585711,214.141,2
11748-1902,1-386961,95.027,0
8093-1901,1-41022,85.236,0
10837-3703,1-3087,478.833,2
10514-1902,1-55065,248.127,0
12514-1902,1-10263,86.933,0
11022-6104,1-83151,250.917,1
10506-1902,1-605804,96.666,0
8091-9102,1-572748,316.558,0
10517-1901,1-182337,101.684,2
12518-3701,1-2937,82.512,0
10221-12704,1-605125,61.849,0
10842-12701,1-77565,,0
10495-12703,1-548314,487.601,1
12518-6103,1-2604,96.908,0
10511-12705,1-585278,116.194,0
10496-12704,1-122711,160.821,0
9089-12701,1-376168,258.16,1
9089-12702,1-318105,143.485,0
9089-12703,1-318146,175.99,0
9089-12704,1-318089,135.309,0
9089-12705,1-594190,132.346,0
9089-1901,1-376342,116.512,2
9089-1902,1-317862,414.991,2
9089-3701,1-376321,130.471,0
9089-3702,1-318009,178.516,1
9089-3703,1-318069,113.469,0
9089-3704,1-376348,128.048,2
9089-6101,1-376025,126.734,2
9089-6102,1-318024,358.95,1
9089-6103,1-559146,353.254,1
9089-6104,1-317809,202.69,0
9089-9101,1-318145,172.321,1
9089-9102,1-265597,162.017,1
9090-12701,1-561324,416.308,1
9090-12702,1-296681,173.731,1
9090-12703,1-269177,128.638,2
9090-12704,1-296849,107.505,0
9090-12705,1-633755,219.286,0
9090-1901,1-296900,192.988,1
9090-1902,1-296716,107.088,2
9090-3701,1-296733,192.633,0
9090-3702,1-297190,136.819,0
9090-3703,1-269135,137.73,2
9090-3704,1-633775,133.642,0
9090-6101,1-265670,136.537,2
9090-6102,1-296822,142.154,1
9090-6103,1-269055,208.428,1
9090-6104,1-269084,136.862,0
9090-9101,1-633584,310.038,0
9090-9102,1-296801,220.525,0
9091-12701,1-633458,359.238,1
9091-12702,1-265272,367.449,1
9091-12703,1-264729,140.415,2
9091-12704,1-633683,268.009,2
9091-12705,1-265285,263.196,1
9091-1901,1-265375,124.96,2
9091-1902,1-265713,131.019,0
9091-3701,1-317727,359.656,1
9091-3702,1-317791,349.99,0
9091-3703,1-265124,187.533,1
9091-3704,1-318148,171.272,1
9091-6101,1-265134,130.476,0
9091-6102,1-633545,203.246,0
9091-6103,1-264682,103.14,0
9091-6104,1-265783,135.696,0
9091-9101,1-265247,103.383,0
9091-9102,1-265474,268.936,1
9092-12701,1-317568,284.407,1
9092-12702,1-633414,284.428,0
9092-12703,1-548979,194.55,1
9092-12704,1-318071,356.015,2
9092-12705,1-633549,140.904,2
9092-1901,1-317967,146.111,1
9092-1902,1-317962,195.269,1
9092-3701,1-317534,297.421,1
9092-3702,1-375992,172.795,0
9092-3703,1-317471,187.217,0
9092-3704,1-317540,135.075,0
9092-6101,1-318034,200.873,0
9092-6102,1-317560,156.218,1
9092-6103,1-317742,347.068,2
9092-6104,1-559150,343.733,0
9092-9101,34-30,84.963,0
9092-9102,1-317938,138.783,2
9093-12701,1-265338,213.77,1
9093-12702,1-265069,92.502,0
9093-12703,1-296766,208.994,0
9093-12704,1-296922,193.997,1
9093-12705,1-594273,139.46,0
9093-1901,1-265373,128.916,2
9093-1902,1-265646,94.608,0
9093-3701,1-559154,135.506,2
9093-3702,1-633582,104.0,0
9093-3703,1-265671,191.2,1
9093-3704,1-296702,135.834,0
9093-6101,1-561319,492.827,1
9093-6102,1-296732,145.522,2
9093-6103,1-296892,211.215,1
9093-6104,1-296778,114.862,2
9093-9101,1-296771,209.02,1
9093-9102,1-297192,100.589,0
9094-12701,1-317497,190.957,1
9094-12702,1-265226,360.542,0
9094-12703,1-594116,216.701,1
9094-12704,1-559153,408.391,2
9094-12705,1-317783,184.32,1
9094-1901,1-264755,132.638,2
9094-1902,1-265404,370.175,2
9094-3701,1-317653,361.885,2
9094-3702,1-559157,320.577,0
9094-3703,1-265378,133.089,0
9094-3704,1-317694,349.226,1
9094-6101,1-264784,134.398,2
9094-6102,1-264715,347.745,1
9094-6103,1-264815,363.508,0
9094-6104,1-265180,207.153,1
9094-9101,1-317695,348.182,0
9094-9102,1-559149,356.016,0
11759-9102,1-54894,94.901,2
10501-6102,1-300138,188.954,1
8095-12704,1-42340,184.295,1
10221-3703,1-229966,118.494,0
10497-6102,1-412366,406.812,0
8240-6103,1-72797,100.305,0
11754-6103,1-53020,208.284,1
10520-6102,1-79452,119.614,0
12069-6101,1-27680,354.231,1
8314-6103,1-248276,491.856,1
10213-9101,1-44999,98.814,0
10516-9102,1-78752,98.366,0
10507-12704,1-617503,225.287,1
12082-12704,1-36621,94.539,0
8152-6102,1-585622,115.378,0
8095-3703,1-42434,257.789,1
8328-1901,1-235307,169.741,1
10509-3703,1-278183,84.878,0
10223-9102,1-603261,176.127,1
10505-9102,1-300676,90.615,0
8075-3702,1-119740,513.146,2
11004-6101,1-624320,110.493,0
8092-12704,1-563982,484.594,1
10501-3701,1-231281,335.812,1
8148-3704,1-584701,97.346,2
8245-12701,1-464063,109.86,0
11823-3704,1-270221,286.516,1
11759-12701,1-55170,550.431,1
11952-12703,1-325658,143.652,2
8096-9102,1-42311,298.037,0
12490-1901,1-138351,116.387,2
8152-6104,1-301213,116.665,2
10226-12705,1-603667,90.374,2
8314-1902,1-564487,138.498,2
10500-6101,1-300275,130.622,2
8075-3701,1-119742,402.355,1
8157-12705,1-42131,248.176,2
10218-1902,1-382697,154.135,2
10496-1902,1-122783,241.781,1
10214-6103,1-153360,76.538,0
8075-3704,1-119687,168.46,1
7963-6101,1-179227,199.998,0
12488-3701,1-299759,323.391,1
10225-12704,1-36452,174.484,0
12518-1901,1-2668,121.804,2
7978-1902,1-115355,109.541,0
11833-9101,1-175911,197.978,0
10494-6104,1-352538,137.159,0
11872-9102,1-150842,242.872,0
10499-1901,1-299641,,0
11018-6104,1-152133,69.451,0
8157-12702,1-41758,106.382,0
12512-1901,1-286,114.824,0
11953-6101,1-258849,135.767,0
7981-9102,1-115875,369.117,1
10502-6104,1-230987,115.353,2
8152-9101,1-232079,205.555,1
10841-6104,1-77778,98.682,0
8092-6104,1-40850,249.786,0
10497-12702,1-383052,407.17,2
11835-9101,1-82677,117.156,0
12511-3701,1-53093,217.921,1
7978-6104,1-115377,111.868,0
8097-1901,1-42688,185.021,1
11953-1902,1-283550,294.779,2
8248-12704,1-481936,232.232,2
12487-3701,1-386903,111.37,0
10843-3701,1-411,90.359,0
11752-6102,1-54784,212.24,0
8097-12704,1-42480,183.924,1
7961-6103,1-595166,188.525,0
10496-3701,1-122684,476.794,0
8260-9102,1-257910,85.277,0
8248-3702,1-481249,272.911,1
10496-12701,1-122535,250.825,1
8093-12701,1-41030,161.84,1
10496-9101,1-72421,392.281,2
8321-1902,1-457237,88.632,0
11945-3704,1-95697,256.449,0
7981-6102,1-116087,332.504,1
11022-1901,1-83094,237.909,1
10495-12701,1-45571,485.975,1
8240-3702,1-72817,101.232,0
11017-6104,1-319661,276.488,1
8088-12704,1-120798,,1
8324-6101,1-284271,518.479,1
11006-3703,1-456919,99.583,0
8310-6101,1-495366,281.903,0
7978-6102,1-636068,116.64,0
10220-12701,1-153155,78.77,0
8096-3701,1-42373,,0
10214-12701,1-604985,124.186,0
12488-12701,1-299757,182.551,1
7993-6101,1-42180,109.415,2
11978-6102,1-550802,555.599,1
11742-3704,1-154049,214.95,1
11759-9101,1-54873,111.453,0
12079-9101,1-547851,192.217,0
10225-3701,1-36457,171.303,1
11827-12704,1-320748,289.653,0
11826-6102,1-404070,143.237,2
10220-3703,1-201936,161.83,0
9186-12701,1-178065,191.336,1
9186-12702,1-178022,188.116,2
9186-12703,1-178138,125.963,2
9186-12704,1-178180,336.188,1
9186-12705,1-177965,120.121,0
9186-1901,1-178031,157.611,1
9186-1902,1-547551,195.652,1
9186-3701,1-177942,190.934,1
9186-3702,1-178103,128.736,2
9186-3703,1-547596,195.703,1
9186-3704,1-178027,188.133,1
9186-6101,1-178095,130.869,0
9186-6102,1-178497,128.771,0
9186-6103,1-634665,226.556,0
9186-6104,1-178183,189.977,1
9186-9101,1-547548,181.056,0
9186-9102,1-547579,358.746,1
9187-12701,1-96290,495.267,1
9187-12702,1-96597,87.451,0
9187-12703,1-96632,87.279,0
9187-12704,1-595895,122.563,0
9187-12705,1-96747,175.38,1
9187-1901,1-96245,121.486,0
9187-1902,1-96474,85.958,0
9187-3701,1-96537,282.872,1
9187-3702,1-96548,220.979,1
9187-3703,1-96585,115.719,0
9187-3704,1-96475,158.135,1
9187-6101,1-96483,175.543,0
9187-6102,1-595900,96.375,0
9187-6103,1-96589,191.216,0
9187-6104,1-96461,176.119,1
9187-9101,1-96448,116.967,2
9187-9102,1-96469,86.849,0
9188-12701,1-51079,154.24,1
9188-12702,1-50963,135.138,2
9188-12703,1-51128,126.59,0
9188-12704,1-583321,78.67,2
9188-12705,1-51136,57.342,2
9188-1901,1-51001,152.357,0
9188-1902,1-50955,147.692,1
9188-3701,1-51008,59.389,0
9188-3702,1-50956,146.048,0
9188-3703,1-51165,76.106,0
9188-3704,1-50971,127.658,0
9188-6101,1-50949,441.254,0
9188-6102,1-51113,410.71,2
9188-6103,1-51120,130.432,0
9188-6104,1-51118,79.893,2
9188-9101,1-639823,264.875,1
9188-9102,1-50982,99.569,0
9189-12701,1-51314,172.645,1
9189-12702,1-51436,539.116,1
9189-12703,1-51327,81.759,0
9189-12704,1-51329,143.021,2
9189-12705,1-51430,164.24,0
9189-1901,1-51521,176.692,1
9189-1902,1-51568,149.459,1
9189-3701,1-583421,141.978,2
9189-3702,1-51332,159.808,1
9189-3703,1-639142,496.087,0
9189-3704,1-51414,178.523,1
9189-6101,1-639143,517.404,0
9189-6102,1-604068,147.668,0
9189-6103,1-51326,81.208,0
9189-6104,1-51336,169.522,1
9189-9101,1-51296,147.55,0
9189-9102,1-51315,156.743,0
9190-12701,1-51387,74.717,0
9190-12702,1-51369,144.776,0
9190-12703,1-604111,95.173,2
9190-12704,1-51612,158.891,1
9190-12705,1-51348,158.978,1
9190-1901,1-51621,79.136,0
9190-1902,1-51623,77.197,0
9190-3701,1-51539,532.482,1
9190-3702,1-51523,158.471,1
9190-3703,1-51755,95.291,0
9190-3704,1-51616,159.256,1
9190-6101,1-51739,54.895,2
9190-6102,1-51378,144.664,0
9190-6103,1-51610,81.888,0
9190-6104,1-51737,161.561,1
9190-9101,1-51397,228.965,1
9190-9102,1-51727,78.023,0
9191-12701,1-179062,218.63,0
9191-12702,1-635330,129.001,2
9191-12703,1-179083,124.044,0
9191-12704,1-178957,225.111,0
9191-12705,1-635343,128.95,0
9191-1901,1-179028,106.103,2
9191-1902,1-179198,101.688,0
9191-3701,1-178731,130.019,0
9191-3702,1-179024,414.946,1
9191-3703,1-178938,225.45,1
9191-3704,1-178972,226.891,1
9191-6101,1-178745,232.906,1
9191-6102,1-178735,224.961,1
9191-6103,1-376993,419.296,0
9191-6104,1-178988,235.839,0
9191-9101,1-179060,416.947,1
9191-9102,1-179069,127.28,0
9192-12701,1-289694,120.166,0
9192-12702,1-109223,182.679,0
9192-12703,1-37603,123.624,0
9192-12704,1-37601,182.987,0
9192-12705,1-293356,425.88,0
9192-1901,1-37421,134.364,2
9192-1902,1-109206,107.202,0
9192-3701,1-37169,119.764,0
9192-3702,1-37143,161.51,1
9192-3703,1-109275,182.686,1
9192-3704,1-37396,106.31,2
9192-6101,1-37415,123.043,0
9192-6102,1-37418,99.17,2
9192-6103,1-37568,180.619,0
9192-6104,1-37407,117.816,0
9192-9101,1-37409,99.384,2
9192-9102,1-37606,123.734,0
7978-6101,1-115418,117.689,0
11006-6101,1-455637,97.96,2
10507-12705,1-576051,227.72,1
7961-3701,1-547594,320.189,1
8089-12702,1-39024,166.286,1
7981-3702,1-116035,341.473,0
8310-12704,1-495018,114.838,0
11824-3703,1-369413,439.4,1
11953-3701,1-283130,121.781,2
7961-1902,1-177974,122.265,0
10222-9102,1-50641,75.694,0
8092-6103,1-40826,180.779,1
12488-12705,1-299741,90.312,0
10492-12701,1-380045,114.24,2
7963-3701,1-178906,198.237,1
11024-12703,1-159169,97.657,0
10512-6104,1-76920,102.695,0
10838-12704,1-301360,165.052,1
10494-6101,1-352513,174.363,0
10497-6101,1-383135,252.723,1
11939-3704,1-456538,97.561,0
10217-12703,59-80,70.712,0
12490-12703,1-138223,162.929,1
8091-6104,1-39741,232.436,1
7993-9101,1-41752,265.862,1
7981-6101,1-116100,158.817,1
12512-3704,1-79,93.559,0
7978-9101,1-115345,108.106,0
10493-3703,1-352293,79.193,0
10512-12701,1-605601,212.499,0
12078-1901,1-602767,78.012,0
8310-6102,1-495379,267.627,1
11834-6101,1-14039,334.753,2
8075-1901,1-119845,180.209,1
11010-12704,1-522240,90.406,0
12511-6104,1-53536,83.886,0
7979-6104,1-115394,95.243,0
10517-12703,1-78856,259.518,1
10512-12703,1-214751,276.46,1
10214-1901,1-153518,366.363,1
12084-12702,1-117088,110.247,0
10509-12705,1-278185,221.124,1
11022-9101,1-368606,115.279,2
12511-9102,1-53282,83.664,0
10223-12703,1-36004,180.296,1
10508-3703,1-151120,136.597,0
11759-3704,1-321,535.378,0
11939-1901,1-456385,,0
8310-3704,1-495351,59.0,0
8327-6101,1-250811,500.148,1
8324-12704,1-284973,164.986,1
11953-12705,1-283638,61.397,0
11749-3704,1-387482,96.306,0
11743-12704,1-458678,204.799,1
11956-12702,1-151624,168.599,0
10505-3702,1-231866,96.173,0
8260-12705,1-281883,103.76,0
10505-1901,1-300624,203.688,1
11945-1901,1-95223,124.731,0
8152-12701,1-300931,104.081,0
7965-12704,1-289914,517.277,1
10493-3702,1-548340,388.158,0
11952-6104,1-325869,155.282,0
10511-3702,1-213739,150.19,1
11021-12701,1-195230,101.925,0
10502-12701,1-230783,118.21,0
10508-12705,1-150899,236.159,1
9484-12701,1-121566,61.567,0
9484-12702,1-121546,524.487,0
9484-12703,1-153300,135.411,0
9484-12704,1-153332,226.745,1
9484-12705,1-153116,165.979,0
9484-1901,1-121648,331.455,1
9484-1902,1-153284,67.467,0
9484-3701,1-153260,193.055,1
9484-3702,1-121576,290.788,1
9484-3703,1-121604,290.466,1
9484-3704,1-153263,301.464,1
9484-6101,1-153153,77.502,0
9484-6102,1-153279,85.538,0
9484-6103,1-153339,123.216,0
9484-6104,1-548620,311.649,1
9484-9101,1-153293,136.679,0
9484-9102,1-121622,75.754,0
11752-12703,1-54623,106.574,0
10498-9101,1-605458,234.57,0
8245-6101,1-464061,422.279,1
8091-1901,1-39799,79.022,0
11011-3704,1-197647,209.018,1
11742-6102,1-153993,126.994,2
10505-3703,1-300663,98.22,0
8092-3701,1-40870,130.988,2
8157-6104,1-42065,313.991,2
11956-9101,1-151702,71.881,0
7963-12702,1-179071,218.019,1
10837-12701,1-587194,,0
8092-3703,1-40871,158.991,1
7978-12703,1-115357,115.782,0
8248-6101,1-481021,291.901,0
10502-9101,1-230960,208.055,1
8328-6102,1-286746,267.66,0
10843-3702,1-606422,117.564,0
8079-12703,1-37239,182.185,1
7963-1902,1-179096,101.763,0
7980-12702,1-115366,109.353,2
8314-9102,1-200281,162.334,0
12518-6104,1-2921,377.349,0
10499-6104,1-605515,381.715,0
8314-9101,1-248577,76.32,0
11012-12705,1-245524,175.778,0
7961-12701,1-178024,188.917,0
7965-12702,1-179321,195.956,0
7980-6102,1-115317,110.415,0
8097-3703,1-42801,77.963,0
11867-12702,1-53662,218.553,1
8152-12702,1-232092,70.557,0
10223-1902,1-35957,86.431,0
11750-12705,1-397155,101.464,0
7978-3704,1-115346,118.819,0
10510-12702,1-189066,328.1,1
10515-12705,1-78252,131.443,2
7980-3702,1-596696,104.146,0
10501-12704,1-605543,225.445,1
10500-12701,1-231358,516.32,1
12518-12704,1-2999,528.372,0
10223-12705,1-35953,177.772,1
10509-6103,1-173676,107.877,2
10842-9102,1-180998,480.659,2
12514-12703,1-549165,136.135,2
10221-6101,1-229977,89.603,0
8089-1902,1-39063,322.41,2
10510-6101,1-189473,210.03,1
8328-12705,1-286316,180.824,1
10498-6102,1-385347,524.945,1
11021-6102,1-195845,266.69,1
8152-6103,1-232411,115.168,0
10500-3701,1-386851,434.181,2
10217-1901,1-458692,124.576,0
11014-9102,1-456917,95.181,0
10494-9102,1-379865,131.317,2
10494-1902,1-379503,105.001,0
10516-12701,1-60653,100.439,0
8079-3701,1-36975,185.859,1
10516-3703,1-78766,121.133,0
12070-6104,1-28191,70.547,0
12514-3703,1-66619,316.927,1
10221-3704,1-230070,167.336,1
8087-6104,1-119315,504.255,1
10507-3701,1-280132,114.125,0
8245-12703,1-464461,153.121,0
10500-3703,1-300401,204.445,1
8321-9101,1-403634,110.616,0
9489-12701,1-384246,370.459,2
9489-12702,1-383753,64.375,0
9489-12703,1-383806,183.055,1
9489-12704,1-556819,61.346,0
9489-12705,1-384253,111.955,0
9489-1901,1-412812,67.287,0
9489-1902,1-384147,98.237,0
9489-3701,1-412566,185.548,1
9489-3702,1-383812,71.692,0
9489-3703,1-605216,93.922,0
9489-3704,41-95,73.201,0
9489-6101,1-384186,65.105,0
9489-6102,1-383751,183.849,1
9489-6103,1-584895,67.509,2
9489-6104,1-605215,86.084,2
9489-9101,1-384256,72.019,0
9489-9102,1-384185,70.468,0
7980-6104,1-115417,107.519,0
10519-12701,1-608154,279.662,1
12490-3702,1-138181,207.112,2
10507-3702,1-280222,107.461,0
10843-12701,1-350,349.684,0
10511-9101,1-214286,307.528,1
10846-6102,1-607739,188.857,1
11753-12702,1-78013,102.088,0
10220-1902,1-146605,185.389,1
7981-3701,1-115851,276.264,1
12518-12701,1-2125,148.208,2
10508-6101,1-175865,131.112,0
11831-12705,1-576555,456.582,0
10511-3703,1-214312,312.247,1
10501-1901,1-299960,114.154,2
10500-6102,1-300293,168.326,1
11744-9102,1-459275,122.679,0
10225-6102,1-36298,107.089,2
8133-12701,1-377718,230.747,1
10499-3703,1-585313,204.896,1
10516-3704,1-60707,94.854,0
11824-3702,1-368816,189.776,1
11977-6104,1-324562,441.718,1
10226-1902,1-36585,98.262,0
10225-1902,1-36447,177.698,1
10510-3701,1-189075,207.165,1
11006-3701,1-456788,86.603,0
7961-6102,1-547564,209.303,1
7993-3704,1-42248,94.499,0
7965-3704,1-179600,84.942,0
10513-6104,1-54457,300.948,1
10512-1902,1-77006,102.75,0
10495-1902,1-45690,224.794,1
8327-12702,1-250894,144.304,0
10497-12704,1-412407,319.882,0
10503-12702,1-80034,94.754,2
10510-1901,1-189283,85.157,0
10842-3702,1-181028,119.525,0
11954-9102,1-152334,104.027,0
10498-12705,1-585315,94.019,2
10214-3704,1-136508,256.96,1
10510-9102,1-189083,214.554,0
11941-12701,1-135139,139.642,0
11744-3703,1-412207,187.806,0
12487-9102,1-605700,93.529,0
11006-12703,1-575151,98.881,0
8089-1901,1-120920,156.917,1
8148-12705,1-164064,326.372,0
11978-3702,1-294674,162.899,1
10496-12705,1-72416,203.343,1
11018-1902,1-151780,149.229,1
12518-6101,1-2456,118.542,0
12066-9101,1-26135,298.136,0
10841-6102,1-54576,100.866,0
11748-9101,1-386744,94.449,0
10512-12704,1-77024,287.292,1
11824-1901,1-83415,120.216,2
8327-6102,1-285994,162.43,0
12070-12701,1-27987,165.946,1
10499-9101,1-230790,412.12,0
11748-3702,1-386963,87.326,0
10213-6102,1-72572,264.035,1
8321-9102,1-403797,104.167,0
11953-12704,1-283635,173.093,1
10513-9101,1-54492,73.422,2
10507-1902,59-76,13.316,0
10499-6102,1-299684,114.006,0
10843-6104,1-701,150.286,0
12514-6104,1-10550,430.295,1
10838-12703,1-301386,87.272,0
10843-1902,1-803,194.385,1
8133-12702,1-377875,332.921,0
11749-6103,1-605788,92.663,0
11018-12704,1-233951,101.554,0
12067-9101,1-26853,142.249,1
8087-3704,1-637978,316.209,1
8148-6102,1-145791,91.926,0
8324-3704,1-285048,125.53,2
12518-9101,1-2742,124.808,0
11752-6101,1-605920,294.026,0
8091-6102,1-39396,166.72,1
8091-12701,1-39376,234.182,1
11833-3703,1-176123,126.536,0
11838-1902,1-609044,146.7,0
10220-3704,1-201970,296.032,1
9495-12701,1-383662,187.672,1
9495-12702,1-383414,188.235,1
9495-12703,1-298490,65.561,0
9495-12704,1-298347,69.66,0
9495-12705,1-605106,62.109,2
9495-1901,1-298498,68.304,0
9495-1902,1-298361,88.997,0
9495-3701,1-383464,68.822,0
9495-3702,1-298319,95.719,0
9495-3703,1-383698,184.697,1
9495-3704,1-383484,168.802,1
9495-6101,1-298482,67.706,0
9495-6102,1-383459,96.408,0
9495-6103,1-298466,187.883,1
9495-6104,1-605047,170.047,0
9495-9101,1-298366,469.884,1
9495-9102,1-298360,97.438,0
9496-12701,1-229615,122.056,0
9496-12702,1-229614,187.967,1
9496-12703,1-229705,188.235,0
9496-12704,1-298273,128.94,0
9496-12705,1-298311,186.16,1
9496-1901,1-604923,79.869,0
9496-1902,1-298310,189.454,1
9496-3701,1-382889,122.348,0
9496-3702,1-556811,63.769,0
9496-3703,1-298308,174.517,1
9496-3704,1-556851,285.314,1
9496-6101,1-383380,69.114,0
9496-6102,1-229606,67.081,0
9496-6103,1-298367,172.187,1
9496-6104,1-604956,125.885,2
9496-9101,1-298280,366.455,2
9496-9102,1-298298,129.647,2
11760-1902,1-283903,206.026,1
10516-6101,1-60570,132.082,0
8328-12704,1-286265,179.872,1
10509-9102,1-278209,436.057,1
10512-9101,1-76996,227.316,1
8245-6104,1-464294,137.666,0
12083-3703,1-116828,361.509,0
11016-6104,1-320543,203.465,1
10223-6101,1-35897,87.876,0
11010-12705,1-518536,133.545,0
10214-12705,1-548428,332.063,0
10222-12704,1-50607,288.178,1
8096-12703,1-580927,72.504,2
10513-9102,1-54587,552.218,0
12069-3703,1-27218,449.077,1
10500-3702,1-300318,216.75,1
10494-12704,1-352569,320.63,0
9498-12701,1-556699,98.426,0
9498-12702,1-229660,187.442,1
9498-12703,1-163668,208.431,1
9498-12704,1-163666,190.601,1
9498-12705,1-217752,185.67,1
9498-1901,1-217824,189.717,1
9498-1902,1-229699,97.583,0
9498-3701,1-217733,305.518,0
9498-3702,1-217859,250.561,2
9498-3703,1-556749,124.698,0
9498-3704,1-217782,206.043,1
9498-6101,1-217662,121.98,0
9498-6102,1-298217,217.526,1
9498-6103,1-217842,80.212,2
9498-6104,1-217828,190.772,1
9498-9101,1-604832,307.73,2
9498-9102,1-217732,189.528,0
9499-12701,1-604935,64.765,0
9499-12702,1-604902,178.243,1
9499-12703,1-145679,158.253,0
9499-12704,1-163963,105.955,0
9499-12705,1-556677,181.238,0
9499-1901,1-163876,190.075,1
9499-1902,1-604940,113.852,0
9499-3701,1-163709,209.357,1
9499-3702,1-217876,117.399,0
9499-3703,1-217887,67.893,0
9499-3704,1-218096,112.375,0
9499-6101,1-163789,189.979,0
9499-6102,1-218102,114.339,0
9499-6103,1-218047,296.883,1
9499-6104,1-604912,119.04,0
9499-9101,1-164052,117.096,0
9499-9102,40-10,450.738,0
8092-9101,1-40721,242.412,1
7965-6104,1-179747,248.958,2
10506-9101,1-232033,101.965,0
10222-9101,1-50628,155.14,1
8314-3701,1-200241,209.765,1
10516-12702,1-607106,192.627,0
10495-1901,1-45281,226.149,1
8087-12703,1-119819,162.521,1
10511-6103,1-213731,311.342,1
11963-9102,1-336095,142.013,0
8095-3702,1-41700,121.759,2
8075-6103,1-119911,554.019,2
8093-3703,1-41258,154.067,2
8148-3701,1-145958,280.058,1
10218-3703,1-383171,122.88,0
10495-9101,1-45641,223.583,0
11006-1901,1-591128,106.914,0
10511-6101,1-76593,111.699,0
10514-9101,1-78077,96.965,0
12083-12705,1-116725,110.172,0
7961-12703,1-547535,120.841,0
12078-3703,1-35528,165.591,1
10514-12705,1-77704,100.801,2
11946-12705,1-135738,253.519,0
10506-6103,1-232168,98.306,0
12487-12703,1-605711,160.28,2
8321-12701,1-403623,101.768,0
12511-1902,1-53662,218.553,1
8079-3704,1-36854,96.816,0
8096-12701,1-42313,75.672,0
10511-3701,1-76417,122.569,0
8245-9102,1-464310,322.642,1
8260-3701,1-281900,190.116,0
10837-9102,1-61630,169.45,0
11011-3701,1-320614,299.641,0
10516-6104,1-78868,122.317,0
10225-6101,1-36448,162.107,1
8075-12705,1-599562,91.387,0
8075-12704,1-119566,304.138,0
10517-12704,1-78636,57.637,0
10225-3704,1-36423,203.453,1
8088-1902,1-120793,172.854,1
10497-12705,1-412212,163.918,1
10225-12701,1-36456,174.349,1
10520-6101,1-79916,127.304,0
11758-9102,1-319795,529.334,2
10506-3704,1-231847,95.953,0
10516-12704,1-78783,188.333,1
11832-12705,1-233142,114.101,2
10499-3704,1-299845,115.894,0
10225-9102,1-36559,89.525,0
9503-12701,1-229731,124.473,0
9503-12702,1-229820,192.679,1
9503-12703,1-556689,67.344,0
9503-12704,1-217978,195.359,1
9503-12705,1-604984,71.908,0
9503-1901,1-217931,83.185,0
9503-1902,1-229890,176.358,1
9503-3701,1-556680,196.317,0
9503-3702,1-218019,173.861,1
9503-3703,1-217962,528.022,0
9503-3704,1-229879,183.935,1
9503-6101,1-229811,231.374,1
9503-6102,1-229862,125.454,0
9503-6103,1-217999,180.305,0
9503-6104,1-229878,180.86,1
9503-9101,1-556679,251.0,1
9503-9102,1-218060,112.944,0
9504-12701,1-146283,322.736,1
9504-12702,1-164258,80.941,0
9504-12703,1-146452,320.91,1
9504-12704,1-164370,203.124,0
9504-12705,1-164359,,0
9504-1901,1-164265,199.692,1
9504-1902,1-164256,362.631,1
9504-3701,1-164336,204.217,1
9504-3702,1-556494,79.71,2
9504-3703,1-164405,85.971,0
9504-3704,1-164244,200.028,1
9504-6101,1-164351,300.012,1
9504-6102,1-164352,84.616,0
9504-6103,1-146265,92.796,0
9504-6104,1-164367,85.519,0
9504-9101,1-146266,172.428,1
9504-9102,1-556492,532.737,1
8240-12702,1-72814,539.157,1
8089-12703,1-39090,416.731,1
10501-6103,1-231135,216.143,1
7961-9101,1-177951,414.436,0
8328-1902,1-592574,117.393,0
10511-9102,1-605502,243.262,0
11824-12705,1-83430,119.98,0
8088-1901,1-577296,143.582,0
8148-12702,1-145823,278.912,0
7965-12705,1-635478,249.795,1
10837-6104,1-61698,273.97,0
10222-3704,1-50472,317.931,1
10493-6101,1-351913,333.203,1
10514-6101,1-54999,209.585,1
10221-12702,1-298600,,0
8310-1902,1-516580,126.454,2
8327-3703,1-250769,232.102,2
7993-6102,1-42209,284.269,0
10841-3704,1-54606,97.544,0
7963-6104,1-179151,103.232,0
10513-3702,1-53987,71.542,0
8314-1901,1-248544,162.063,1
8314-6102,1-200287,159.31,1
8324-3703,1-285155,506.988,2
8097-1902,1-42708,67.941,0
11872-12705,1-150371,271.526,1
10508-1901,1-175605,76.156,0
10496-3702,1-548653,106.776,0
11009-9102,1-456675,87.314,0
8093-6103,1-40936,159.213,0
10513-3701,1-605823,111.584,0
10513-12701,1-54225,223.931,0
11011-6101,1-197638,304.413,1
11012-3702,1-245235,172.363,1
8093-6102,1-40973,218.172,1
11742-9102,1-154031,127.41,2
7963-6103,1-179223,196.546,1
11754-12702,1-52991,184.507,1
11946-9102,1-564521,165.956,0
11016-12704,1-196804,113.861,2
7961-1901,1-178035,126.601,0
8093-6101,1-40980,222.67,0
8075-9102,1-119640,300.793,1
11024-3704,1-159289,89.875,0
12512-3701,1-585712,127.867,2
7979-3701,1-115401,105.593,0
10506-1901,1-231865,180.487,1
12084-1902,1-117177,326.55,1
8157-3701,1-41762,110.965,2
10498-6104,1-385828,210.994,1
10220-6104,1-202008,167.417,0
12094-6103,1-40414,229.781,1
8093-9102,1-41158,144.849,0
10511-12704,1-213726,242.962,1
8087-12701,1-570432,111.673,0
8157-6101,1-41971,180.175,0
10213-12705,1-72456,134.354,0
8079-3702,1-36980,179.184,1
8240-12704,1-72870,545.443,1
10512-12705,1-76911,114.623,0
10515-3704,1-78353,129.036,0
12512-3702,1-245,153.213,0
7978-12701,1-562804,463.446,0
10506-3702,1-232167,99.353,0
10511-3704,1-76425,121.714,0
11952-3702,1-325250,138.859,2
8260-3702,1-281351,214.203,1
11831-1901,1-624268,102.896,0
12511-3703,1-53660,404.947,2
10514-3704,1-55075,371.443,1
11826-9101,1-620558,102.17,0
10214-3701,59-65,75.849,0
12488-6102,1-300145,204.455,1
10508-1902,1-576031,290.085,1
11748-12702,1-585501,90.966,0
7981-3703,1-636441,159.069,0
10507-1901,1-175153,109.509,2
11744-3702,54-80,70.712,0
11742-6101,1-154024,252.124,0
7993-1901,1-42198,115.367,0
8092-1902,1-40883,159.597,1
8148-1901,1-201351,117.72,0
12071-3703,1-637021,117.34,0
11956-3704,1-151914,99.51,0
11744-3704,1-459273,124.744,0
8093-1902,1-41408,105.109,0
10496-6102,1-72402,100.952,0
7961-3704,1-547552,204.403,1
7981-6104,1-116340,335.828,0
11955-12705,1-195266,123.926,2
11752-3704,1-54939,363.395,1
7965-3702,1-550893,443.836,1
12084-12703,1-117169,104.548,0
12080-12704,1-35655,198.639,1
12483-3703,1-405509,149.238,1
10214-12704,1-605051,336.135,0
8079-1901,1-36870,105.403,2
8093-12705,1-41356,91.243,0
8148-6101,1-146016,266.922,1
11955-12704,1-195761,364.988,1
7965-9101,1-179355,340.774,1
8324-3701,1-259952,151.192,0
9511-12701,1-213414,195.845,2
9511-12702,1-213815,209.533,1
9511-12703,1-213614,117.788,0
9511-12704,1-605353,196.37,0
9511-12705,1-76519,206.788,0
9511-1901,1-213603,61.12,2
9511-1902,1-559875,132.76,2
9511-3701,1-213435,123.901,0
9511-3702,1-213464,307.146,1
9511-3703,1-213825,198.423,2
9511-3704,1-213820,114.253,0
9511-6101,1-76518,206.678,1
9511-6102,1-213422,125.18,2
9511-6103,1-213651,198.169,0
9511-6104,1-213402,196.529,1
9511-9101,1-76561,321.763,1
9511-9102,1-76534,436.933,0
10221-3702,1-229965,229.818,1
10500-12704,1-231628,239.994,1
11017-9102,1-319390,245.722,1
10502-1902,1-230910,89.558,0
10501-12703,1-585349,136.241,2
11836-3703,1-1216,274.833,0
7993-12701,1-581847,172.909,0
8097-3701,1-42274,75.273,0
11954-3701,1-152292,166.946,1
11953-12701,1-283039,163.889,1
12514-1901,1-67018,102.216,0
10223-6102,1-35912,174.567,0
11953-9101,1-258899,132.108,2
10217-9102,1-604885,67.639,2
8248-9102,1-481051,309.661,1
11977-3702,1-325727,194.571,1
8314-6101,1-248634,159.33,2
9513-12701,1-41864,66.759,0
9513-12702,1-42585,109.54,0
9513-12703,1-42874,329.284,0
9513-12704,1-41833,185.855,1
9513-12705,1-41771,196.828,1
9513-1901,1-42626,89.545,0
9513-1902,1-41918,136.057,2
9513-3701,1-42867,108.412,2
9513-3702,1-42862,111.598,0
9513-3703,1-41982,344.231,1
9513-3704,1-41829,189.04,1
9513-6101,1-581166,89.876,0
9513-6102,1-41843,163.937,1
9513-6103,1-42899,112.048,0
9513-6104,1-42583,137.585,0
9513-9101,1-42896,197.654,1
9513-9102,1-42588,188.07,1
9514-12701,1-42176,205.242,1
9514-12702,1-42078,391.363,1
9514-12703,1-42177,204.461,1
9514-12704,1-42199,112.526,0
9514-12705,1-42030,177.064,1
9514-1901,1-42214,253.535,2
9514-1902,1-42247,123.785,2
9514-3701,1-42082,248.259,1
9514-3702,1-603212,107.568,0
9514-3703,1-42193,112.999,2
9514-3704,1-42195,113.606,0
9514-6101,1-42141,106.041,0
9514-6102,1-603378,246.838,1
9514-6103,1-42192,110.996,2
9514-6104,1-42238,283.135,1
9514-9101,1-41746,249.103,1
9514-9102,1-42227,111.714,0
9862-12701,1-455941,81.952,0
9862-12702,1-456867,87.164,0
9862-12703,1-456987,102.064,0
9862-12704,1-456920,90.529,0
9862-12705,1-456907,112.098,2
9862-1901,1-456594,94.474,2
9862-1902,1-456933,99.132,0
9862-3701,1-456960,108.797,2
9862-3702,1-456931,115.572,0
9862-3703,1-456980,101.583,0
9862-3704,1-623641,104.172,0
9862-6101,1-456372,88.101,0
9862-6102,1-456721,106.676,2
9862-6103,1-456617,110.255,0
9862-6104,1-623684,110.371,0
9862-9101,1-456958,107.166,0
9862-9102,1-623930,95.128,0
8152-12704,1-232106,63.131,0
10503-12703,1-587259,118.154,0
10509-6102,1-588259,107.261,0
8089-3701,1-120677,225.401,1
10492-12703,1-584822,112.211,0
11016-1901,1-576467,283.548,1
10213-3702,1-44971,552.97,1
8321-12704,1-624479,100.626,0
8096-3704,1-42705,72.835,0
10520-3703,1-79747,124.714,0
11871-12704,1-455634,88.947,0
10511-12701,1-76456,119.73,0
8095-6101,1-41597,461.182,0
10510-12701,1-189134,246.501,0
10508-3704,1-576079,344.718,1
10501-12705,1-300189,140.357,1
8314-12701,1-569214,131.809,0
11954-1902,1-152306,113.863,0
10498-12703,1-299474,341.749,2
10500-9101,1-231694,220.18,0
11021-12702,1-195861,74.654,0
8079-3703,1-36903,190.099,0
10218-6101,1-382557,375.439,1
11021-1902,1-547738,139.143,0
10510-12703,1-241291,77.152,0
12490-9102,1-138167,,1
11979-12701,1-270519,152.743,2
12514-9102,1-625206,153.671,0
11747-3701,1-585149,109.689,0
10506-3701,1-231870,95.767,0
10511-12703,1-213922,380.267,1
11020-6101,1-196234,76.579,0
10517-3702,1-78665,181.835,1
8245-12705,1-464069,320.708,1
10221-12701,1-229777,175.449,1
12087-9101,1-117313,157.893,1
7980-3701,1-596699,112.806,0
12511-12701,1-53212,213.311,1
10501-9101,1-231080,531.236,1
12518-12705,1-2511,133.501,0
8097-3702,1-42463,184.195,1
11753-12705,1-55091,86.131,0
12068-12705,1-27295,240.755,1
12483-12704,1-394046,96.587,2
12518-9102,1-2912,81.649,0
10223-3701,1-35650,180.454,0
8095-9102,1-41506,380.578,2
11824-3704,1-369277,294.849,1
10499-9102,1-299476,341.588,1
8260-6103,1-257903,155.715,1
10217-6104,1-458738,424.453,1
9866-12701,1-271967,219.384,2
9866-12702,1-271724,131.88,0
9866-12703,1-323860,130.601,2
9866-12704,1-272009,134.195,0
9866-12705,1-272289,241.756,1
9866-1901,1-271697,136.674,2
9866-1902,1-272299,130.121,2
9866-3701,1-271717,205.84,1
9866-3702,1-271959,382.516,1
9866-3703,1-323420,201.451,1
9866-3704,1-272265,243.27,1
9866-6101,1-271795,243.352,1
9866-6102,1-272266,375.161,1
9866-6103,1-271708,63.072,2
9866-6104,1-323475,138.771,0
9866-9101,1-560743,374.131,1
9866-9102,1-272298,131.596,2
9867-12701,1-197772,158.339,1
9867-12702,1-197552,129.403,2
9867-12703,1-246252,161.444,1
9867-12704,1-197842,129.955,0
9867-12705,1-198093,305.051,0
9867-1901,1-198052,157.614,1
9867-1902,1-198163,111.754,0
9867-3701,1-197573,208.622,1
9867-3702,1-197579,157.134,1
9867-3703,1-198173,153.585,1
9867-3704,1-631655,120.114,2
9867-6101,1-197630,380.933,1
9867-6102,1-198001,109.289,0
9867-6103,1-197788,528.839,1
9867-6104,1-197773,128.74,0
9867-9101,1-197736,161.405,2
9867-9102,1-197780,126.399,2
8324-3702,1-285081,113.788,2
10218-12705,1-604875,68.925,0
10498-3701,1-385544,223.132,0
11867-12703,1-53660,404.947,2
10218-9102,1-412191,66.696,0
11021-3702,1-195690,102.931,0
10214-9102,1-153556,546.719,1
7980-1902,1-115650,114.969,0
11744-6102,1-584723,66.116,0
11747-6101,1-299337,108.412,0
7961-9102,1-178052,194.005,1
7993-12703,1-42031,247.01,0
10493-9102,1-352156,101.747,0
10508-9102,1-150965,555.757,1
8248-1902,1-481671,363.176,0
10498-1901,59-68,91.422,0
8328-12701,1-286729,261.823,1
8089-12701,1-120728,77.659,0
11946-6104,1-135727,504.725,1
10515-3702,1-181975,253.139,1
7978-12705,1-115341,388.983,2
11824-6102,1-593533,118.485,0
11955-12702,1-195349,339.966,1
12511-12702,1-548687,476.321,2
8088-3702,1-120619,448.045,0
11980-3701,1-273054,190.764,1
11744-6101,1-459622,125.854,0
12511-3704,1-53417,216.109,1
10221-9101,1-229796,152.999,0
12068-6102,1-27327,233.901,0
8095-3701,1-42381,117.847,0
12082-9102,1-36732,162.702,1
12483-12701,1-401058,137.862,0
11749-1902,1-300607,114.288,2
12488-9102,1-300105,114.632,0
7963-12701,1-178908,195.715,1
10213-1902,1-122611,203.885,2
8148-3703,1-201470,238.25,1
8152-3702,1-232104,175.177,1
8310-9101,1-495825,211.918,1
8097-6102,1-42255,142.999,1
12484-6103,1-415430,157.025,1
10511-6102,1-214291,245.898,1
10498-1902,1-299561,375.557,1
10506-6102,1-231892,101.554,0
8075-6102,1-571505,374.443,1
11983-9101,1-23229,329.113,1
10513-12705,1-54506,110.93,0
10512-6103,1-77030,112.987,0
10495-3703,1-45694,231.211,1
8327-6103,1-285506,249.004,2
7981-3704,1-115798,349.665,1
10223-3702,1-35973,157.892,1
11012-1902,1-245270,175.475,1
8092-3704,1-40700,229.085,1
12487-1902,1-386932,113.52,2
10218-9101,1-412131,72.428,0
12069-12704,1-27482,164.375,0
8087-9102,1-118977,84.736,0
8248-6103,1-481286,425.819,2
11016-3703,1-196806,339.016,1
10214-1902,1-153402,93.843,0
7980-12704,1-115335,112.304,0
8097-12703,1-42548,283.94,1
7961-12702,1-177959,123.849,0
8152-3701,1-300969,74.963,0
10500-6103,1-567465,262.62,1
12491-6103,1-62034,109.445,2
10502-12704,1-230850,205.351,1
8310-12703,1-495795,310.888,1
11744-12705,1-459215,337.316,1
10496-6104,1-154281,237.644,0
10497-6104,1-383050,188.472,1
10220-6101,1-146543,313.685,1
11017-12704,1-319668,108.973,0
8148-9102,1-145802,113.401,0
11978-6104,1-294387,132.176,0
10496-12702,1-122623,254.65,0
7961-3703,1-547568,199.309,0
7993-3703,1-42233,155.81,1
8092-1901,1-601940,189.325,1
8148-12701,1-201548,328.425,1
11980-6101,1-273282,150.128,0
11759-6101,1-80,93.765,0
10838-6102,1-585698,86.567,0
9873-12701,1-456758,99.702,0
9873-12702,1-623451,107.963,2
9873-12703,1-623416,104.648,0
9873-12704,1-456550,103.605,0
9873-12705,1-456623,108.01,0
9873-1901,1-623608,95.832,0
9873-1902,1-456361,103.691,0
9873-3701,1-456568,107.344,2
9873-3702,1-456556,114.888,2
9873-3703,1-456864,88.099,0
9873-3704,1-457194,92.818,0
9873-6101,1-456929,90.024,0
9873-6102,1-456909,103.335,2
9873-6103,1-456853,100.546,0
9873-6104,1-623655,82.662,2
9873-9101,1-456614,111.105,0
9873-9102,1-457208,103.291,2
9874-12701,1-404264,83.441,0
9874-12702,1-456861,,0
9874-12703,1-456957,117.051,2
9874-12704,1-404292,92.218,0
9874-12705,1-456672,84.86,0
9874-1901,1-456668,111.268,0
9874-1902,1-457006,117.219,0
9874-3701,1-591253,96.973,0
9874-3702,1-404306,106.807,0
9874-3703,1-623640,94.47,0
9874-3704,1-456716,100.723,0
9874-6101,1-456952,76.298,0
9874-6102,1-456896,101.407,2
9874-6103,1-456972,108.722,2
9874-6104,1-457160,101.302,0
9874-9101,1-623985,110.993,0
9874-9102,1-404358,84.136,2
9875-12701,1-456600,114.287,2
9875-12702,1-456889,82.13,0
9875-12703,1-404160,107.946,2
9875-12704,1-404293,255.91,1
9875-12705,1-457231,96.341,0
9875-1901,1-456832,80.781,0
9875-1902,1-456299,104.312,2
9875-3701,1-456615,103.86,2
9875-3702,1-456905,100.877,0
9875-3703,1-456955,100.482,0
9875-3704,1-456640,84.658,0
9875-6101,1-456828,123.877,2
9875-6102,1-456580,82.286,0
9875-6103,1-404242,101.821,2
9875-6104,1-623605,55.216,2
9875-9101,1-456884,78.7,0
9875-9102,1-624022,94.401,0
8324-9101,1-284292,122.916,0
12491-3702,1-61949,167.796,1
12084-12705,1-117020,116.485,0
10515-6102,1-560087,356.751,2
7979-6101,1-115254,323.238,0
10518-12704,1-607451,384.997,1
8310-6104,1-495356,128.976,0
11021-12704,1-195917,161.172,1
10507-6102,1-280245,111.316,0
7963-9102,1-179208,99.727,2
11970-6102,1-333429,190.527,0
7981-12701,1-116022,453.485,0
11824-9101,1-368956,120.244,0
10511-12702,1-76419,455.888,1
11954-12702,1-152316,67.21,2
11970-3703,1-334206,376.844,1
8321-6104,1-403672,133.272,2
9877-12701,1-623330,104.54,0
9877-12702,1-456573,109.173,2
9877-12703,1-624291,103.501,2
9877-12704,1-456627,92.689,0
9877-12705,1-456694,82.769,0
9877-1901,1-623662,88.364,0
9877-1902,1-456976,83.654,0
9877-3701,1-456287,102.795,2
9877-3702,1-456564,108.405,0
9877-3703,1-457172,90.496,0
9877-3704,1-456557,86.325,0
9877-6101,1-456703,103.307,2
9877-6102,1-457197,79.181,0
9877-6103,1-456565,86.008,0
9877-6104,1-456956,70.537,0
9877-9101,1-456794,101.902,2
9877-9102,1-456859,106.518,0
9878-12701,1-457977,107.598,0
9878-12702,1-457614,296.733,1
9878-12703,1-457790,157.111,1
9878-12704,1-626306,106.026,0
9878-12705,1-458007,266.894,1
9878-1901,1-591700,127.702,0
9878-1902,1-458011,107.283,0
9878-3701,1-522679,259.184,2
9878-3702,1-591690,71.636,2
9878-3703,1-457602,103.614,0
9878-3704,1-457562,143.566,1
9878-6101,1-522568,142.322,0
9878-6102,1-522651,264.578,1
9878-6103,1-457771,100.472,2
9878-6104,1-568594,269.325,1
9878-9101,1-458047,161.494,1
9878-9102,1-457965,167.811,1
9879-12701,1-457424,244.792,1
9879-12702,1-457427,91.913,0
9879-12703,1-403619,89.102,0
9879-12704,1-568564,229.553,1
9879-12705,1-457321,57.297,0
9879-1901,1-457265,82.74,0
9879-1902,1-403617,89.953,0
9879-3701,1-457401,162.86,1
9879-3702,1-403613,97.362,0
9879-3703,1-457448,93.891,0
9879-3704,1-457386,91.452,0
9879-6101,1-401640,94.085,0
9879-6102,1-457054,144.63,0
9879-6103,1-403662,107.668,0
9879-6104,1-403609,111.814,2
9879-9101,1-624369,104.617,0
9879-9102,1-457402,104.899,0
9880-12701,1-591276,107.678,0
9880-12702,1-457185,78.182,0
9880-12703,1-404199,,2
9880-12704,1-624109,110.53,0
9880-12705,1-456996,87.711,2
9880-1901,1-456625,89.246,0
9880-1902,1-456969,109.373,0
9880-3701,1-591200,81.122,0
9880-3702,1-456981,117.495,0
9880-3703,1-457149,79.727,0
9880-3704,1-457201,94.375,0
9880-6101,1-456649,108.876,0
9880-6102,1-457211,91.722,0
9880-6103,1-456989,97.802,0
9880-6104,1-457156,104.207,0
9880-9101,1-591263,,2
9880-9102,1-457238,101.131,0
8079-9101,1-603795,99.968,2
8152-1901,1-301273,96.198,0
10846-1902,1-1437,141.975,0
8091-6103,1-39627,165.851,1
8314-3703,1-248249,140.084,0
11021-9101,1-195704,127.729,0
8321-1901,1-404397,101.342,2
8310-6103,1-495023,97.196,0
8310-3703,1-516559,219.144,1
8096-9101,1-602760,477.865,0
11017-12702,1-319380,521.716,1
10505-6103,1-231900,195.811,1
10507-9102,1-280728,136.309,0
10502-12703,1-230972,213.423,1
11011-12701,1-576534,295.789,1
8321-3704,1-403585,233.883,1
9882-12701,1-523032,119.283,0
9882-12702,1-523221,192.805,2
9882-12703,1-422947,126.675,2
9882-12704,1-537083,100.076,0
9882-12705,1-537118,120.756,0
9882-1901,1-568619,130.617,2
9882-1902,1-568611,122.527,0
9882-3701,1-523031,127.961,0
9882-3702,1-537081,334.795,1
9882-3703,1-523056,121.068,2
9882-3704,1-627331,115.043,0
9882-6101,1-523058,123.988,2
9882-6102,1-523039,116.475,2
9882-6103,1-422912,126.776,0
9882-6104,1-422897,119.457,0
9882-9101,1-523057,130.423,2
9882-9102,1-537120,230.603,1
10498-9102,1-385834,413.076,0
7979-9102,1-115275,279.568,1
8324-6103,1-576535,116.944,2
12069-12705,1-27599,234.421,1
11835-6103,1-82673,126.298,2
11018-1901,1-576554,117.623,2
8089-3703,1-572184,549.675,1
10499-12703,1-299781,337.486,0
11939-6104,1-456331,106.141,0
8245-3702,1-462966,134.221,0
12514-3701,1-67037,324.4,0
7979-3704,1-115437,109.762,0
8097-9102,1-42329,286.912,1
12490-12704,1-138401,170.762,1
10497-12701,1-383145,,0
12081-9102,1-35849,85.467,0
8314-3704,1-248618,137.006,0
9884-12701,1-319961,252.615,1
9884-12702,1-319977,248.604,0
9884-12703,1-196310,240.386,1
9884-12704,1-196274,65.471,0
9884-12705,1-196630,211.699,1
9884-1901,1-196277,501.047,0
9884-1902,1-196737,531.928,0
9884-3701,1-196372,125.13,0
9884-3702,1-196327,408.982,1
9884-3703,1-196267,277.3,1
9884-3704,1-196637,124.616,0
9884-6101,1-576458,236.808,0
9884-6102,1-196655,525.062,0
9884-6103,1-196720,385.26,1
9884-6104,1-196714,495.17,1
9884-9101,1-196331,260.809,1
9884-9102,1-196523,530.188,0
9885-12701,1-376122,176.066,1
9885-12702,1-442322,62.241,0
9885-12703,1-376116,178.78,0
9885-12704,1-376117,171.085,1
9885-12705,1-376334,140.938,0
9885-1901,1-376102,100.75,0
9885-1902,1-442354,190.382,1
9885-3701,1-442359,189.057,1
9885-3702,1-375718,170.991,1
9885-3703,1-376346,132.239,0
9885-3704,1-376347,132.035,2
9885-6101,1-442338,174.155,1
9885-6102,1-442358,192.24,0
9885-6103,1-376132,106.087,0
9885-6104,1-376330,136.08,0
9885-9101,1-442983,77.64,0
9885-9102,1-442076,175.626,1
9886-12701,1-441573,98.865,0
9886-12702,1-375869,175.39,1
9886-12703,1-317062,94.888,0
9886-12704,1-375964,95.314,0
9886-12705,1-633344,136.304,0
9886-1901,1-375679,136.74,0
9886-1902,1-317099,288.516,1
9886-3701,1-594067,93.025,0
9886-3702,1-317589,91.757,0
9886-3703,1-317100,292.764,0
9886-3704,1-594081,136.473,0
9886-6101,1-375434,136.137,0
9886-6102,1-317060,94.568,0
9886-6103,1-375678,136.45,0
9886-6104,1-317575,171.277,1
9886-9101,1-375801,101.122,0
9886-9102,1-375863,138.323,0
9887-12701,1-559160,128.39,2
9887-12702,1-264422,374.659,0
9887-12703,1-297266,298.67,2
9887-12704,1-633396,311.381,0
9887-12705,1-264375,302.781,1
9887-1901,1-297219,337.061,1
9887-1902,1-264349,317.786,0
9887-3701,1-264482,139.251,2
9887-3702,1-264427,130.976,0
9887-3703,1-264944,369.382,2
9887-3704,1-264886,328.682,1
9887-6101,1-264865,325.155,0
9887-6102,1-594053,130.498,0
9887-6103,1-264920,140.7,2
9887-6104,1-633475,320.814,0
9887-9101,1-264890,358.324,2
9887-9102,1-561335,341.333,0
8088-12705,1-120750,108.095,0
10510-3703,1-241570,263.49,1
10515-3701,1-78343,88.085,0
10497-3704,1-412393,71.004,0
11761-1902,1-151831,159.344,1
8088-9102,1-120803,155.085,0
10501-1902,1-300238,218.707,1
10515-12701,1-78358,282.445,1
10509-12701,1-278136,108.305,0
8152-9102,1-301193,210.166,0
7961-6104,1-547531,191.816,1
10214-3703,1-153696,344.309,2
8088-6102,1-120651,450.187,1
10518-6102,1-182818,133.11,0
10502-6103,1-230956,114.561,0
11871-12703,1-623440,281.179,0
11749-3701,1-387439,203.729,1
9889-12701,1-439699,375.397,1
9889-12702,1-633191,143.214,2
9889-12703,1-375445,328.385,1
9889-12704,1-375635,186.184,1
9889-12705,1-375452,391.523,1
9889-1901,1-375609,173.769,1
9889-1902,1-440292,98.223,0
9889-3701,1-440254,146.923,0
9889-3702,1-439740,146.313,0
9889-3703,1-375532,374.1,0
9889-3704,1-439736,146.247,0
9889-6101,1-440356,137.085,2
9889-6102,1-440301,70.304,0
9889-6103,1-375061,144.854,0
9889-6104,1-375502,142.869,1
9889-9101,1-439760,144.879,0
9889-9102,1-375625,327.053,1
9890-12701,1-315503,326.751,1
9890-12702,1-316437,263.767,1
9890-12703,1-263718,271.898,0
9890-12704,1-632868,271.677,1
9890-12705,1-316607,154.531,1
9890-1901,1-316277,151.328,0
9890-1902,1-316583,154.392,1
9890-3701,1-315494,440.508,2
9890-3702,1-315462,230.359,0
9890-3703,1-316482,270.936,1
9890-3704,1-315931,228.871,1
9890-6101,1-263694,229.509,0
9890-6102,1-316593,270.4,1
9890-6103,1-263747,258.706,1
9890-6104,1-633021,275.132,1
9890-9101,1-315799,222.424,1
9890-9102,1-632854,268.671,0
7981-12702,1-116283,278.566,0
10223-3703,1-36098,106.511,0
8089-6102,1-38985,,1
10507-3704,1-280256,80.512,0
8321-6102,1-457251,99.233,0
8240-12703,1-123171,432.011,2
7993-1902,1-603309,113.574,0
10514-6104,1-78021,103.128,0
10496-6101,1-154273,117.188,0
10494-12701,1-352403,262.703,0
12512-12703,1-216,214.493,1
7978-3701,1-115388,300.106,1
10506-6101,1-300672,103.251,0
11836-12704,1-1186,92.587,0
11952-9102,1-325432,144.073,1
10515-1902,1-78291,103.288,0
10843-12703,1-1037,164.726,1
9892-12701,1-294986,173.779,1
9892-12702,1-295059,243.853,1
9892-12703,1-295107,191.982,1
9892-12704,1-295044,258.705,1
9892-12705,1-295062,159.176,1
9892-1901,1-294999,174.505,1
9892-1902,1-294778,145.544,1
9892-3701,1-295463,259.236,0
9892-3702,1-295446,179.416,1
9892-3703,1-295093,244.766,1
9892-3704,1-294923,163.636,1
9892-6101,1-295070,159.331,0
9892-6102,1-295411,160.058,0
9892-6103,1-295041,240.088,1
9892-6104,1-295025,213.755,1
9892-9101,1-295374,255.036,1
9892-9102,1-295128,155.332,1
9893-12701,1-325663,220.969,1
9893-12702,1-324605,201.389,1
9893-12703,1-324658,157.425,0
9893-12704,1-326095,158.872,1
9893-12705,1-324762,168.21,1
9893-1901,1-324637,159.819,1
9893-1902,1-324790,166.846,1
9893-3701,1-324619,131.312,2
9893-3702,1-324633,164.371,1
9893-3703,1-326103,158.725,0
9893-3704,1-325913,133.531,2
9893-6101,1-324624,267.237,1
9893-6102,1-325918,178.711,1
9893-6103,1-324635,164.219,0
9893-6104,1-326102,153.537,1
9893-9101,1-324738,199.733,0
9893-9102,1-324789,161.509,1
9894-12701,1-294489,100.373,0
9894-12702,1-294319,225.886,1
9894-12703,1-294633,136.242,2
9894-12704,1-294327,250.653,1
9894-12705,1-294344,99.149,0
9894-1901,1-294387,132.175,0
9894-1902,1-294335,99.843,0
9894-3701,1-294356,100.157,0
9894-3702,1-294376,133.026,2
9894-3703,1-294332,98.874,0
9894-3704,1-294189,227.982,1
9894-6101,1-294355,248.516,1
9894-6102,1-294166,99.024,0
9894-6103,1-294369,99.689,0
9894-6104,1-294374,150.024,0
9894-9101,1-294459,491.969,1
9894-9102,1-550782,99.664,0
10507-6103,1-174690,227.111,1
12512-12701,1-229,,0
11832-6104,1-233250,171.805,1
8075-12703,1-119929,178.815,1
10493-1901,1-352045,134.367,2
11939-3702,1-456742,118.531,2
8093-12704,1-602324,189.238,2
8093-3701,1-41133,158.748,1
8096-1902,1-42285,77.133,0
10510-12704,1-189584,16.36,0
10510-9101,1-188593,86.118,0
10512-12702,1-605611,114.269,0
12080-3703,1-35270,174.474,1
10218-12703,1-382273,192.895,0
10517-6104,1-182358,92.758,0
10500-6104,1-300493,452.442,2
10497-9101,1-412264,409.982,0
8321-12705,1-624536,84.192,0
8324-12703,1-284971,209.912,1
12622-1902,1-420769,104.825,0
11950-6103,1-249539,228.947,1
11949-12701,1-211790,132.065,0
11981-3701,1-294140,94.897,0
11950-12704,1-249458,,1
12772-12701,1-33082,,0
12089-3703,1-118369,176.632,1
12088-6103,1-118054,,0
11949-6104,1-560934,468.055,1
11960-1901,1-496457,222.359,1
7959-6102,1-177358,131.344,0
12772-9101,1-33215,79.988,0
12769-9101,1-107452,265.586,0
11969-6104,1-364846,183.794,1
12090-3701,1-118294,263.123,1
11965-9102,1-335448,137.59,0
11948-3704,1-249735,165.556,1
12769-6104,1-31237,77.215,0
12621-3703,1-591979,144.139,0
12651-12703,1-325181,402.522,0
11015-3702,1-456492,98.021,0
12678-6101,1-97022,315.781,1
12620-12703,1-419266,72.14,2
11951-6104,1-211956,387.357,1
12769-6103,1-107505,411.759,1
11976-3701,1-444980,166.218,0
12620-3702,1-625510,250.476,0
11968-12702,1-631993,207.08,1
11015-6104,1-404186,100.818,0
12675-6104,1-564486,468.512,0
12088-6104,1-118142,174.169,1
12622-6101,1-419255,74.529,0
12495-1902,1-61694,94.814,0
12652-6102,1-270492,192.68,0
12696-6104,1-32696,189.503,0
12772-12702,1-203688,419.646,0
7959-1901,1-177610,158.466,1
12683-3701,1-212820,363.049,0
11967-1901,1-335441,132.855,2
12667-9102,1-211545,136.552,0
12667-12702,1-211165,389.571,1
12085-1901,1-116972,164.389,1
12674-1902,1-594491,144.221,0
12685-9101,1-98401,146.394,2
12085-12701,1-117343,,0
11969-6103,1-364507,202.129,1
12675-9101,1-249386,468.176,0
11968-3704,1-632016,193.895,1
12696-12703,1-32715,195.647,1
12085-3702,1-117026,161.513,1
11950-3703,1-250251,136.827,0
11940-6101,1-200911,136.887,1
12085-6102,1-117401,444.147,1
12684-3703,1-98388,329.748,0
11949-3701,1-564536,470.717,1
11976-12702,1-594224,164.182,1
12673-6102,1-210385,141.588,0
12088-3703,1-118129,437.931,1
12772-3704,1-33039,79.433,0
11950-6104,1-250018,136.422,0
11947-3701,1-564538,391.115,0
11974-12705,1-336953,404.355,0
12621-9102,1-395780,195.636,1
12700-3704,1-120324,157.28,1
11981-12704,1-594878,133.796,0
11976-3704,1-444671,149.72,1
8654-3701,1-29240,151.978,1
12624-9102,1-406086,188.184,0
12769-3703,1-31432,178.425,0
11951-1901,1-212140,155.303,2
11940-6104,1-594544,133.194,0
11948-6102,1-249612,133.763,2
12084-1901,1-117086,122.716,0
12651-12702,1-543868,192.341,1
12489-1901,1-139929,76.582,0
11965-12705,1-335905,187.129,0
11947-12705,1-136034,138.462,0
12089-6103,1-118217,183.791,1
12090-6104,1-570537,170.442,0
12652-9101,1-273133,190.471,1
12769-3701,1-31020,337.286,0
12621-12701,1-420973,251.539,1
11960-12705,1-564656,285.447,1
12620-12704,1-421066,104.602,0
11015-12702,1-456879,99.284,0
11950-6102,54-35,,0
12684-6101,1-98542,506.45,0
12651-9102,1-325088,186.07,0
12495-12704,1-61653,,1
11949-3703,1-176444,129.038,0
12624-12702,1-395813,189.669,1
11968-6101,1-334508,320.146,1
12700-3701,1-120061,500.07,1
11960-1902,1-336849,213.587,1
12696-3701,1-32643,175.14,1
11967-6102,1-335331,152.285,1
12489-6104,1-140248,367.221,0
12089-1901,1-118202,177.107,0
12651-6103,1-543583,195.391,1
12085-6103,1-117014,115.877,0
11974-6103,1-498583,173.646,1
12495-12701,1-79774,,1
12620-12702,1-575229,250.313,0
12651-6102,1-543810,220.116,1
12685-12702,1-109836,194.897,1
11976-6101,1-546482,150.277,0
11015-6103,1-403702,110.639,2
12679-12702,1-97236,453.807,0
12621-6101,1-591967,191.392,2
12489-3702,1-63552,170.4,1
12674-9101,1-248992,194.947,1
12667-1902,1-211563,415.306,1
12085-6104,1-117437,372.54,0
11948-12705,1-249704,385.092,0
12673-9102,1-135104,120.894,2
11951-12705,1-211944,252.194,1
12489-12705,1-140345,96.588,0
12696-12702,1-32223,194.907,2
12651-6104,1-325590,277.254,1
12652-12704,1-273244,191.739,1
11969-9101,1-364175,416.345,1
11940-12704,1-249049,135.613,0
11950-3702,1-564581,301.339,0
11947-6102,1-135927,250.916,0
12667-6104,1-211513,157.595,1
11967-12703,1-335046,227.363,0
11960-9101,1-336885,173.104,1
12621-12705,1-406037,138.445,0
12769-12702,1-31212,261.855,0
12700-3702,1-120162,92.307,0
12651-12704,1-325522,403.46,2
11949-9102,1-211814,222.927,1
12495-3701,1-61707,,0
12088-6101,1-570530,164.29,0
11960-6101,1-336406,280.255,1
11940-9101,1-248688,310.61,0
8654-3703,1-29721,366.708,1
12700-9102,1-120331,170.291,1
11015-12701,1-457162,111.393,2
12685-3702,1-110095,244.1,2
8654-12705,1-29549,,1
12696-12701,1-32708,188.482,0
11968-9102,1-632201,141.992,2
11981-6101,1-293932,141.394,2
12696-9101,1-107935,192.13,1
12769-12705,1-31376,180.743,1
11974-1902,1-336913,151.865,1
12684-3702,1-212876,361.83,1
12489-9101,1-140383,292.669,2
12684-12705,46-219,464.643,0
12682-1902,1-596378,223.048,1
11949-6101,1-211625,282.516,1
11981-3703,1-294015,196.909,0
12622-12705,1-421238,69.984,2
12651-12701,1-543357,222.341,1
11968-1902,1-364842,188.894,1
11968-1901,1-364189,183.698,1
12495-3702,1-79756,,1
11976-12704,1-546250,163.73,0
11981-12701,1-294261,87.281,0
11948-6103,1-564591,511.205,0
12090-6103,1-598278,177.363,0
12674-12702,1-210898,73.768,0
12622-1901,1-419213,313.048,2
12683-12704,1-212811,82.392,0
11968-3703,1-334736,189.006,1
12624-3704,1-406107,171.991,1
12674-3702,1-210779,132.886,0
12679-1902,1-97348,122.198,2
12622-3702,1-591689,161.601,0
12622-3701,54-75,90.582,0
8654-12701,1-106961,237.949,2
12673-3703,1-135159,141.468,0
12685-6101,1-109860,239.141,0
12624-3703,1-406028,163.952,1
12621-3701,1-395682,197.072,1
12673-12701,1-210365,504.923,1
12682-3701,1-635653,376.274,0
11949-3704,1-211633,226.98,1
11951-3702,1-249695,224.126,1
12088-3704,1-118109,553.514,0
11949-1901,1-249929,,0
12772-6103,1-33453,184.138,1
11947-12704,1-136044,131.998,0
12673-6103,1-135573,122.284,2
11981-12702,1-594816,86.738,2
12652-9102,1-550792,199.211,0
12624-6103,1-415842,445.619,0
12620-9102,1-421128,102.544,0
12652-12701,1-270365,135.574,0
12624-6102,1-415764,153.174,1
11948-12702,1-249663,163.636,1
12489-3701,1-63616,284.846,2
12620-6102,1-401566,98.325,0
7959-12704,1-177624,132.704,0
12089-12702,1-117882,132.363,0
12673-12704,1-135535,121.35,0
11948-12701,1-249892,166.688,1
12696-3704,1-32661,177.39,1
12678-12701,1-96659,107.715,0
11950-9102,1-250009,404.746,0
12621-1902,1-415883,110.51,2
12089-9102,1-118349,170.217,1
12683-12702,46-196,487.778,0
12622-12702,41-281,70.22,0
12679-9102,1-97179,266.039,2
12652-6103,1-270462,234.36,1
12683-6101,1-212222,214.48,1
11976-9101,1-445042,183.281,1
12089-3702,1-598275,187.334,1
11951-6102,1-211994,390.473,0
12678-9102,1-97030,324.523,1
12667-6103,1-634095,129.337,0
12675-6101,1-249190,513.222,2
12088-3702,1-117771,468.486,1
12495-3703,1-61727,96.037,0
11950-12705,46-251,504.35,0
12678-6102,1-96712,237.924,0
12495-3704,1-61841,277.812,0
12088-12703,1-117998,182.122,1
8654-12702,1-29571,99.554,0
11949-1902,1-176448,124.344,2
8654-6102,1-29679,247.688,1
11940-12701,1-249021,131.942,2
11968-3701,1-631998,202.631,1
11968-12703,1-364880,146.926,1
11967-12705,1-593860,184.074,1
11948-9102,1-249736,169.388,1
12624-12703,1-420709,255.049,1
12495-6103,1-80414,290.238,1
12489-12703,1-617758,97.74,2
12678-3701,1-96669,322.954,0
11968-3702,1-334549,306.455,1
11960-3704,1-336436,282.291,1
12085-12703,1-117465,154.143,0
11974-12704,1-336890,,1
12621-3702,1-421027,199.464,1
12674-3703,1-633985,113.278,2
11015-6101,1-456563,100.094,0
12667-6101,1-249009,144.942,0
11965-12702,1-335253,147.072,1
12621-6102,1-395824,162.648,1
12683-6103,1-212516,288.244,1
12651-6101,1-543598,226.193,1
11965-1901,1-335174,130.056,2
12772-12705,1-33337,76.704,0
12683-6104,1-212471,351.787,0
12085-12705,1-117342,167.581,1
11974-9102,1-633466,296.475,0
11940-12703,1-249145,479.316,1
11950-9101,1-250245,330.401,2
12667-3703,1-135772,396.97,1
11947-1902,1-135970,129.549,0
12652-6101,1-270308,151.059,0
12682-3702,1-98304,119.579,0
11976-6103,1-446231,129.767,0
12679-1901,1-96916,478.829,0
11965-3704,1-365004,178.638,1
8654-9101,1-29577,284.995,1
11951-3704,1-250319,250.835,1
11949-3702,1-135971,126.872,2
7959-12705,1-178084,130.175,0
12674-12703,1-210719,140.417,0
11015-3703,1-404136,94.418,0
11981-3704,1-294241,222.59,0
12674-3701,1-210793,120.502,2
12621-6103,1-415931,111.765,0
12675-12704,1-211400,94.926,0
12675-3703,1-211547,159.436,1
12620-1902,1-421010,187.369,1
12089-3704,1-118358,186.49,2
12679-6102,1-96886,274.276,1
12685-12705,1-110165,249.267,1
12674-1901,1-594481,127.482,0
11968-12705,1-364875,180.939,1
12772-1901,1-33220,76.553,0
7959-9101,1-177635,332.391,0
12683-12703,1-635755,247.297,0
11950-1901,1-324358,222.132,0
12684-6102,1-212898,497.079,1
11969-6101,1-364324,186.117,1
11948-6101,1-249808,170.59,1
11968-12704,1-335271,143.47,0
12620-3704,1-395713,155.073,1
12678-3702,1-96834,118.936,0
11976-12705,1-446290,131.467,0
12067-3702,1-26641,383.075,1
11974-12701,1-336777,298.987,1
12682-12703,1-212500,227.544,1
12489-6102,1-140369,297.567,1
7959-12702,1-634588,,0
12089-6101,1-118169,177.254,1
11949-12705,1-176385,235.961,1
11947-6103,1-136047,128.037,0
7959-3703,1-177495,129.875,0
12075-6103,1-601968,195.401,1
12673-12702,1-211080,121.712,2
12673-1902,1-135577,115.597,2
11947-6101,1-135983,391.649,0
8654-9102,1-29707,94.23,0
12624-1901,1-415904,71.601,0
12682-9101,1-635686,350.233,0
11015-3704,1-457187,100.533,2
11949-9101,1-564540,221.902,1
11974-6101,1-336908,238.784,1
11948-3702,1-249623,133.727,2
12679-9101,1-97311,484.799,1
11951-1902,1-212158,156.323,1
11948-1902,1-249730,159.527,1
12700-6104,1-120335,283.149,1
12682-6101,1-635712,480.458,0
12675-9102,1-249383,382.801,0
12651-3701,1-272871,91.373,0
12684-12704,1-212906,76.778,2
12620-6101,1-419040,104.218,0
11969-3701,1-560594,202.871,1
12090-6101,1-117966,174.322,1
12684-12703,1-98636,274.93,0
12678-12704,1-96668,409.517,1
12684-6103,1-212911,359.125,0
11981-6103,1-294262,177.839,1
12084-3702,1-117091,125.031,0
12088-1902,1-117984,175.148,1
12489-3703,1-139814,87.226,2
12696-1902,1-32697,187.082,1
12088-9102,1-118418,109.489,0
11948-12704,1-249904,219.267,1
12682-9102,1-212401,219.469,1
11969-12702,1-364167,178.18,0
12090-3703,1-118543,541.166,1
12495-9102,1-79770,226.866,1
12684-1901,1-212813,217.828,1
11968-9101,1-364389,157.961,1
11947-12703,1-136027,99.773,0
12622-12704,1-421784,67.032,0
12700-3703,1-120509,322.466,1
12495-9101,1-61513,392.175,1
12075-3702,1-33848,178.177,1
11947-3702,1-211368,128.63,0
12674-3704,1-210780,111.584,2
12772-6102,1-33003,,0
11960-12702,1-336336,146.903,2
12696-3702,1-107844,184.245,0
12682-6103,1-212392,213.79,1
12089-1902,1-118491,74.26,0
12685-6104,1-109924,237.781,1
12089-12703,1-118444,191.563,1
11015-3701,1-456845,100.09,0
12085-3704,1-116990,106.357,0
12067-6103,1-26768,355.839,0
8654-12704,1-29666,335.186,1
11981-6102,1-634404,148.251,0
12489-12701,1-63597,169.783,1
12090-12703,1-118223,169.563,1
12682-6102,1-212330,487.338,1
12674-6103,1-594477,127.812,0
12089-3701,1-118382,178.308,0
12621-9101,1-420986,234.122,1
12700-12704,1-599807,76.207,0
12652-12705,1-270339,161.496,1
11974-3703,1-633383,169.087,2
11965-6104,1-335172,151.523,0
11967-12704,1-334781,315.568,1
11940-9102,1-249088,139.934,0
12624-3702,1-415777,116.61,0
11948-1901,1-249766,154.1,1
12674-12705,1-210694,149.839,1
12089-12705,1-118326,255.948,1
12675-12705,1-211756,339.966,0
11950-12702,1-250143,230.038,1
12700-12702,1-120100,76.918,0
12089-12701,1-118449,181.518,1
12624-6104,1-415768,170.235,0
11965-6102,1-335376,127.474,0
7959-1902,1-177460,133.347,2
12685-1902,1-639484,242.482,1
12678-6104,1-97067,508.701,1
11960-9102,1-564644,278.298,0
11950-12701,1-634109,,1
12696-3703,1-32623,175.818,1
12622-3703,1-421988,164.489,1
11940-3702,1-200895,141.92,0
12678-3703,1-96953,504.297,2
12700-6101,1-120103,78.66,0
12651-12705,1-634208,145.75,0
12678-12702,1-96709,,2
12696-6103,1-32786,176.995,2
12621-12704,1-575215,155.339,0
12700-6103,1-120538,,1
12090-12705,1-118373,467.45,1
12085-12702,1-117419,106.477,0
12682-12702,1-212402,119.169,0
12622-3704,1-421808,104.51,0
12489-12704,1-140368,507.207,0
11967-12701,1-335307,155.811,1
11015-9102,1-456940,139.465,2
11015-12703,1-404401,102.026,0
11974-6102,1-337230,177.873,1
7959-3704,1-177397,327.378,0
8654-1901,1-29656,170.556,1
12089-12704,1-118325,174.67,0
12090-12701,1-118433,182.463,1
11951-3701,1-212005,152.249,1
12679-12701,1-96897,219.415,1
7959-3701,1-177659,140.245,0
12696-12704,1-32796,184.212,1
11948-9101,1-249641,218.556,1
12088-12702,1-117864,165.581,1
12621-12702,54-18,115.619,0
11965-3703,1-335141,156.923,0
11976-1902,1-446229,126.014,2
11940-12705,1-594564,145.837,0
12621-1901,1-420979,71.817,0
12673-6104,1-135092,145.805,0
12769-12701,1-30887,139.833,2
11981-1901,1-294016,141.954,1
11940-6103,1-200856,137.637,0
12495-6102,1-79764,114.808,0
11940-3703,1-249024,212.389,1
12673-9101,1-210903,131.871,0
12085-6101,1-117381,150.631,0
12620-1901,1-591742,96.955,0
12685-3704,1-109872,234.828,1
12089-6104,1-598372,191.419,0
12679-12705,1-97191,121.775,0
12685-1901,1-109909,392.217,1
11951-9101,1-211925,364.625,0
11015-1901,1-456509,100.4,0
11969-1901,1-333771,193.025,1
11960-6103,1-497734,148.29,0
12772-9102,1-33508,189.106,1
11967-3701,1-632581,145.517,0
11965-3701,1-365011,198.194,1
12651-3703,1-325456,218.222,1
12667-12701,1-211525,132.364,0
12085-12704,1-636870,157.529,0
11968-6104,1-364935,198.53,1
12667-9101,1-211327,522.422,1
11951-9102,1-250343,256.376,2
12684-12702,1-212861,238.999,1
11947-9102,1-135911,135.083,0
12673-1901,1-210747,117.096,0
11974-6104,1-560607,407.816,1
12772-1902,1-33049,80.528,2
12683-6102,1-212706,291.477,0
12075-1901,1-108257,188.793,1
8654-6103,1-29692,503.899,1
8654-6104,1-107040,279.819,0
11940-1901,1-200912,128.368,2
11947-1901,1-136024,102.156,2
12674-6101,1-210759,125.657,0
12679-12704,1-97372,229.72,0
12769-1901,1-30632,262.13,1
11981-6104,1-273422,189.083,0
12622-9102,1-421842,179.07,0
12674-6104,1-210956,138.48,1
12067-1901,1-26634,112.936,2
11949-6103,1-564537,273.537,0
12652-1901,1-273107,145.21,2
11968-12701,1-364526,187.924,1
11950-3704,1-250071,233.386,1
12651-1902,1-325577,185.202,1
12769-3704,1-31369,246.509,0
12679-3701,1-97176,121.106,0
11948-6104,1-249226,132.283,0
11015-1902,1-456628,103.733,0
11976-6104,1-446257,157.04,1
11981-1902,1-293928,139.573,1
12495-6104,1-61820,,1
12700-6102,1-120269,185.191,1
12685-12701,1-109679,214.328,1
12685-3701,1-635851,245.626,1
12667-3704,1-211544,133.561,0
12673-6101,1-210388,132.947,2
11948-12703,1-634132,131.538,0
8654-3704,1-29610,100.41,0
12667-3702,1-211292,386.536,1
11969-1902,1-364539,205.473,1
12772-3701,1-33036,81.774,0
12700-12701,1-120050,77.679,0
11940-1902,1-249062,141.111,0
12090-12704,1-570549,175.109,2
11967-6104,1-335584,501.177,2
12679-6103,1-635476,285.685,1
12624-9101,1-591892,235.411,1
11960-12701,1-336461,162.629,0
11951-3703,1-212161,154.268,1
12495-12703,1-80437,280.615,0
11960-3701,1-336458,174.637,1
11969-12701,1-363508,230.074,0
7959-3702,1-211872,101.536,0
11974-12703,1-497670,370.184,2
12679-6101,1-97296,296.323,1
12624-12704,1-415975,168.54,1
11965-12701,1-365037,193.961,1
11969-12704,1-364204,321.279,0
12673-3702,1-135060,119.517,2
12682-12705,1-212420,208.483,1
12682-12701,1-98034,462.95,1
12088-1901,1-118008,177.916,1
11965-3702,1-335380,128.358,2
12090-3704,1-118288,175.378,0
7959-12703,1-177478,132.684,0
12679-12703,1-97189,122.54,0
12679-3702,1-97120,171.027,1
12624-12701,1-626483,67.424,0
12620-9101,1-401502,101.084,0
12685-3703,1-109934,213.1,1
8654-6101,1-29590,152.828,0
12696-12705,1-32827,186.243,1
11965-6103,1-593789,151.149,1
12489-3704,1-63641,279.63,1
12682-1901,1-212462,208.593,0
12652-3701,1-273162,151.637,1
11967-3703,1-334776,226.46,1
12684-3701,1-212626,246.559,0
12685-6103,1-110139,244.628,1
11974-9101,1-337228,181.626,1
12090-6102,1-117936,172.392,1
11940-3704,1-200932,143.298,2
12085-9102,1-116989,118.316,0
12675-3702,1-211544,133.561,0
12651-3704,1-550884,61.164,0
12678-9101,54-79,110.965,0
12651-9101,1-272881,188.972,2
11960-3702,1-336867,229.93,2
12089-9101,1-117978,175.706,0
11949-12702,1-564539,129.285,0
11965-12703,1-335102,187.293,1
12769-1902,1-551226,,0
12769-6102,1-31160,263.158,0
11947-12702,1-211370,442.901,0
11940-3701,1-200905,142.384,0
11974-3702,1-497602,276.659,0
12090-1902,1-117892,182.643,1
12674-12701,1-210822,134.709,2
12683-9101,1-212274,257.262,1
12682-12704,1-596366,217.25,1
11948-3703,1-249779,263.129,1
12088-3701,1-597772,172.241,0
12652-12702,1-270359,196.629,1
12696-9102,1-107841,187.245,1
11949-12703,1-135941,251.834,1
11976-3703,1-546345,151.323,1
11940-6102,1-249079,136.523,0
11981-3702,1-294260,143.919,1
12772-3702,1-32881,261.168,1
12683-12705,1-596390,83.914,0
11960-6104,1-497686,147.78,0
11976-3702,1-545973,160.815,0
8654-1902,1-29745,92.52,0
12675-3701,1-249224,158.859,2
12684-9101,1-98505,485.665,0
12684-12701,1-212586,253.971,1
12489-9102,1-63963,512.118,0
11947-12701,1-564535,240.533,1
12622-12703,1-421889,214.321,1
12678-12703,1-639465,381.691,0
12090-1901,1-117981,113.044,0
11976-9102,1-633849,163.673,0
12085-3703,1-570482,430.09,0
12489-6103,1-139868,97.09,0
11951-6101,1-212061,280.677,1
12674-9102,1-210790,127.772,2
12682-3704,1-98061,339.91,1
11950-12703,1-250192,381.015,1
12620-6104,1-401748,202.521,1
11967-9101,1-335328,151.289,0
11969-3702,1-364513,139.75,0
12652-3704,1-273036,235.276,0
12489-1902,1-63527,167.827,1
11951-12701,1-250479,228.118,1
12769-9102,1-31375,187.585,1
11969-6102,1-364559,135.702,0
12090-3702,1-117925,171.295,1
7959-12701,1-177434,143.105,0
12624-3701,1-415754,184.295,1
12696-1901,1-601561,273.307,0
7959-6104,1-177923,258.528,0
12700-1902,1-120019,159.653,2
11951-12703,1-634233,161.493,1
12088-12701,1-117730,168.7,1
12667-12703,1-135742,250.915,2
11015-12704,1-457182,95.105,0
11981-12703,1-273366,216.524,1
12682-6104,1-596385,212.395,0
12651-3702,1-550883,190.225,1
11968-6103,1-334462,148.568,1
12495-6101,1-80416,113.901,0
12651-1901,1-543595,97.585,0
12772-6104,1-108143,188.93,1
12652-3703,1-273275,197.819,1
11976-1901,1-545946,160.169,1
12090-9102,1-118520,540.594,1
11950-1902,1-564585,379.234,2
11974-12702,1-337116,237.107,1
12683-3702,1-212393,240.686,1
11015-6102,1-456847,103.617,0
12088-9101,1-118083,171.595,0
7959-6101,1-177336,226.377,0
12685-12704,1-109808,262.511,1
12620-12705,1-395668,194.27,1
11947-6104,1-136128,256.217,1
12090-9101,1-118304,171.063,1
12622-6102,1-421782,68.006,0
11969-12705,1-593707,175.404,1
12683-1901,1-212693,222.923,0
12684-9102,1-98529,241.888,0
12683-1902,1-98506,213.776,1
12675-1901,1-249292,,0
8654-3702,1-29599,100.368,0
12621-3704,1-395699,158.248,1
11960-12703,1-336486,154.081,0
8654-12703,1-29751,,1
12684-1902,1-98558,339.226,1
11967-3704,1-335450,183.67,1
12088-12705,1-117946,111.473,0
11951-6103,1-212136,353.639,1
12700-12703,1-599614,158.244,0
12683-12701,1-212498,215.566,0
12678-6103,1-97016,,1
12620-3701,1-591692,97.29,0
11947-3704,1-135949,133.67,2
12679-3703,1-97312,238.266,1
12084-6103,1-116908,345.571,1
12772-6101,1-32576,80.027,0
12673-3701,1-210702,126.192,0
12667-6102,1-211491,133.239,0
12675-12701,1-249206,132.843,0
12667-1901,1-211177,209.937,1
11967-3702,1-335059,191.576,1
12769-12703,1-31425,,0
12489-6101,1-63526,195.472,1
11981-9101,1-294237,127.576,2
12678-12705,1-97069,200.293,1
11965-9101,1-335268,142.087,0
12088-6102,1-118005,177.616,1
12679-6104,1-97180,267.195,2
12683-3703,1-212496,225.253,1
11969-9102,1-364863,187.207,1
12620-3703,1-626078,101.467,0
12700-12705,1-119975,78.719,0
12624-1902,1-415871,157.205,1
12769-6101,1-30993,417.47,1
12685-6102,1-109817,232.306,1
11967-6101,1-335427,140.95,1
12652-3702,1-270495,193.66,1
12495-12705,1-61812,177.257,0
12685-9102,1-109849,233.964,1
12673-12703,1-210415,127.418,0
12652-6104,1-273196,153.36,1
12696-6101,1-32701,175.633,0
12622-12701,1-625812,100.537,0
11960-3703,1-633283,171.533,0
12085-3701,1-117388,151.627,1
12675-12703,1-249258,385.353,1
11965-6101,1-560666,309.969,0
11976-6102,1-445027,156.675,1
12675-6102,1-249217,158.267,1
12620-6103,1-419023,102.922,2
11974-1901,1-336906,230.391,1
12088-12704,1-570532,108.405,0
11965-1902,1-335949,142.616,1
7959-9102,1-177625,133.669,0
12089-6102,1-598285,177.203,0
11967-1902,1-335454,148.318,0
11949-12704,1-211690,274.997,0
12667-12704,1-135773,390.17,2
12622-6104,1-422038,105.975,2
12622-6103,1-421160,108.324,2
12622-9101,1-419022,105.385,0
12621-12703,1-415848,146.234,0
12684-3704,1-635839,290.693,1
11967-6103,1-334827,475.419,0
11969-3703,1-334478,141.993,0
12675-12702,1-249204,238.684,1
12624-6101,1-592010,154.176,0
12675-3704,1-634132,131.538,0
12674-12704,1-210403,143.758,2
11015-12705,1-624081,98.621,0
12683-3704,1-639681,499.949,0
11974-3704,1-337237,167.687,1
11951-12704,1-211931,251.858,0
11965-12704,1-335239,306.926,1
12772-12704,1-108127,,0
12667-3701,1-594544,133.194,0
12769-3702,1-31193,,0
11950-3701,1-550868,389.154,0
12621-6104,1-415720,447.708,0
12085-9101,1-570629,201.979,1
11968-6102,1-363834,189.619,1
12678-1901,1-97033,,0
12085-1902,1-570633,223.509,1
11940-12702,1-249083,135.778,0
11950-6101,1-250008,151.516,0
12620-12701,1-401708,290.551,1
12679-3704,1-97184,123.895,2
12700-1901,1-120074,447.228,1
11015-9101,1-456587,95.856,0
11948-3701,1-249839,216.906,1
12652-12703,1-270440,148.709,0
12683-9102,1-212493,224.266,1
12495-1901,1-80160,81.769,0
12772-12703,1-551328,78.033,2
12675-6103,1-249366,384.014,1
12495-12702,1-61639,464.83,1
12667-12705,1-211519,139.812,0
12685-12703,1-110133,75.683,0
11967-9102,1-335527,94.69,0
12678-1902,1-96680,119.364,2
12684-6104,1-98574,240.139,1
12624-12705,1-627030,156.682,0
11981-12705,1-294092,234.648,0
11974-3701,1-337227,179.734,0
11947-9101,1-135964,137.038,0
12769-12704,1-30960,179.743,1
7959-6103,1-561117,144.63,0
11947-3703,1-135979,155.144,0
11951-12702,1-249703,225.043,1
12772-3703,1-33227,198.091,1
12696-6102,1-32691,180.664,1
11960-6102,1-336432,160.788,2
11967-12702,1-335446,182.719,1
12675-1902,1-211368,128.63,0
11981-9102,1-294090,223.414,1
12682-3703,1-212396,217.951,0
12678-3704,1-639466,323.792,1
12700-9101,1-120518,166.637,1
12673-12705,1-135475,120.734,0
11976-12701,1-545967,151.657,0
12673-3704,1-135056,124.92,2
11949-6102,1-211629,232.265,0
11960-12704,1-336690,149.487,0
12489-12702,1-63637,87.286,0
12090-12702,1-118337,169.299,1
11969-12703,1-363831,194.81,0
11976-12703,1-446242,142.781,0
11969-3704,1-364321,183.385,1
12674-6102,1-210890,135.385,0
12652-1902,1-634271,195.724,2
