{
  "lane_label": "M33-Corbelli source-native thick-disk reconstruction",
  "execution": "Hermes only; MOND not run",
  "status": "Format B reconstructed board; mass closure passed; overlay benchmark passed; annular thick-disk kernel provisionally frozen; bracketed Amber age lock",
  "N_points": 58,
  "g98_kms2_per_kpc": 2653.949886626496,
  "a_knee_kms2_per_kpc": 1585.0,
  "r_knee_kpc": 2.69,
  "sigma_int2": 386.0,
  "beta_max": 2.7426503731883605,
  "beta_floor": -0.3989422804014327,
  "phi_last": 0.5185609204461974,
  "phi_median": 0.6534430188313289,
  "phi_min": 0.19875468886235115,
  "phi_max": 0.9984553294314528,
  "gate_normalization": "median-zone curvature/shear normalization as in Hermes equation paper",
  "knee_rule": "first radius where gbar drops below a_knee; nearest fallback if no crossing",
  "results": [
    {
      "t50_Gyr": 6.0,
      "psi": 0.3413147708612118,
      "beta": 1.8342121193129324,
      "N_points": 58,
      "chi2": 181.29841470569997,
      "chi2_reduced": 3.1258347363051717,
      "pass_fail": "PASS / non-catastrophic",
      "median_abs_residual_kms": 29.897525516483363,
      "mean_abs_residual_kms": 31.653940412479503,
      "rms_residual_kms": 38.43485979776367,
      "mean_signed_residual_kms": -27.825834442561185,
      "median_signed_residual_kms": -29.897525516483363,
      "max_abs_residual_kms": 74.74093827756408,
      "fraction_model_under_observed": 0.7758620689655172,
      "outer_chi2_fraction": 0.8628867720513386,
      "outer_mean_residual_kms": -51.62161771665222,
      "max_required_beta_gate_open": 9.272813883806771,
      "max_required_beta_actual_gate": 15.686531092564536,
      "lane_label": "M33-Corbelli source-native thick-disk reconstruction",
      "age_lane": "Primary/source-native mass-weighted",
      "t50_sigma_Gyr": 1.2,
      "g98_kms2_per_kpc": 2653.949886626496,
      "r_knee_kpc": 2.69,
      "phi_last": 0.5185609204461974,
      "phi_median": 0.6534430188313289,
      "phi_min": 0.19875468886235115,
      "phi_max": 0.9984553294314528
    },
    {
      "t50_Gyr": 7.1,
      "psi": 0.40388914551910066,
      "beta": 1.6987561125673496,
      "N_points": 58,
      "chi2": 191.14698678599143,
      "chi2_reduced": 3.295637703206749,
      "pass_fail": "PASS / non-catastrophic",
      "median_abs_residual_kms": 31.387672282474732,
      "mean_abs_residual_kms": 32.39802262401976,
      "rms_residual_kms": 39.410203912297895,
      "mean_signed_residual_kms": -29.308827401871184,
      "median_signed_residual_kms": -31.387672282474732,
      "max_abs_residual_kms": 75.92917646835807,
      "fraction_model_under_observed": 0.8103448275862069,
      "outer_chi2_fraction": 0.862962916729982,
      "outer_mean_residual_kms": -53.04858465895725,
      "max_required_beta_gate_open": 9.272813883806771,
      "max_required_beta_actual_gate": 15.686531092564536,
      "lane_label": "M33-Corbelli source-native thick-disk reconstruction",
      "age_lane": "Conservative older-weighted bracket",
      "t50_sigma_Gyr": 1.3,
      "g98_kms2_per_kpc": 2653.949886626496,
      "r_knee_kpc": 2.69,
      "phi_last": 0.5185609204461974,
      "phi_median": 0.6534430188313289,
      "phi_min": 0.19875468886235115,
      "phi_max": 0.9984553294314528
    }
  ]
}